;meta[language=cleartext]
; id      |key(hex)|key(str)| text
    320960|00000000||ﻟﻦ أدﻋﮭﻢ ﯾﺄﺧﺬوﻧﻚ.
    320972|00000000||ﻟﻦ أدﻋﮭﻢ ﯾﺄﺧﺬوﻧﻚ، ھﻞ ﺗﻌﻠﻤﯿﻦ ذﻟﻚ؟
    320974|00000000||أﻋﻠﻢ.
    561082|00000000||ﯾﺠﺐ أن ﺗﺒﺘﻌﺪي ﻋﻦ اﻟﻤﺘﺎﻋﺐ واﻟﻤﺨﺎطﺮ.
    320982|00000000||ﻻ ﺗﻌﺎﻣﻠﻨﻲ ﻛﻄﻔﻠﺔ.
    320984|00000000||ﻟﻢ أﻋﺎﻣﻠﻚ ﻛﻄﻔﻠﺔ ﺣﺘﻰ ﻋﻨﺪﻣﺎ ﻛﻨﺖِ طﻔﻠﺔ ﺑﺎﻟﻔﻌﻞ.
    320986|00000000||ﺗﻌﺠﺒﻨﻲ اﺑﺘﺴﺎﻣﺘﻚ.
    320988|00000000||ﺗﻌﺎلَ ھﻨﺎ.
    320990|00000000||ﺳﯿﻜﻮن ﻛﻞ ﺷﻲء ﻋﻠﻰ ﻣﺎ ﯾﺮام.
    320964|00000000||إﻧﮭﻢ ﯾﻼﺣﻘﻮﻧﻚ. ﻓﻤﮭﻤﺎ ﺣﺪث، ﻻ ﯾﻤﻜﻦ أن ﺗﻌﺮﺿﻲ ﻧﻔﺴﻚ ﻟﻠﺨﻄﺮ.
    320966|00000000||ھﻞ ﺗﺮﯾﺪﻧﻲ أن أﺟﻠﺲ وأﻧﺘﻈﺮ ﻓﻲ ﻣﻜﺎﻧﻲ، ﺑﯿﻨﻤﺎ ﯾﺨﺎطﺮ اﻵﺧﺮون ﺑﺤﯿﺎﺗﮭﻢ ﻣﻦ أﺟﻠﻲ؟
    320968|00000000||أﻧﺼﺘﻲ إﻟﻰّ ھﺬه اﻟﻤﺮة - ﻻ ﺗﺘﻮﻟﻲ ﻣﺴﺆوﻟﯿﺔ ھﺬه اﻷﻣﻮر ﺑﻨﻔﺴﻚ.
    320958|00000000||ﺗﺬﻛﺮي، ﻻ ﯾﻤﻜﻦ أن ﺗﻌﺮﺿﻲ ﻧﻔﺴﻚ ﻟﻠﺨﻄﺮ.
    311661|00000000||أﻟﺪﯾﻚِ دﻗﯿﻘﺔ؟
    320956|00000000||واو. ﻻ ﺑﺪ أن اﻷﻣﺮ ﺟﺎد.
    520472|00000000||ﺳﺘﺒﺪأ اﻟﻤﻌﺮﻛﺔ ﻗﺮﯾﺒًﺎ.
    548190|00000000||ھﺎ ھﺎ ھﺎ!
    586567|00000000||ﻟﻘﺪ ﻛﻨﺖ ﻋﻠﻰ ﺣﻖ، ﻓﮭﺬا ﯾﻔﻠﺢ ﻓﻌﻼً.
    586570|00000000||ﺷﻜﺮًا.
    586572|00000000||أﺳﻌﺪ ﺑﺨﺪﻣﺘﻚ.
    586574|00000000||إذًا ﻣﺎذا ﺳﻨﻔﻌﻞ اﻵن؟
    586576|00000000||أﻋﺘﻘﺪ أﻧﻲ ﺳﺄذھﺐ ﻷرى أﯾﻦ ﺣﻜﯿﻤﻨﺎ اﻟﻌﺰﯾﺰ...
    548186|00000000||ھﺎ ھﺎ! ﻟﻘﺪ ھﺰم (ﺟﯿﺮاﻟﺖ) ﻣﻦ (رﯾﭭﯿﺎ)! أﻧﺖ ﺑﺤﺎﺟﺔ إﻟﻰ اﻟﻌﻤﻞ ﻋﻠﻰ ھﺬه اﻟﺤﯿﻞ.
    549111|00000000||ھﻞ أﻧﺖ واﺛﻘﺔ ﻣﻦ أﻧﻨﻲ ﻟﻢ أﻣﻜﻨﻚ ﻣﻦ اﻟﻔﻮز؟
    549151|00000000||ھﻞ أﻧﺖ واﺛﻖ ﻣﻦ أﻧﻚ ﻻ ﺗﻌﺎﻧﻲ ﻣﻦ ﺗﺒﻌﺎت اﻟﮭﺰﯾﻤﺔ ﻣﻦ ﻗﺒﻞ ﻣﺎﯾﺴﺘﺮُو ﺣﻘﯿﻘﻲ؟
    547898|07606bf7||أﻣﯿﻦ ﺧﺰاﻧﺔ
   1076927|00000000||ﻣﻮاﺟﮭﺔ (واﯾﻠﺪ ھﺎﻧﺖ)... ﺷﻲء أﻛﺜﺮ ﺣﺪة ﻗﻠﯿﻼً ﻣﻦ ﻣﻮاﺟﮭﺔ ﺣﺮب ﻋﺼﺎﺑﺎت.
    546798|00000000||ﺳﺄﺗﺪﺑﺮ ذﻟﻚ. ﻻ ﺗﻘﻠﻖ.
   1076925|00000000||(ﻓﯿﺲ)... ﻻ ﺗﻜﻦ ﻣﺠﻨﻮﻧًﺎ.
    572659|00000000||ﺳﻮء ﺗﻘﺪﯾﺮ اﻷﻣﻮر ھﻮ اﻟﻠﺬي ﺟﻠﺐ  ﻗﺎﺗﻞ اﻟﻤﻠﻮك إﻟﻰ ھﻨﺎ.
    301032|5a979acb||ﻣﺤﺎرب (اﻟﻮاﯾﻠﺪ ھﺎﻧﺖ)
    307008|103d66e3||أرﻧﺐ ﺑﺮيّ
    550116|00000000||ﻻ ﯾﮭﻤﻨﻲ!
    550129|00000000||ﻓﻲ اﻟﺤﻘﯿﻘﺔ، ﻻ أﻋﻠﻢ وﻻ ﯾﮭﻤﻨﻲ ﺣﻘًﺎ.
    550131|00000000||ﺑﻌﺪ ھﺬا اﻟﺘﺪرﯾﺐ ﻣﻊ (إﭬﺎﻻك)، ﻛﻨﺎ ﺳﻨﺬھﺐ إﻟﻰ (ﻧﻮﭬﯿﺠﺮاد)، أﺗﺬﻛﺮﯾﻦ ذﻟﻚ؟
    550133|00000000||ھﻨﺎك ﺗﻐﯿﯿﺮ ﻓﻲ اﻟﺨﻄﻂ. ﺳﯿﻜﻮن (إﻣﻠﯿﺮﯾﺚ) ﻓﻲ (ﺳﺒﺖ اﻟﺴﺎﺣﺮات)، وﺳﻨﻨﺎل ﻣﻨﮫ ھﻨﺎك.
    550139|00000000||ﻣﺎذا ﻗﺎل (إﭬﺎﻻك)؟
    550147|00000000||ﻟﻤﺎذا أﺷﻚ أن (إﭬﺎﻻك) ﻣﻦ ﻣﺸﺠﻌﻲ ھﺬه اﻟﻔﻜﺮة...؟
    550154|00000000||ھﻞ ﺗﺮاه ھﻨﺎ؟ ﻟﻘﺪ ﺗﺮﻛﺖ ﻟﮫ ﺧﻄﺎﺑًﺎ، ﺣﯿﺚ ﺳﻨﻨﻀﻢ إﻟﯿﮫ ﺛﺎﻧﯿﺔً ﻓﻲ (ﻧﻮﭬﯿﺠﺮاد).
    554385|00000000||ﻛﯿﻒ ﻋﻠﻤﺖِ ﺑﺸﺄن (ﺳﺒﺖ اﻟﺴﺎﺣﺮات)؟
    554387|00000000||ﻛﯿﻒ ﻋﻠﻤﺖِ ﻛﻞ ھﺬا؟ (إﻣﻠﯿﺮﯾﺚ)، (ﺳﺎﺑﺚ)...
    554388|00000000||(إﭬﺎﻻك). ﻟﻘﺪ أﺧﺒﺮﻧﻲ ﻋﻦ ھﺆﻻء اﻟﺬﯾﻦ ﯾﻄﺎردوﻧﻨﺎ. ﯾﺪﻋﻲ أن اﻟﻤﻌﺮﻓﺔ ﻧﻔﺴﮭﺎ ﺗﻘﻠﺐ اﻟﻤﻮازﯾﻦ.
    550164|00000000||ﺣﺴﻨًﺎ، ﻟﻨﺬھﺐ إﻟﻰ (ﭬﯿﻠﯿﻦ).
    550352|00000000||ﺗﻮﻟﻲ ﻗﯿﺎدة اﻟﻄﺮﯾﻖ.
    550212|00000000||ﻟﻮ ﻛﻨﺖ ﻣﻜﺎﻧﻚ ﻟﻤﺎ ذھﺒﺖ.
    550258|00000000||-ھﮫ- ﻻ ﯾﻨﺎﺳﺒﻚِ اﻟﻠﻮن اﻷﺳﻮد.
    550260|00000000||ﻣﺎذا ﺗﻌﻨﻲ؟
    550262|00000000||ھﻞ ﺗﻌﺘﻘﺪﯾﻦ أﻧﮫ ﯾﺮﯾﺪ ﻟﻘﺎءك ﻷﻧﮫ ﯾﻔﺘﻘﺪك؟ أﻋﺘﻘﺪ أن ﻟﺪﯾﮫ ﺧﻄﻄًﺎ ﻟﻚِ.
    550263|00000000||أف. ﻟﻘﺪ ﺗﻮﻗﻌﺖ ذﻟﻚ...
    550354|00000000||(ﺟﯿﺮاﻟﺖ)، ﻟﻘﺪ ﺳﺌﻤﺖ. ﻟﻦ أدع اﻵﺧﺮﯾﻦ ﯾﺘﺨﺬون اﻟﻘﺮار ﻟﻲ ﻣﻦ وراﺋﻲ. ﺳﻨﺬھﺐ إﻟﻰ (ﭬﯿﻠﯿﻦ).
    550235|00000000||ﻣﻦ اﻟﻤﺤﺘﻤﻞ أﻧﮫ ﯾﺮﯾﺪ اﻟﺘﺤﺪث إﻟﯿﻚِ ﻓﻘﻂ.
    550237|00000000||ﻛﯿﻒ ﯾﻤﻜﻨﻚ أن ﺗﻜﻮن ﻣﺘﺄﻛﺪًا ﻣﻦ ھﺬا؟ ﻣﺎذا ﻟﻮ أراد ﺷﯿﺌًﺎ أﻛﺜﺮ؟
    550239|00000000||ﻟﻘﺪ وﻋﺪﻧﻲ ﺑﺄﻻ ﯾﺠﺒﺮك ﻋﻠﻰ ﻓﻌﻞ أي ﺷﻲء.
    550246|00000000||إذًا ﯾﻨﺒﻐﻲ ﻋﻠﻲّ اﻟﺬھﺎب.
    550247|00000000||إﻧﮫ واﻟﺪك...
    550252|00000000||ﺗﻘﻊ (ﭬﯿﺰﯾﻤﺎ) ﻓﻲ طﺮﯾﻘﻨﺎ، وأﻋﺘﻘﺪ أﻧﮫ ﯾﻤﻜﻨﻨﺎ زﯾﺎرﺗﮭﺎ.
    550211|00000000||أﺟﻞ، ﯾﻨﺒﻐﻲ ﻋﻠﯿﻚِ ذﻟﻚ.
    550218|00000000||ﻋﻠﯿﻚِ اﺗﺨﺎذ ﻗﺮارك ﺑﻨﻔﺴﻚ.
    550220|00000000||ﻋﻠﯿﻚِ اﺗﺨﺎذ ﻗﺮارك ﺑﻨﻔﺴﻚ.
    550222|00000000||وﻟﻜﻨﻲ أرﯾﺪ ﻣﻌﺮﻓﺔ رأﯾﻚ. ھﻞ ﯾﻨﺒﻐﻲ أن أذھﺐ أم ﻻ؟
    550177|00000000||اﻧﺘﻈﺮي... ھﻨﺎك ﺷﻲء ﯾﺠﺐ أن أﺧﺒﺮك ﺑﮫ ﻗﺒﻞ اﻟﺬھﺎب.
    550179|00000000||ھﻞ ﺗﻌﻠﻤﯿﻦ أن اﻹﻣﺒﺮاطﻮر ﻛﺎن ﯾﺮﯾﺪ ﺣﻘًﺎ اﻟﻌﺜﻮر ﻋﻠﯿﻚِ؟
    550181|00000000||ذﻛﺮت (ﯾﻨﯿﻔﺮ) ذﻟﻚ.
    550183|00000000||إﻧﮫ ﯾﺮﯾﺪ ﻣﻨﻚِ زﯾﺎرﺗﮫ.
    550185|00000000||ﻟﻤﺎذا ﺗﺨﺒﺮﻧﻲ ﺑﮭﺬا اﻵن؟
    550194|00000000||ﻷﻧﮭﺎ ﻗﺪ ﺗﻜﻮن آﺧﺮ ﻓﺮﺻﺔ ﻟﺪﯾﻚِ ﻟﺮؤﯾﺔ... واﻟﺪك.
    550197|00000000||ھﻞ ﺗﻌﺘﻘﺪ أﻧﮫ ﯾﻨﺒﻐﻲ ﻋﻠﻲّ زﯾﺎرﺗﮫ؟
    550163|00000000||ﻋﻠﯿﻨﺎ زﯾﺎرة اﻹﻣﺒﺮاطﻮر أوﻻً.
    550162|00000000||ھﯿﺎ، ﺳﻨﺘﺤﺪث ﻓﻲ اﻟﻄﺮﯾﻖ.
    550135|00000000||(ﺳﯿﺮي)... ھﻞ أﻧﺖِ ﻣﺪرﻛﺔ ﺗﻤﺎﻣًﺎ ﻟﻤﺎ ﺳﺘﻘﺪﻣﯿﻦ ﻋﻠﯿﮫ؟
    550137|00000000||ﻧﻌﻢ. وﯾﺠﺐ ﻋﻠﻲّ ﻓﻌﻞ ذﻟﻚ.
    550138|00000000||ھﻞ أﻧﺖ ﻣﺪرﻛﺔُ ﻟﻤﺎ ﺗﻔﻌﻠﯿﻦ؟
    550141|00000000||ﻣﻦ أﯾﻦ ﺣﺼﻠﺖِ ﻋﻠﻰ ھﺬه اﻟﻔﻜﺮة؟ ﻣﺎذا ﯾﺪور ﻓﻲ ﺧﺎطﺮك؟
    550143|00000000||ﯾﺠﺐ أن أﻧﺘﻘﻢ ﻟـ (ﭬﯿﺴﯿﻤﯿﺮ).
    550145|00000000||ﺳﯿﻜﻮن اﻟﺤﺪث ﻓﺮﺻﺔ ﻣﻤﺘﺎزة. إﻣﻠﯿﺮﯾﺚ ﺳﯿﻜﻮن ﻣﺨﻤﻮراً و ﻣﻨﺸﻐﻼً ﺑﯿﻦ ﺣﺎﺷﯿﺘﮫ ﺑﺎﻻﺣﻨﻔﺎﻻت. ﻟﻦ ﯾﺘﻮﻗﻊ ھﺬا اﻟﮭﺠﻮم أﺑﺪاً!
    550123|00000000||ﻻ أﻋﻠﻢ، ﻣَﻦْ ھﻮ؟
    550125|00000000||(إﻣﻠﯿﺮﯾﺚ).
    550127|00000000||ﻟﻦ ﯾﻜﻮن ھﻨﺎك ﻓﺮﺻﺔ أﻓﻀﻞ ﻣﻦ ھﺬه ﻟﻠﻨﯿﻞ ﻣﻨﮫ.
    550115|00000000||ﻣَﻦْ ھﻮ؟
    549156|00000000||(ﺟﯿﺮاﻟﺖ)! (ﺟﯿﺮااااﻟﺖ)!
    549157|00000000||اﺳﺘﯿﻘﻆ!
    549160|00000000||ﻣﺎ... ﻣﺎذا؟ ﻣﺎذا ﯾﺤﺪث؟
    549162|00000000||اﻧﮭﺾ، ﯾﺠﺐ ﻋﻠﯿﻨﺎ اﻟﺬھﺎب. ﻟﻘﺪ ﺟﮭﺰت اﻟﺨﯿﻮل ﻟﻠﺮﺣﯿﻞ.
    549197|00000000||(ﺳﯿﺮي)... ﻻ زﻟﻨﺎ ﻋﻨﺪ ﺑﺰوغ اﻟﻔﺠﺮ. إﻟﻰ أﯾﻦ ﺗﺮﯾﺪﯾﻦ اﻟﺬھﺎب؟
    547528|00000000||إﻟﻰ (ﭬﯿﻠﯿﻦ)، ﺟﺒﻞ (ﺑﻮﻟﺪ). (ﺳﺒﺖ اﻟﺴﺎﺣﺮات) ﯾﺒﺪأ ﻓﻲ أﯾﺎمٍ ﻗﻠﯿﻠﺔ.
    550114|00000000||وﺧﻤﻦ ﻣﻦ ھﻮ ﺿﯿﻒ اﻟﺸﺮف.
    529751|00000000||ﻋﻮدي إﻟﻰ اﻟﻘﻠﻌﺔ ﯾﺎ (ﺳﯿﺮي)!
    529752|00000000||ﻻ!
    531828|00000000||ﻟﻘﺪ أﻋﻄﻰ (ﺟﯿﺮاﻟﺖ) اﻹﺷﺎرة!
    531830|00000000||أﻧﺎ ﻣﺴﺘﻌﺪة!
    543483|00000000||إﯾﻠﻲ أﺑﺎداﺑﺮا ﺳﺎﻧﻲ!
    543485|00000000||ﺗﯿﺘﺮاه... ﺗﯿﺘﺮاغ... ﺗﯿﺘﺮاﺟﻠﯿﺮ!
    543480|00000000||ﻟﻘﺪ رأﯾﺘﮭﺎ! اﺣﻢِ ظﮭﺮي!
    548151|00000000||أوه، ﺳﺄﻧﺎل ﻣﻨﻚ!
    548152|00000000||ﻟﻘﺪ ﺗﻘﺪم ﺑﻚ اﻟﺴﻦ! ﻛﻞ أھﺪاﻓﻚ ﺧﺎطﺌﺔ!
   1064962|00000000||ھﺎھﺎ! ﺳﺄوﺳﻌﻚ ﺿﺮﺑًﺎ!
    548150|00000000||ھﺎي، ھﺬا ﻏﺶ!
    565655|00000000||ﻧﺤﻦ ﻗﻼﺋﻞ ﻟﻠﻐﺎﯾﺔ.
    565707|00000000||ﻟﺴﻨﺎ ﻛﺜﯿﺮﯾﻦ. وﺑﺎﻟﻄﺒﻊ ﻗﻤﻨﺎ ﺑﺼﺪ اﻋﺘﺪاء (اﻟﻮاﯾﻠﺪ ھﺎﻧﺖ)، وﻟﻜﻦ ﻛﺎن ھﺬا ﻣﻌﺠﺰة، ﺑﻜﻞ ﺑﺴﺎطﺔ ووﺿﻮح. ﻟﻦ ﻧﻜﻮن ﻣﺤﻈﻮظﯿﻦ ﺟﺪًا ھﻜﺬا ﻓﻲ اﻟﻤﺮة اﻟﻘﺎدﻣﺔ.
    565709|00000000||ﺳﺎﻣﺤﻨﻲ ﯾﺎ (ﺟﯿﺮاﻟﺖ)، ھﺬا ھﺬﯾﺎن رﺟﻞ ﻣﻦ اﻟﻮاﺿﺢ أﻧﮫ ﻻ ﯾﻤﻜﻨﮫ ﺗﻤﺎﻟﻚ ﻧﻔﺴﮫ ﺑﻌﺪ ﺧﺴﺎرة ﻣﺄﺳﺎوﯾﺔ.
    565711|00000000||ﺗﺨﻠﺺ ﻣﻦ ھﺬه اﻷﻓﻜﺎر اﻟﺴﻠﺒﯿﺔ ﻣﮭﻤﺎ ﻛﻠﻒ اﻷﻣﺮ... ﻋﻠﯿﻚ ﺗﻤﺎﻟﻚ ﻧﻔﺴﻚ ﻓﻘﻂ واﻟﺘﻔﻜﯿﺮ ﻣﻠﯿًﺎ ﻓﻲ اﻷﻣﻮر.
    565713|00000000||ﺳﺄﻓﻌﻞ ذﻟﻚ ﯾﺎ (زوﻟﺘﺎن).
    565656|00000000||ﻟﻸﺳﻒ، اﻷﻣﺮ ﻟﯿﺲ ﺑﮭﺬه اﻟﺒﺴﺎطﺔ. ﻟﯿﺲ ﻟﺪﯾﻨﺎ طﺮﯾﻘﺔ ﻟﻠﻌﺜﻮر ﻋﻠﯿﮭﻢ، ﻟﻜﻨﮭﻢ ﯾﻌﺜﺮون ﻋﻠﯿﻨﺎ ﺑﺴﮭﻮﻟﺔ. وﯾﻤﻜﻨﮭﻢ أن ﯾﻔﺎﺟﺌﻮﻧﺎ ﻋﻨﺪﻣﺎ ﯾﺮﯾﺪون.
    565654|00000000||ﻟﯿﺲ ﺑﮭﺬه اﻟﺒﺴﺎطﺔ.
    465924|00000000||ھﻞ أﺗﯿﺖ ﻟﺘﺮى ﻛﯿﻒ ﺣﺎﻟﻲ؟ ﺷﻜﺮًا، ﻟﺴﺖ ﺑﺤﺎﻟﺔ ﺳﯿﺌﺔ.
    524918|00000000||ھﺬا ﺟﯿﺪ.
    524919|00000000||آه، ﯾﺎ ﺑﻨﻲ، أﻧﺎ ﺧﺎﺋﻒ ﻋﻠﻰ (ﭬﯿﺴﯿﻤﯿﺮ). أﻋﻠﻢ أﻧﻜﻤﺎ ﻛﻨﺘﻤﺎ ﻣﻘﺮﺑﯿﻦ ﻟﺒﻌﻀﻜﻤﺎ اﻟﺒﻌﺾ.
    524920|00000000||ﺷﻜﺮًا. ﻛﻨﺎ ﻛﺬﻟﻚ.
    524925|00000000||أﻧﺼﺖ، أﻧﺎ ﻻ أﺗﺪﺧﻞ أﺑﺪًا ﻓﻲ أﻣﺮ أﻋﻠﻢ أﻧﮫ ﻟﻦ ﯾﺠﺪي أي ﻧﻔﻊ، ﻟﺬا، ﻻ ﺗﺄﺧﺬ ﻣﺎ ﺳﺄﻗﻮﻟﮫ ﻋﻠﻰ ﻣﺤﻤﻞ ﺧﺎطﺊ. أرﯾﺪ أن أﺳﺎﻋﺪك، ﻣﮭﻤﺎ ﻛﺎن ﻗﺮارك. وﻟﻜﻦ ﻓﻲ رأﯾﻲ، ﯾﺠﺐ أن ﻧﻘﻮم ﺑﮭﺠﻮم ﻣﻀﺎد.
    524926|00000000||ﻋﻠﯿﻨﺎ اﻟﻌﺜﻮر ﻋﻠﻰ (اﻟﮭﺎﻧﺖ)، و(إﯾﺮﯾﺪﯾﻦ)، وﻧﻨﺘﻘﻢ ﻣﻨﮭﻤﺎ أﺷﺪ اﻧﺘﻘﺎﻣًﺎ.
    572961|00000000||اﻟﻠﻌﻨﺔ، ﺳﻨﻔﺘﻘﺪه ﻛﺜﯿﺮًا.
    466174|00000000||ھﺎﺗﻮا ﻣﺎ ﻋﻨﺪﻛﻢ!
    466172|00000000||ھﯿﺎ!
    466170|00000000||ﺧﺬوا أﻣﺎﻛﻨﻜﻢ!
    319846|00000000||ﺳﺄراﻗﺒﮫ ﻋﻦ ﻛﺜﺐ.
    310326|00000000||ﺳﺄراﻗﺐ (ﻟﯿﺜﻮ) ﻋﻦ ﻛﺜﺐ.
    319901|00000000||وأﻧﺎ ﺳﺄﺣﺴﻦ اﻟﺴﻠﻮك، أﻋﺪ ﺑﺬﻟﻚ.
    319903|00000000||إذا راﻗﺒﺖ ھﺬا اﻟﻘﺎﺗﻞ، ﻟﻦ ﺗﺴﺘﻄﯿﻊ ﻣﺮاﻗﺒﺔ اﻟﻌﺪو. ﻟﻢَ ﯾﺸﻐﻞ ﻗﺎﺗﻞ اﻟﻤﻠﻮك ھﺬه اﻟﺪرﺟﺔ ﻣﻦ اﻷھﻤﯿﺔ؟
    319905|00000000||(إﯾﺮﯾﺪﯾﻦ) ﻣﻠﻚ أﯾﻀًﺎ، أﻟﯿﺲ ﻛﺬﻟﻚ؟
    559318|00000000||ﻓﻠﺘﺤﻞ اﻟﻠﻌﻨﺔ ﻋﻠﻰ ﻛﻠﯿﻜﻤﺎ.
    319848|00000000||أﻧﺎ اﻟﻤﺴﺆول ھﻨﺎ.
    319959|00000000||أﻧﺎ اﻟﻤﺴﺆول ھﻨﺎ، وأﻧﺎ ﻣَﻦْ ﯾﺘﺨﺬ اﻟﻘﺮارات. ﻛﻼﻛﻤﺎ ﯾﻌﺮف أﻧﮫ ﻻ ﯾﻮﺟﺪ ﺟﺪال ﻓﻲ اﻟﺤﺮب.
    319961|00000000||أﺗﻌﺮف ﯾﺎ (ﺟﯿﺮاﻟﺖ)؟ ﻟﻘﺪ ﻗﻤﺖ ﺑﺎﻟﻌﺪﯾﺪ ﻣﻦ اﻷﺷﯿﺎء ﻓﻲ ﺣﯿﺎﺗﻲ اﻟﺘﻲ أﺗﻤﻨﻰ أﻧﻨﻲ ﻟﻢ أﻓﻌﻠﮭﺎ. وﻟﻜﻨﻨﻲ ﻛﻨﺖ داﺋﻤًﺎ أﺣﺘﺮم ﻣَﻦْ ﻛﻨﺖ أﺧﺪم ﻣﻌﮭﻢ، وداﺋﻤًﺎ أﺿﻊ ﺛﻘﺘﻲ ﺑﮭﻢ.
    319963|00000000||وھﻨﺎ ﻓﻲ ﺣﺼﻦ (ﻛﺎر ﻣﻮرھﯿﻦ)، ﺳﺘﻜﻮن ھﺬه ھﻲ اﻟﻤﺮة اﻷوﻟﻰ اﻟﺘﻲ ﻻ أﻓﻌﻞ أﯾًﺎ ﻣﻦ ذﻟﻚ.
   1062868|00000000||ﺳﻨﻤﻜﺚ وﻧﺴﺎﻋﺪ. وﻟﻜﻨﻨﺎ ﻻ ﻧﺮﯾﺪه أن ﯾﻘﻒ ﺧﻠﻔﻨﺎ.
    319887|00000000||ﻋﻠﻲّ إﻧﻘﺎذ (ﺳﯿﺮي) - ﻣﮭﻤﺎ ﻛﻠﻒ اﻷﻣﺮ. وﻟﻘﺪ واﺟﮫ (ﻟﯿﺜﻮ) (اﻟﻮاﯾﻠﺪ ھﺎﻧﺖ) ﻣﻦ ﻗﺒﻞ.
    319889|00000000||أﻧﺎ ﻻ أﺷﻜﻚ ﻓﻲ ﻗﺪراﺗﮫ. ﺑﺒﺴﺎطﺔ أﻧﺎ ﻻ أﺛﻖ ﺑﮫ.
    319891|00000000||(ﻟﯿﺜﻮ) ﻟﻦ ﯾﺨﻮﻧﻨﺎ.
    319893|00000000||أﻧﺖ ﺳﺎذج ﻛﺎﻟﻌﺎدة. ﻋﺎدةً، ﻻ أھﺘﻢ ﺑﮭﺬا اﻟﮭﺮاء، وﻟﻜﻦ ھﺬه اﻟﻤﺮة ﻗﺪ ﯾﻮدي اﻷﻣﺮ ﺑﺤﯿﺎﺗﻲ أﻧﺎ و(ﭬﯿﺰ) أﯾﻀًﺎ.
    559312|00000000||ﻓﻜﺮ ﻓﻲ اﻷﻣﺮ ﻣﻠﯿًﺎ ﻗﺒﻞ ﻓﻮات اﻷوان.
    319844|00000000||ﻋﻠﯿﻚ أن ﺗﻔﮭﻤﻨﻲ.
    535946|00000000||آه، ﺑﻌﺾ اﻷﺻﺪﻗﺎء اﻟﻘﺪاﻣﻰ.
    536191|00000000||ﻣﺎذا ﯾﻔﻌﻞ ھﺬا اﻟﻠﻌﯿﻦ ھﻨﺎ؟
    536194|00000000||ﻧﺤﻦ ﺑﺤﺎﺟﺔ إﻟﯿﮫ.
    559315|00000000||رﺑﻤﺎ ﻗﺪ ﻧﺴﯿﺖ ﻣﺎذا ﻓﻌﻞ. ﻟﻜﻦ أﻧﺎ ﻟﻢ أﻧﺲَ.
    535941|00000000||ﺳﻌﺪت ﺑﺮؤﯾﺘﻚ.
    535942|00000000||ﻟﻘﺪ ذھﺒﺖ ﻓﻲ رﺣﻠﺔ ﺑﻤﻔﺮدي، وﺗﻌﻘﺒﺘﻨﻲ (ﭬﯿﺰ)، وأﺻﺮﯾﺖ ﻋﻠﻰ اﻟﺤﻀﻮر.
    536186|00000000||ﻛﺎن ﯾﺠﺐ ﻋﻠﻲّ أن أﻟﻘﻨﻚ درﺳًﺎ ﻟﻌﺪم طﻠﺒﻚ ﻣﺴﺎﻋﺪﺗﻲ. وﻟﻜﻨﻨﻲ ﺻﺒﺒﺖ ﺟﺎم ﻏﻀﺒﻲ ﻣﻨﻚ ﻋﻠﻰ (روش) طﻮال اﻟﻄﺮﯾﻖ.
   1061994|00000000||ﺗﺴﻌﺪﻧﻲ رؤﯾﺘﻚ ﻣﺮة أﺧﺮى.
   1061992|00000000||اﻟﻠﻌﻨﺔ، ﻣﻦ اﻟﺠﯿﺪ أن أراك ﺛﺎﻧﯿﺔ.
   1123852|00000000||ﻻ... ھﯿﺎ ﺑﻨﺎ. إﻧﮭﻢ ﻓﻲ اﻧﺘﻈﺎرﻧﺎ.
   1123849|00000000||ﻻ، ھﯿﺎ ﺑﻨﺎ.
   1123855|00000000||طﺎﻟﻤﺎ ﻻ ﺗﻤﺎﻧﻌﯿﻦ ﺣﻘًﺎ...
   1123858|00000000||ﯾﺒﺪو أﻧﮭﺎ ﺗﻘﺒﻠﺖ اﻷﻣﺮ ﺑﻼ ﺿﻐﯿﻨﺔ.
   1123860|00000000||أو ﺗﺮﯾﺪﻧﺎ أن ﻧﻈﻦ أﻧﮭﺎ ﻓﻌﻠﺖ.
   1123863|00000000||ﻟﻢ ﺗﺄﺗﻲ إﻟﻰ ھﻨﺎ ﻣﻨﺬ ﻓﺘﺮة طﻮﯾﻠﺔ، ﺻﺤﯿﺢ؟
   1123865|00000000||طﻮﯾﻠﺔ ﺟﺪًا. ﻛﯿﻒ ﺣﺎل ﻏﺮﻓﺔ اﻟﻀﯿﻮف؟ ھﻞ ﺗﻐﯿﺮ ﺑﮭﺎ ﺷﻲء؟
   1123867|00000000||ﻣﻢ. اﻟﻔﺮاش... ﺗﺤﻄﻢ.
   1123869|00000000||ﻻ ﻣﺸﻜﻠﺔ. ﺳﻨﻨﺎم ﻋﻠﻰ اﻷرض. ﺳﻨﻔﺮش ﺳﺘﺎرة و...
   1123872|00000000||إﺣﻢ.
   1123874|00000000||أﻋﺘﻘﺪ أن ﻋﻠﯿﻨﺎ اﻟﺬھﺎب.
   1123850|00000000||ﻓﻘﻂ إن ﻟﻢ ﺗﻤﺎﻧﻌﻲ...
   1123843|00000000||ھﻞ ﺗﺮﯾﺪان أن ﺗﻨﻔﺮدا ﺑﺒﻌﻀﻜﻤﺎ اﻟﺒﻌﺾ؟
   1123846|00000000||آﺳﻒ، ﻟﻢ ﻧﻘﺼﺪ أن--
   1123848|00000000||أﻋﻠﻢ. إﻧﮫ ﺳﺆال ﺑﺴﯿﻂ. ھﻞ ﺗﺮﯾﺪان ﺑﻌﺾ اﻟﻮﻗﺖ ﻋﻠﻰ اﻧﻔﺮاد؟
    462992|00000000||ﺳﻌﺪت ﺑﺮؤﯾﺘﻚ ﯾﺎ (ﺗﺮﯾﺲ).
    522511|00000000||اﻟﺸﻜﺮ ﻟـ (ﯾﻨﯿﻔﺮ)، ﻓﮭﻲ ﻣﻦ دﻋﺎﻧﻲ.
    549984|00000000||ﺳﻨﺘﺤﺪث ﻻﺣﻘًﺎ. ﯾﻨﺒﻐﻲ أن ﻧﺘﺸﺎور ﻓﻲ أﻣﺮٍ ﻣﺎ ﺑﺎﻟﺪاﺧﻞ اﻵن.
   1123878|00000000||أﻧﺎ-- ﺳﺄﻣﮭﻠﻜﻤﺎ دﻗﯿﻘﺔ ﻋﻠﻰ اﻧﻔﺮاد.
   1123880|00000000||(ﺗﺮﯾﺲ)، رﺟﺎءً...
   1123882|00000000||ﻻ،ﻻ. ﻻ ﺑﺪ أﻧﻜﻤﺎ ﺗﻔﺘﻘﺪان ﺑﻌﻀﻜﻤﺎ اﻟﺒﻌﺾ. دﻗﯿﻘﺔ ﻣﻦ اﻟﺘﺄﺧﯿﺮ ﻟﻦ ﺗﻀﺮ أﺣﺪ.
   1123889|00000000||ﻻ ﺑﺄس. دﻗﯿﻘﺔ ﺛﻢ ﻧﺬھﺐ، ﺣﺴﻨًﺎ؟
   1123892|00000000||ھﻤﻢ. ﻣﻮﻗﻒ ﻣﺤﺮج ﻗﻠﯿﻼً...
   1123894|00000000||ﺧﻤﺲ ةوأرﺑﻌﻮن ﺛﺎﻧﯿﺔ.
   1123896|00000000||ھﺎه؟
   1123898|00000000||ﺑﺎﻗﻲ ﻟﻨﺎ ﺧﻤﺲ وأرﺑﻌﻮن ﺛﺎﻧﯿﺔ. ﺣﺴﻨًﺎ، أﺻﺒﺤﺖ ﺛﻼﺛﻮن اﻵن. ﺛﻢ ﻧﻘﺬف اﻟﻘﻔﺎزات ﻋﻠﻰ (اﻟﻮاﯾﻠﺪ ھﺎﻧﺖ). أﺗﻮﺳﻞ إﻟﯿﻚ أن ﺗﺤﺴﻦ اﺳﺘﻐﻼل ھﺬه اﻟﺜﻮاﻧﻲ.
   1123901|00000000||(ﯾﻦ)، أﻧﺎ أﻋﺸﻘﻚ.
   1123903|00000000||ھﻢ. ﻟﻦ ﺗﺤﺼﻞ ﻋﻠﻰ ﻧﻘﺎط ﻋﻠﻰ اﻹﺑﺪاع. وﻟﻜﻦ ﻋﻠﻰ اﻟﺼﺮاﺣﺔ...
   1123906|00000000||ﺣﺎن وﻗﺖ اﻟﺬھﺎب.
   1123884|00000000||ﻻ ﺑﺄس. دﻗﯿﻘﺔ ﺛﻢ ﻧﺬھﺐ.
   1123883|00000000||ﻻ، ﯾﺠﺐ أن ﻧﺬھﺐ ﺟﻤﯿﻌًﺎ اﻵن.
   1123886|00000000||ﻻ، ﯾﺠﺐ أن ﻧﺘﺤﺮك. إﻧﮭﻢ ﻓﻲ اﻧﺘﻈﺎرﻧﺎ.
    522544|00000000||ﯾﺠﺐ أﻻ ﻧﻘﻒ ھﻨﺎ.
    520117|00000000||أﺟﻞ. ھﯿﺎ، ﯾﻨﺒﻐﻲ أن ﻧﻌﻘﺪ ﻣﺠﻠﺴًﺎ.
   1061996|00000000||اﻟﻮﻗﺖ ﻗﺼﯿﺮ. ﺳﯿﻜﻮن (اﻟﻮاﯾﻠﺪ ھﺎﻧﺖ) ھﻨﺎ ﻗﺮﯾﺒًﺎ.
   1061993|00000000||ﺳﯿﻜﻮن (ھﺎﻧﺖ) ھﻨﺎ ﻗﺮﯾﺒًﺎ.
    462983|00000000||ﻻ ﯾﻮﺟﺪ ﺳﺒﺐ ﻟﻠﻘﯿﺎم ﺑﺬﻟﻚ ھﻨﺎ. ﺗﻌﺎل إﻟﻰ اﻟﺪاﺧﻞ.
    462858|00000000||اﻟﺠﻤﯿﻊ ھﻨﺎ، ﻛﻞ ﻣَﻦْ طﻠﺒﺖ ﻣﺴﺎﻋﺪﺗﮫ. و(إﭬﺎﻻك) ﯾﺴﺘﺮﯾﺢ ﻓﻲ اﻟﺒﺮج، ﻓﮭﻮ ﻣﺎ زال ﻓﻲ ﺣﺎﻟﺔ ﺳﯿﺌﺔ ﻟﻠﻐﺎﯾﺔ.
    522469|00000000||ھﻮاا، اﻵن. ھﻨﺎك، ھﻨﺎك. ﻛﻞ ﺷﻲء ﻋﻠﻰ ﻣﺎ ﯾﺮام.
    522472|00000000||ﻣﺎذا--؟
    522475|00000000||ﻣﺮﺣﺒًﺎ ﺑﻌﻮدﺗﻚ، أﯾﺘﮭﺎ اﻟﻄﻔﻠﺔ...
    522478|00000000||ﺳﯿﺮي!
    522481|00000000||ﻟﻘﺪ ﻛﺒﺮﺗﻲ ﯾﺎ ﺟﻤﯿﻠﺘﻲ.
    522484|00000000||ﻻ ﯾﻮﺟﺪ ﺷﻲء ﻋﻠﻰ ﺣﺎﻟﮫ ﻓﻲ اﻷﻧﺤﺎء. ﺗﻌﺎل، ﻟﻘﺪ ﺣﺎن اﻟﻮﻗﺖ ﻟﺘﺤﯿﺔ اﻵﺧﺮﯾﻦ.
    522486|00000000||ﻟﻢ ﺗﺘﻐﯿﺮوا ﻋﻠﻰ اﻹطﻼق. ﺟﻤﯿﻌﻜﻢ... ﺗﺒﺪون ﻛﻤﺎ أﺗﺬﻛﺮﻛﻢ ﺗﻤﺎﻣًﺎ.
    522488|00000000||ﻣﺎذا؟
    549628|00000000||أﺧﺘﻲ اﻟﺼﻐﯿﺮة.
    522515|00000000||أﺻﺒﺢ اﻟﺠﻮ ﺑﺎردًا. ھﯿﺎ، ﯾﻨﺒﻐﻲ أن ﻧﻌﻘﺪ ﻣﺠﻠﺴًﺎ.
   1061976|00000000||ﯾﻦ، أﻧﺖ ﺗﻌﺮﻓﯿﻦ واﯾﻠﺪ ھﺎﻧﺖ أﻓﻀﻞ ﻣﻦ أي ﺷﺨﺺ آﺧﺮ. أﺧﺒﺮﯾﻨﺎ ﻋﻦ اﻟﺴﺤﺮ اﻟﺬي ﯾﺴﺘﺨﺪﻣﻮﻧﮫ...؟
   1061978|00000000||اﻟﺠﻮاﻟﺔ اﻟﺘﺎﺑﻌﯿﻦ ﻟﮭﻢ ﯾﻔﺘﺤﻮن اﻟﺒﻮاﺑﺎت، واﻟﺸﻘﻮق اﻟﺘﻲ ﻗﺪ ﺗﻮاﺟﮭﻨﺎ ﻣﻊ داﯾﻤﺮﺗﯿﻮم أو ﺳﺤﺮﻧﺎ.
   1061980|00000000||أﻧﮭﻢ ﯾﺴﺘﺪﻋﻮن اﻟﺼﻘﯿﻊ اﻟﺬي ﯾﺸﻐﻞ اﻷﺟﺰاء اﻟﺨﺎﻟﯿﺔ ﻓﻲ اﻟﻄﺮﯾﻖ اﻟﺬي ﯾﻘﻄﻌﻮﻧﮫ.
   1062794|00000000||ﻻ ﯾﻮﺟﺪ اﻟﻜﺜﯿﺮ ﻣﻨﺎ. ﺳﯿﻜﻮن ﻣﻦ اﻟﺼﻌﺐ أن ﻧﻘﺎﺗﻞ.
    466075|00000000||اﻟﻤﺰﯾﺪ ﻗﺎدﻣﻮن! اﺣﺘﺮﺳﻮا!
    466077|00000000||اﻟﻠﻌﻨﺔ!
    466073|00000000||ھﻨﺎك اﻟﻜﺜﯿﺮ ﻣﻨﮭﻢ!
    572909|00000000||اﺳﺘﻌﺪوا، ھﻨﺎك ھﺠﻤﺔ أﺧﺮى ﻗﺎدﻣﺔ!
    572908|00000000||ﺧﺬوا ﺣﺬرﻛﻢ.
    572917|00000000||أﻏﻠﻖ اﻟﺒﻮاﺑﺔ اﻟﻠﻌﯿﻨﺔ!
    572918|00000000||اﻟﺒﻮاﺑﺔ، اﻟﻠﻌﻨﺔ! أﻏﻠﻖ اﻟﺒﻮاﺑﺔ!
   1074923|00000000||ھﻨﺎك ﻛﺜﯿﺮ ﻣﻦ اﻟﻜﺘﺎﺋﺐ ﺗﻘﺘﺮب ﻣﻦ اﻟﻐﺎﺑﺔ!
    577451|00000000||ﻋﻠﯿﻨﺎ إﻏﻼق اﻟﺒﻮاﺑﺔ ﻗﺒﻞ أن ﯾﺼﻠﻮا إﻟﻰ اﻟﺪاﺧﻞ.
   1074921|00000000||اﻧﺘﺒﮫ! اﺣﺘﺮﺳﺎ! ﻟﻘﺪ وﺟﺪوا طﺮﯾﻘًﺎ إﻟﻰ اﻟﺪاﺧﻞ!
    532804|00000000||أﺑﻌﺪوھﻢ ﻋﻦ اﻟﻔﻨﺎء! أﻏﻠﻘﻮا اﻟﺒﻮاﺑﺎت!
    532922|00000000||(ﻻﻣﺒﺮت)، ﻻ ﺗﺨﺎطﺮ ﺑﺤﯿﺎﺗﻚ!
    532923|00000000||(ﺟﯿﺮاﻟﺖ)، اذھﺐ إﻟﻰ (ﻻﻣﺒﺮت)، اﻵن!
    532951|00000000||ﻋﻠﯿﻨﺎ أن ﻧﺘﺮاﺟﻊ! ﻟﻘﺪ ﺿﻌﻔﺖ ﻗﻮة (ﯾﻨﯿﻔﺮ)!
    532933|00000000||ﻟﻘﺪ ﻗﺘﻠﻮه! ھﺆﻻء اﻷوﻏﺎد!
    562205|00000000||ﻟﻘﺪ ﻗﺘﻠﻮا (ﻻﻣﺒﺮت)!
    532946|00000000||(ﻻﻣﺒﺮت)، اﻟﻠﻌﻨﺔ! اﺑﻖَ ﻣﻌﻨﺎ!
   1074915|00000000||ﻛﯿﻒ ﺗﺴﺎﻓﺮ ﻓﻲ اﻟﻐﺎﺑﺔ؟!
   1074919|00000000||أﻏﻠﻘﻨﺎ ﺑﻮاﺑﺘﯿﻦ، ﺛﻢ أﻟﺘﻘﯿﻨﺎ ﺑﺈﺣﺪ ﻗﺎﺋﺪي (ھﺎﻧﺖ).
   1076913|00000000||ﻣﺴﺘﻌﺪ ﻟﻠﻤﻌﺮﻛﺔ؟
    465103|00000000||ﻟﻘﺪ وﻟﺪت ﻣﺴﺘﻌﺪًا.
   1076911|00000000||ﺑﻤﺠﺮد أن ﺗﺒﺪأ....ﻻ ﯾﻤﻜﻦ اﻟﻠﻌﺐ ﻣﻊ اﻟﺒﻄﻞ، ﺣﺴﻨًﺎ ؟
    465101|00000000||ﻓﮭﻤﺖ. أﻋﺘﻘﺪ أﻧﮭﻢ ﻟﯿﺴﻮا أﺷﺒﺎﺣًﺎ ﻋﺎدﯾﯿﻦ.
   1062948|00000000||ﻗﻄﻌﺔ ﻣﻠﻌﻮﻧﺔ ﻣﻦ اﻟﺨﺮدة. أﺻﻐﺮ ﻗﻠﯿﻼً ﻣﻦ (ﻓﯿﺴﯿﻤﯿﺮ).
    542145|00000000||ھﻞ ﻟﺪﯾﻚ أي ﻗﺪر ﻣﻦ اﻟﺤﻆ؟
   1076915|00000000||أي ﺗﻘﺪم؟
   1062950|00000000||ﻻ ﯾﻤﻜﻦ ھﺬا ھﺬا اﻟﺸﻲء ﻟﻜﻲ ﻧﻘﺬف ﻣﺴﻤﺎر. ﻓﺴﯿﻘﻮﻣﻮن ﺑﺘﻌﯿﯿﻨﻲ زﻋﯿﻢ (ﻧﻮﻓﯿﺠﺎرد) اﻟﺪﯾﻨﻲ ﻗﺒﻞ أن ﯾﺤﺪث ذﻟﻚ.
    321078|00000000||ﻧﺠﻮت ﺑﺼﻌﻮﺑﺔ! ﻟﻘﺪ ﺟﺌﺖ ﻓﻲ اﻟﻠﺤﻈﺔ اﻟﻤﻨﺎﺳﺒﺔ!
    321080|00000000||ﻋﻮدوا إﻟﻰ أﻣﺎﻛﻨﻜﻢ.
    533060|00000000||ﺗﺮاﺟﻌﻮا! ﻣﻦ ﺧﻼل اﻟﺒﻮاﺑﺔ، إﻟﻰ اﻟﻔﻨﺎء!
    533061|00000000||ﺗﺤﻘﻘﻮا ﻣﻦ اﻟﻤﻤﺮ ﺣﺘﻰ اﻟﻔﻨﺎء اﻟﺮﺋﯿﺴﻲ!
    565503|00000000||رﺣﻠﺔ ﺳﻌﯿﺪة.
    565515|00000000||اﻋﺘﻨﯿﺎ ﺑﻨﻔﺴﯿﻜﻤﺎ.
    565517|00000000||وﺷﻜﺮًا ﻣﺮة أﺧﺮى ﻋﻠﻰ ﻛﻞ ﺷﻲء.
    565505|00000000||ھﻞ ﺳﺘﺬھﺒﺎن ﻣﻌًﺎ؟
    565507|00000000||ﻟﺪي ﻓﻜﺮة، وﻟﻜﻨﻨﻲ ﺑﺤﺎﺟﺔ إﻟﻰ ﻣﺴﺎﻋﺪة (وﯾﺘﺸﺮ) ﻛﻲ أﺗﺎﺑﻊ ﺗﺤﻘﯿﻘﮭﺎ. وﻗﺪ واﻓﻖ (ﻻﻣﺒﺮت) ﻋﻠﻰ ﻣﺴﺎﻋﺪﺗﻲ.
    565509|00000000||ﻣﻢ. ﺣﻈًﺎ ﺳﻌﯿﺪًا. وﺷﻜﺮًا ﻣﺮة أﺧﺮى.
    565511|00000000||ﻧﺤﻦ ﻣﺘﻌﺎدﻻن اﻵن.
    565502|00000000||ھﻞ ﺳﺘﺬھﺒﺎن ﻣﻌًﺎ؟
    565523|00000000||ﺳﺮرت ﺑﺎﻟﻤﺴﺎﻋﺪة، وﻟﻜﻨﻨﻲ ﺳﺄﻏﺎدر ﺑﻤﺠﺮد أن ﯾﺘﻌﺎﻓﻰ (ﻻﻣﺒﺮت).
    558916|00000000||ﺷﻜﺮًا ﻋﻠﻰ ﻛﻞ ﺷﻲء ﻓﻌﻠﺘﮫ ﻷﺟﻠﻲ وﻟـ (ﺳﯿﺮي).
    558917|00000000||أﺗﺮﯾﺪ اﻟﺼﺪق؟ ﻟﻮ ﻛﻨﺖ أﻋﺮف ﻣﺎ ﺳﯿﺤﺪث ھﻨﺎ، ﻟﻤﺎ اﻗﺘﺮﺑﺖ أﺑﺪًا ﻣﻦ ﺣﺼﻦ (ﻛﺎر ﻣﻮرھﯿﻦ).
    572963|00000000||آﺳﻔﺔ ﻟﺨﺴﺎرﺗﻚ ﯾﺎ (ﺟﯿﺮاﻟﺖ).
    572964|00000000||ﻟﺴﺖ ﺑﺤﺎﻟﺔ ﻣﺰاﺟﯿﺔ ﺟﯿﺪة ﻟﻠﺤﻮار.
    566035|00000000||ﻣَﻦْ أﺻﻠﺢ ھﺬه اﻟﺠﺪران ﻗﺎم ﺑﻌﻤﻞ ﺳﯿﺊ ﻟﻠﻐﺎﯾﺔ.
   1062930|00000000||ﻟﻤﺎ ﺗﻄﻠﻖ اﻟﻐﺎز؟
   1062932|00000000||ﻓﯿﻤﺎ ﯾُﺴﺘﺨﺪم اﻟﻐﺎز؟
   1062934|00000000||إﻧﮫ ﻗﺎﺑﻞ ﻟﻼﺷﺘﻌﺎل ﺑﺪرﺟﺔ ﻛﺒﯿﺮة. وأﻧﺎ أھﺪف إﻟﻰ ﺗﻔﺠﯿﺮه، وﺣﺮق ﺑﻌﺾ ﻣﻦ راﻛﺒﻲ (ھﺎﻧﺖ) ﻓﻲ اﻟﻤﻌﺮﻛﺔ.
   1062936|00000000||أﻟﻦ ﺗﺘﺄﺛﺮ ﺟﺪران اﻟﻘﺼﺮ؟
   1062938|00000000||ﺟﺪران اﻟﻘﺼﺮ ﻣﺘﺪاﻋﯿﺔ. ﻻ ﯾﻤﻜﻦ أن ﺗﺘﻌﺮض ﻟﻸذى أﻛﺜﺮ ﻣﻤﺎ ھﻲ ﻓﯿﮫ؟
    319685|00000000||ﻟﺴﻨﺎ ﻋﻤﺎل ﺑﻨﺎء.
    319687|00000000||ﯾﺎ ﻟﻠﻌﺎر. ﻟﻦ ﻧﻜﻮن ﻗﺎدرﯾﻦ ﻋﻠﻰ إﺑﻘﺎء (اﻟﻮاﯾﻠﺪ ھﺎﻧﺖ) ﺧﺎرج اﻟﺤﺼﻦ.
    319689|00000000||ﻣﺎ ﻣﻦ ﺧﺴﺎرة، ﻓﻨﺤﻦ ﻻ ﻧﻌﺮف اﻟﻜﺜﯿﺮ ﻋﻦ ﻛﯿﻔﯿﺔ رﻓﻊ ﺣﺼﺎر أﯾﻀًﺎ.
    319691|00000000||ﺳﻨﻮاﺟﮭﮭﻢ ﻓﻲ اﻟﻔﻨﺎء.
    566036|00000000||ﻟﯿﺲ ﻣﺠﺎل ﺧﺒﺮﺗﻨﺎ ﺑﺎﻟﻀﺒﻂ.
    566037|00000000||ﯾﺘﻌﯿﻦ ﻋﻠﯿﻨﺎ رأب اﻟﺼﺪوع.
    566055|00000000||رﺑﻤﺎ ﻻ ﯾﺰال ﺑﻮﺳﻌﻨﺎ رأب ھﺬه اﻟﺼﺪوع؟
    566057|00000000||ﻟﻘﺪ ﺣﺼﻠﻨﺎ ﻋﻠﻰ اﻟﻤﻮاد اﻟﻼزﻣﺔ.
    566059|00000000||ﯾﻤﻜﻨﻨﻲ اﻟﻤﺴﺎﻋﺪة إذا أردت ذﻟﻚ.
    566061|00000000||ﻣﺎذا ﻋﻦ (ﻻﻣﺒﺮت)؟
    566063|00000000||ﻣﻤﻢ، أﻋﺮف ﺗﻤﺎﻣًﺎ ﻣﺎ ﺳﺘﻜﻮن ردة ﻓﻌﻠﮫ ﻋﻠﻰ ھﺬا اﻷﻣﺮ.
   1062927|00000000||ﻟﻢ أﻋﺘﻘﺪ أن اﻟﻐﺎز ﯾﻤﻜﻦ أن ﺗﻜﻮن راﺋﺤﺘﮫ ﺳﯿﺌﺔ إﻟﻰ ھﺬا اﻟﺤﺪ. ﻧﺤﻦ ﻧﺤﺘﺎج إﻟﻰ ﺗﺤﺬﯾﺮ اﻵﺧﺮﯾﻦ، وﻧﺘﺄﻛﺪ ﻣﻦ ﻋﺪم ﺣﻀﻮر أي ﺷﺨﺺ إﻟﻰ ھﻨﺎ وﻣﻌﮫ ﻟﮭﺐ ﻣﻜﺸﻮف.
   1062929|00000000||ﻣﺎذا ﺑﻌﺪ؟
    465239|00000000||ﻟﻦ ﯾﻀﯿﺮﻧﻲ ﺗﻨﺎول ﺑﻌﺾ اﻟﺸﺮاب.
    551709|00000000||وأﻧﺎ أﯾﻀًﺎ. ﺳﻨﺘﻨﺎول ﺷﯿﺌًﺎ ﻋﻘﺐ اﻟﻤﺠﻠﺲ.
    541760|00000000||ھﺎھﺎ، ﻟﻘﺪ ﺟﻤﻌﺖ ﻓﺮﯾﻘﺎً ﻣﺪھﺸﺎً.
   1062924|00000000||أﻧﯿﺮ، أﻧﺎدار، ﻓﺎﻟﻨﺪا!
   1062914|00000000||أﻧﺎ ﺑﺎﻟﺘﺄﻛﯿﺪ آﻣﻞ أن ﯾﻌﻤﻞ ھﺬا اﻟﻐﺎز.
   1062916|00000000||ﺳﯿﻌﻤﻞ. ﯾﺠﺐ أن ﻧﺸﻌﻠﮫ ﻓﻘﻂ ﻓﻲ اﻟﻠﺤﻈﺔ اﻟﻤﻨﺎﺳﺒﺔ.
   1062918|00000000||وھﺬه اﻟﻔﺘﺤﺔ...ھﻞ ھﻲ ﻣﻮﺟﻮدة ﻟﻸﺑﺪ؟
   1062920|00000000||ﺳﻨﻘﻠﻖ ﺣﯿﺎل اﻟﻔﺘﺤﺔ ﺑﻤﺠﺮد اﻧﺘﮭﺎء اﻟﻤﺸﻜﻠﺔ. واﻵن، ﺗﺮاﺟﻊ ﻟﻠﺨﻠﻒ، ﺳﯿﺪ (وﯾﺘﺸﺮ).
    550680|00000000||ﻟﺴﺖ ﻣﺘﺄﻛﺪًا إذا ﻛﺎﻧﺖ (ﺳﯿﺮي) ﺳﺘﻮاﻓﻖ ﻋﻠﻰ ذﻟﻚ.
    550695|00000000||ﻟﻢ ﺗﻮاﻓﻖ (ﺳﯿﺮي) ﻋﻠﻰ ذﻟﻚ ﺑﻌﺪ.
    550750|00000000||أھﻮ ﻛﺬﻟﻚ؟
    550816|00000000||أھﻮ ﻛﺬﻟﻚ؟
    550818|00000000||ھﻞ ﺗﻌﺮف أي ﺷﺨﺺ ﻻ ﯾﻮد أن ﯾﻜﻮن إﻣﺒﺮاطﻮر (ﻧﯿﻠﻔﺠﺎرد)؟
    550784|00000000||ھﻞ ﯾﻤﻜﻨﻚ أن ﺗﺘﺨﯿﻞ ذﻟﻚ؟ ﻟﻘﺪ اﻋﺘﻘﺪت ﻓﻘﻂ أن ﻋﻘﻮل اﻟﺸﻌﺮاء اﻟﺘﻲ أﻓﺴﺪﺗﮭﺎ اﻟﺨﻤﺮ ھﻲ اﻟﺘﻲ ﺗﻨﺘﺞ ﻣﺜﻞ ھﺬه اﻟﻘﺼﺺ.
    552371|00000000||اﻻﺑﻨﺔ اﻟﻀﺎﻟﺔ ﻷﻗﻮى ﺣﺎﻛﻢ ﻓﻲ ﺗﺎرﯾﺦ اﻟﻘﺎرة ﺗﻌﻮد ﻓﻲ ﻋﺸﯿﺔ اﻧﺘﺼﺎره اﻟﻨﮭﺎﺋﻲ ﻟﺘﻀﻢ ﻣﯿﺮاﺛﮭﺎ.
    550815|00000000||اﻟﺒﺴﻄﺎء ﯾﻌﺸﻘﻮن ﺗﻠﻚ اﻟﻘﺼﺺ - ﻛﻤﺎ ﯾﻌﺸﻘﻮن اﻷﻣﯿﺮات، ﻓﺎﺋﻘﺎت اﻟﺠﻤﺎل واﻟﺮﻗﺔ، واﻟﻼﺗﻲ...
    550776|00000000||ﺑﺎﻟﻔﻌﻞ.
    550749|00000000||ﺑﺎﻟﻄﺒﻊ ﻻ.
    550747|00000000||ﻧﻌﻢ، ﺑﺎﻟﻄﺒﻊ، إﻧﮭﺎ ﺣﺎذﻗﺔ، ﻓﻠﯿﺴﺖ ﻣﻦ اﻟﻨﻮع اﻟﺬي ﯾﺤﺘﻔﻞ ﺑﻌﺮض ﻟﻢ ﯾﺘﻢ ﺑﻌﺪ... وﻟﻜﻦ ھﺬا اﻟﻨﻮع ﻣﻦ اﻟﻌﺮض ﻻ ﯾﻤﻜﻦ رﻓﻀﮫ.
    550681|00000000||ﺑﺎﻟﻄﺒﻊ.
    550694|00000000||ﺑﯿﻨﻤﺎ ﻧﺤﻦ ﺑﺼﺪد ھﺬا اﻟﻤﻮﺿﻮع، ﻛﯿﻒ ﺣﺎل ﺣﺎﻛﻤﺘﻨﺎ اﻟﻤﺴﺘﻘﺒﻠﯿﺔ؟ ﯾﺠﺐ أن أﻗﺮ ﺑﻔﻀﻮﻟﻲ ﺑﺸﺄن رد ﻓﻌﻠﮭﺎ ﻋﻨﺪﻣﺎ ﺗﺴﻤﻊ أن اﻟﻌﺮش ﺳﯿﻜﻮن ﻟﮭﺎ. أﺟﺮؤ ﻋﻠﻰ ﻗﻮل أﻧﮭﺎ ﺳﺘﻜﻮن ﻣﺴﺮورة...
    550752|00000000||ﻻ ﺗﻜﻮن ﻣﺘﺄﻛﺪ...
    550664|00000000||أﺟﻞ، ﻣﻦ اﻟﻮاﺿﺢ ﺗﻤﺎﻣًﺎ أﻧﮭﺎ ﺻﻔﻘﺔ ﻣﺒﺮﻣﺔ.
    547869|00000000||أﯾﮭﺎ ذﺋﺐ أﺑﯿﺾ! ﻟﻘﺪ ﺳﻌﺪت ﺑﺮؤﯾﺘﻚ!
    550649|00000000||ﺗﺤﯿﺎﺗﻲ أﯾﮭﺎ اﻟﺠﻨﺮال.
    550644|00000000||أواﺟﮭﺖ ﻣﺸﺎﻛﻞ ﻓﻲ ﻋﺒﻮر ﻧﮭﺮ (ﺑﻮﻧﺘﺎر)؟
    547871|00000000||ﻻ.
    550652|00000000||أﻋﺘﻘﺪ أﻧﻚ ﻋﺒﺮت ﻋﻦ طﺮﯾﻖ ﻣَﺨَﺎﺿَﺔ اﻟﻨﮭﺮ ﺑﺎﻟﻘﺮب ﻣﻦ (ﺑﺎن ﺟﻠﯿﻦ).
    550657|00000000||ﻣﻦ ﺣﺴﻦ ﺣﻈﻚ أﻧﻚ ﻟﻢ ﺗﺨﺘﺮ اﻟﺮﻛﻮب ﺧﻼل (رﯾﻨﺒﺎ). ﻻ ﺗﺰال اﻟﻤﻨﻄﻘﺔ ﺷﺎﺋﻜﺔ، ﺣﯿﺚ ﯾﺴﻌﻰ (رادوﭬﯿﺪ) إﻟﻰ ﺧﺮق اﻟﺠﺒﮭﺔ ﻓﻲ اﻟﻐﺮب.
    550662|00000000||ﻟﻜﻨﮫ ﻟﻦ ﯾﻨﺠﺢ. ﻟﯿﺲ ﻗﺒﻞ أن ﺗﺼﺒﺢ اﻷﻣﯿﺮة إﻣﺒﺮاطﻮرة وﻧﻌﯿﺪ اﻟﻨﻈﺎم إﻟﻰ اﻟﻤﻨﻄﻘﺔ.
    524739|00000000||اﻗﺘﻠﻮھﻢ!
    524776|00000000||ﻻ ﺗﺘﺮاﺟﻌﻮا ﺧﻄﻮة واﺣﺪة!
    524777|00000000||ﻗﺎﺗﻠﻮھﻢ!
    524775|00000000||ﺣﺎﻓﻈﻮا ﻋﻠﻰ وﺣﺪة ﺻﻔﻮﻓﻜﻢ!
    524355|00000000||ﻟﯿﺲ ﻣﻦ اﻟﺼﻮاب أن ﺗﺘﺒﺎطﺄ - اﻟﺤﺮب ﻣﻊ اﻟﺠﻨﻮد اﻟﺴﻮد ﻟﻦ ﺗﻨﺘﻈﺮ.
    524360|00000000||ﯾﻤﻜﻨﻚ اﻻﻋﺘﻤﺎد ﻋﻠﻲّ، أﺗﻌﻠﻢ ذﻟﻚ؟ داﺋﻤًﺎ؟
    524362|00000000||أﻋﻠﻢ. ﺷﻜﺮًا ﻟﻚ.
    565580|00000000||اﻟﻮداع.
    566135|00000000||اﻟﻮداع ﯾﺎ (ھﯿﻠﻤﺎر).
    524358|00000000||اﻟﻮاﺟﺐ ﯾﻨﺎدﯾﻨﻲ.
    524369|00000000||وﻟﻜﻦ أﻧﺼﺖ، (ﺟﯿﺮاﻟﺖ)، ﻟﺪﯾﻚ ﻣﻠﻚ ﺻﺪﯾﻖ. ﻧﺎدر ذاك اﻟﺮﺟﻞ اﻟﺬي ﯾﺴﺘﻄﯿﻊ اﻹﻗﺮار ﺑﺬﻟﻚ.
    524471|00000000||إذا اﺣﺘﺠﺖ أﻧﺖ، أو (ﺳﯿﺮي)، أو ﻛﻼﻛﻤﺎ... أي ﻣﺴﺎﻋﺪة، ﻓﺴﺘﺠﺪ أﺑﻮاب ﻗﻠﻌﺔ (ﻛﺎر ﺗﺮوﻟﺪا) ﻣﻔﺘﻮﺣﺔ.
    565588|00000000||ﺷﻜﺮًا، ﻟﻦ أﻧﺴﻰ ﻟﻚ ذﻟﻚ.
    565582|00000000||ھﻞ ﺳﺘﺘﺠﮫ ﻣﺒﺎﺷﺮةً إﻟﻰ (ﺳﻜﯿﻠﯿﺠﺎ)؟
    565579|00000000||ھﻞ ﺳﺘﻌﻮد ﻣﺒﺎﺷﺮةً إﻟﻰ (ﺳﻜﯿﻠﯿﺠﺎ)؟
    321589|00000000||ھﺎ أﻧﺖ ذا.
    321591|00000000||ﯾﻨﺘﺎﺑﻨﻲ اﻟﺤﺰن اﻟﺸﺪﯾﺪ ﻋﻠﻰ رﺣﯿﻞ (ﭬﯿﺴﯿﻤﯿﺮ). أﻧﺎ آﺳﻒ.
    321593|00000000||ﺷﻜﺮًا ﻋﻠﻰ ﻣﺴﺎﻋﺪﺗﻚ.
    524342|00000000||ﻛﺎن ھﺬا دﯾﻨًﺎ ﻋﻠﻲّ ﯾﺠﺐ رده.
    572962|00000000||آه، ﯾﺎ ﻟﺸﺠﺎﻋﺔ ھﺬا اﻟﺮﺟﻞ.
    564544|00000000||ﻟﻦ أﻧﺴﻰ ﻟﻚ ذﻟﻚ.
    564546|00000000||ﺷﻜﺮًا، ﻟﻦ أﻧﺴﻰ ﻟﻚ ذﻟﻚ.
    564548|00000000||ﺳﺄﻟﻘﻲ ﻧﻈﺮة أﺧﺮى ﻋﻠﻰ اﻟﺠﺮﺣﻰ، وﻟﻜﻦ ﯾﺠﺐ ﻋﻠﻲّ اﻟﺬھﺎب ﻗﺮﯾﺒًﺎ. وﺳﺄﺗﺮك ﻟﻚ ﺑﻌﺾ اﻷدوﯾﺔ.
    564550|00000000||اذھﺐ وأﺗﻤﻨﻰ أن ﺗﺘﻤﺘﻊ ﺑﺼﺤﺔ ﺟﯿﺪة ﯾﺎ (إرﻣﯿﻮن).
    564552|00000000||إﻟﻰ اﻟﻠﻘﺎء.
    564554|00000000||ﻻ أﻋﺮف ﺣﻘًﺎ ﻣﺎ اﻟﺬي ﺳﺄﻓﻌﻠﮫ ﻓﯿﻤﺎ ﺑﻌﺪ.
    564556|00000000||ﻋﻨﺪﻣﺎ ﺗﺼﯿﺐ اﻟﺸﻜﻮك ﻋﻘﻠﻚ، اﺗﺒﻊ ﺣﺪﺳﻚ.
    564558|00000000||وإذا ﻗﺎدك ﻧﺤﻮ طﺮﯾﻖ ﺧﺎطﺊ وھﺒﻄﺖ ﻓﻲ اﻟﻮﺣﻞ، ﻓﺴﺘﮭﺒﻂ ﻓﻲ ﺳﻼم ﻣﻊ ﻧﻔﺴﻚ، وھﺬا أھﻢ ﻣﺎ ﻓﻲ اﻷﻣﺮ.
    564560|00000000||ﻧﺼﯿﺤﺔ ﺟﯿﺪة.
    564562|00000000||ﺑﺎه! ﺑﺎﻟﻄﺒﻊ! أﻧﺎ ﻛﺎھﻦ، أﻟﯿﺲ ﻛﺬﻟﻚ؟
    564564|00000000||ﯾﺠﺐ أن أﻋﺪ إﻟﻰ اﻟﻤﻨﺰل اﻵن. اﻋﺘﻦِ ﺑﻨﻔﺴﻚ وﺑـ (ﺳﯿﺮي).
    564566|00000000||ﺷﻜﺮًا ﻣﺮة أﺧﺮى ﻋﻠﻰ ﻛﻞ ﺷﻲء.
    564543|00000000||ﻻ أﻋﺮف ﻣﺎ اﻟﺬي ﺳﺄﻓﻌﻠﮫ ﻓﯿﻤﺎ ﺑﻌﺪ.
    321491|00000000||ﺷﻜﺮًا ﻟﻚ.
    321493|00000000||ﻣﻦ ﻓﻀﻠﻚ. ﻟﻘﺪ ﻛﺎﻧﺖ ﻣﺴﺆوﻟﯿﺘﻲ أﯾﻀًﺎ، وﯾﺠﺐ أن ﯾﺴﺎﻋﺪ اﻟﻜﺒﺎر اﻟﺼﻐﺎر داﺋﻤًﺎ.
    321495|00000000||ھﻞ ﺗﻌﻠﻢ أن ھﺬا ﯾﻨﮭﻲ ﺑﺎﻟﻜﺎد ﻧﻀﺎﻟﻚ؟
    321497|00000000||أﻋﻠﻢ.
    321501|00000000||ﻣﮭﻤﺎ ﻛﺎن ﻣﺎ ﺗﺨﻄﻂ اﻟﻘﯿﺎم ﺑﮫ اﻵن، ﺗﺬﻛﺮ أن ھﻨﺎك أرواﺣًﺎ ﻋﺎزﻣﺔ ﻋﻠﻰ ﻣﺴﺎﻋﺪﺗﻚ ﻓﻲ (ﺳﻜﯿﻠﯿﺠﺎ)، أﻧﺎ و(ﻛﺮاك) وأوﻻده...
    572957|00000000||أﻧﺎ ﻧﺎدم ﻋﻠﻰ أﻧﻨﻲ ﻟﻢ أﻋﺮﻓﮫ ﺟﯿﺪًا.
    542689|00000000||ﻻ ﯾﺒﺪو أﻧﮫ ﻋﻠﻰ ﻣﺎ ﯾﺮام.
    564393|00000000||ﻛﯿﻒ ﻟﻲ أن أﺷﻜﺮك؟
    564399|00000000||ﻟﻘﺪ ﺧﺎطﺮﺗﻤﺎ ﺑﺤﯿﺎﺗﻜﻤﺎ ﻣﻦ أﺟﻠﻲ. ﻛﯿﻒ ﻟﻲ أن أﺷﻜﺮﻛﻤﺎ؟
    564401|00000000||ﺳﻨﻔﻜﺮ ﻓﻲ ﺷﻲء ﻣﺎ، ﺣﺴﻨًﺎ؟
    564403|00000000||ﺑﺎﻟﺘﺄﻛﯿﺪ.
    564404|00000000||ﻣﺎذا ﺳﺘﻔﻌﻼن؟
    564405|00000000||ﺳﻨﺘﻮﺟﮫ إﻟﻰ (ﻧﻮﭬﯿﺠﺮاد)، ﻟﺨﻮض اﻟﻤﻌﺮﻛﺔ اﻟﻘﺎدﻣﺔ.
    564406|00000000||إذا ﻟﻢ ﺗﺠﺪﻧﺎ، ﯾﻤﻜﻨﻚ اﻟﻌﺜﻮر ﻋﻠﯿﻨﺎ ﻓﻲ اﻟﻤﻌﺴﻜﺮ.
    564395|00000000||ﺷﻜﺮًا ﻟﺤﻀﻮرﻛﻤﺎ. ﺷﻜﺮًا ﻋﻠﻰ اﻟﻤﺨﺎطﺮة ﺑﺤﯿﺎﺗﻜﻤﺎ ﻣﻦ أﺟﻠﻲ.
    564397|00000000||اھﺘﻢ ﺑﺄﻣﺮ اﻟﻔﺘﺎة. ﻻ ﺗﺪع أي ﺷﺨﺺ ﯾﺆذﯾﮭﺎ.
    564392|00000000||ﺷﻜﺮًا ﻋﻠﻰ ﻣﺴﺎﻋﺪﺗﻚ.
   1071971|00000000||إذن؟ أﺧﺒﺮﻧﻲ.
    321386|00000000||ﯾﻤﻜﻨﻨﻲ أن أﻗﻮل إﻧﻨﻲ ﻗﺪ رأﯾﺖ ﻛﻞ ﺷﻲء اﻵن.
    321388|00000000||ﻣﺎ زﻟﺖ ﻻ أﺻﺪق ﻛﻞ ﻣﺎ ﺣﺪث.
    572958|00000000||اﻟﻠﻌﻨﺔ.
    572959|00000000||أوف.
   1076904|00000000||اﺳﺘﻌﺪ ﯾﺎ (ﻓﻮﻻن). ﻓﻘﺪ اﻗﺘﺮب (واﯾﻠﺪ ھﺎﻧﺖ).
    520063|00000000||أﺷﺒﺎح (ﻣﻮرھﻮج)؟ ﻟﻘﺪ ﺗﻔﻮﻗﺖ أﻧﺎ و(ھﯿﻠﻤﺎر) ﻋﻠﻰ وﺣﻮش أﺳﻮأ ﻣﻦ ذﻟﻚ.
    520062|00000000||إذن ﻣﻌﺮﻛﺔ (راغ ﻧﺎر روج) أﺻﺒﺤﺖ وﺷﯿﻜﺔ.
    548042|00000000||(ﺟﯿﺮاﻟﺖ)! ﺳﻮف ﻧﺮﺣﻞ!
    548044|00000000||ﺳﻌﺪت ﺑﺮؤﯾﺘﻚ ﻟﻠﻐﺎﯾﺔ، ﺳﯿﺪﺗﻲ.
    548052|00000000||وأﻧﺎ أﯾﻀًﺎ.
    550579|00000000||ﻟﻘﺪ ﺣﺎن اﻟﻮﻗﺖ ﻟﻨﻤﻀﻲ ﻓﻲ طﺮﯾﻘﻨﺎ.
    550600|00000000||آﺳﻒ أﻧﻚ ﻻ ﯾﻤﻜﻨﻚ اﻟﺒﻘﺎء. آﻣﻞ أن ﻧﻜﻤﻞ ﺣﺪﯾﺜﻨﺎ ﻓﻲ ﻣﻨﺎﺳﺒﺔ أﺧﺮى.
    550602|00000000||ﻻ أﺳﺘﻄﯿﻊ اﻟﻘﻮل إن اﻟﻤﺸﺎﻋﺮ ﻣﺘﺒﺎدﻟﺔ.
    575458|00000000||اﻟﻠﻌﻨﺔ!
    575460|00000000||(ﺟﯿﺮاﻟﺖ)!
   1061955|00000000||ﻋﺪ ﻟﻠﺨﻠﻒ!
   1061957|00000000||-ﺻﻔﺎﻓﯿﺮ-
    533413|00000000||ﻛﺎن ﯾﻨﺒﻐﻲ ﻋﻠﯿﻚِ اﻟﺒﻘﺎء ﻓﻲ اﻟﻘﻠﻌﺔ، واﻟﻤﻜﻮث ﺣﯿﺜﻤﺎ ﻛﺎن ﯾﻔﺘﺮض أن ﺗﻜﻮﻧﻲ.
    533414|00000000||ﻣﻤﻢ. وﻣَﻦْ ﻛﺎن ﺳﯿﻨﻘﺬك إذن؟
    533425|00000000||ﺷﻜﺮًا ﻟﻚِ!
    533426|00000000||ﯾﺠﺐ أن ﻧﻔﺘﺢ اﻟﺒﻮاﺑﺔ ﻟﮭﻢ!
    524548|00000000||ھﻞ ﺗﺮى ذﻟﻚ؟
    524550|00000000||إﻧﮭﻢ ﻋﻠﻰ وﺷﻚ اﻟﻘﺪوم. ﻟﻨﺬھﺐ إﻟﻰ اﻟﻐﺎﺑﺔ! اﻵن!
    533349|00000000||ﻓﻲ اﻟﻮﻗﺖ اﻟﻤﻨﺎﺳﺐ ﺗﻤﺎﻣًﺎ!
    575408|00000000||-ﺻﻔﯿﺮ طﻮﯾﻞ ﺑﺎﺳﺘﺨﺪام أﺻﺒﻌﯿﻦ-
    575412|00000000||أﺗﺮى؟ ﯾﻤﻜﻨﻨﻲ اﻟﻘﯿﺎم ﺑﺎﻟﻤﺜﻞ.
    533353|00000000||ﻣﺎذا ﺣﺪث ﻟـ (إﺳﻜﺎل)؟! ﯾﺠﺐ ﻋﻠﯿﻨﺎ اﻟﺘﺮاﺟﻊ!
    533354|00000000||إﻧﮫ ﻓﻲ ﻣﺸﻜﻠﺔ! ﺳﺄذھﺐ ﻷﺳﺎﻋﺪه!
    562633|00000000||ﺗﺬﻛﺮي اﻟﺤﺠﺮ اﻟﺬي أﻋﻄﯿﺘﮫ ﻟﻚِ!
    533350|00000000||ھﻞ ﻛﻞ ﺷﻲء ﻋﻠﻰ ﻣﺎ ﯾﺮام؟
    533351|00000000||ﻧﻌﻢ، ﺷﻜﺮًا... ﺑﺪت اﻷﻣﻮر ﻣﻀﻄﺮﺑﺔ...
    533352|00000000||اﺿﻄﺮرﻧﺎ ِإﻟﻰ اﻟﺘﺮاﺟﻊ. ﻟﻘﺪ ﺣﺎوﻟﻮا اﻟﺪﺧﻮل ﻣﻦ اﻟﺒﻮاﺑﺔ اﻟﺮﺋﯿﺴﯿﺔ، وأﺧﺸﻰ أن ﯾﻨﺠﺤﻮا ﻓﻲ ذﻟﻚ ﻓﻲ اﻟﻤﺮة اﻟﻘﺎدﻣﺔ.
   1055661|6bf543da||ﻋﺼﻔﻮر
    533661|00000000||إﻧﮭﻢ ﯾﺄﺗﻮن ﻋﺒﺮ اﻟﻔﺠﻮات!
    534386|00000000||ﻗﻨﺎﺑﻞ اﻟﺪﯾﻤﯿﺮﯾﺘﯿﻮم.
    546099|00000000||ﺳﺘﺠﺪ اﻟﻤﺰﯾﺪ ﻓﻲ اﻟﺼﻨﺎدﯾﻖ ﺑﺠﺎﻧﺐ اﻟﺠﺪران.
    321106|00000000||ﻟﯿﺲ ﻣﻦ اﻟﻤﻔﺘﺮض أن ﺗﻜﻮﻧﻲ ﺑﺎﻟﺨﺎرج ھﻨﺎ!
    321108|00000000||ﻟﻘﺪ ﻓﺎت اﻷوان اﻵن.
    533655|00000000||ﻓﺘﺢ (إﺳﻜﺎل) اﻟﺒﻮاﺑﺔ! ﯾﻤﻜﻨﻨﺎ اﻟﺘﺮاﺟﻊ ﺧﻠﻔﮭﺎ!
    533656|00000000||ﺗﺮاﺟﻌﻮا!
    465851|00000000||ﺣﺼﻦ (ﻛﺎر ﻣﻮرھﯿﻦ). ﻻ أﺗﺨﯿﻞ ھﺬا اﻟﻤﻜﺎن ﺑﺪون (ﭬﯿﺴﯿﻤﯿﺮ).
    565472|00000000||أﺗﻔﮭﻢ ذﻟﻚ.
    565478|00000000||أﻓﮭﻤﻚ.
    565480|00000000||ﺳﺄﺟﺮب ﺣﻈﻲ ﻓﻲ (ﻟﻮرﻣﺎرك). ﯾﻮﺟﺪ داﺋﻤًﺎ ﻋﻤﻞ ﺣﯿﺜﻤﺎ ﯾﻜﻮن ھﻨﺎك ﺣﺮوب. وﺑﻌﺪ ذﻟﻚ، ﺳﻨﺮى.
    565482|00000000||إﻟﻰ اﻟﻠﻘﺎء.
    565484|00000000||اﻟﻮداع اﯾﮭﺎ (اﻟﺬﺋﺐ).
    565474|00000000||ﺗﻌﺎلَ. إﻧﮫ اﻟﻤﻨﺰل اﻟﻮﺣﯿﺪ اﻟﺬي ﻟﺪﯾﻨﺎ. اﺑﻖَ ھﻨﺎ.
    565476|00000000||ﻻ، ﯾﺎ (ﺟﯿﺮاﻟﺖ). ﻟﻘﺪ ﻛﺎن اﻟﻤﻜﺎن ﯾﺤﺘﻀﺮ ﻣﻨﺬ ﻓﺘﺮة. وﻛﺎن ھﺬا آﺧﺮ ﻣﺴﻤﺎر ﻓﻲ اﻟﻨﻌﺶ اﻟﯿﻮم. ﺣﺎن اﻟﻮﻗﺖ ﻟﻘﺒﻮل ذﻟﻚ.
    565153|00000000||اﺑﻖَ ھﻨﺎ.
    524892|00000000||ﺳﺄﺗﻮﺟﮫ إﻟﻰ اﻟﻮادي ﻗﺮﯾﺒًﺎ، وﺑﻌﺪ ذﻟﻚ ﺳﺄﺟﺪ ﻣﻜﺎﻧًﺎ آﺧﺮ ﻟﻘﻀﺎء ﺷﺘﺎء اﻟﻌﺎم اﻟﻘﺎدم.
    465853|00000000||ھﺬا اﻟﻤﻜﺎن. ﻻ ﺟﺪوى أﺑﺪًا ﻣﻦ اﻟﻌﻮدة ﺛﺎﻧﯿﺔً.
    465849|00000000||ﻣﺎذا ﯾﺪور ﻓﻲ ﺧﺎطﺮك؟
    572942|00000000||ﻻ ﺳﺒﺐ ﻟﻠﻌﻮدة إﻟﻰ ھﻨﺎ ﻣﺮة ﺛﺎﻧﯿﺔ. اﻷﻣﺮ ﯾﺒﺪو ﻛﻤﺎ ﻟﻮ ﻛﺎن (ﻛﺎر ﻣﻮرھﯿﻦ) ﻗﺪ ﻣﺎﺗﺖ اﻟﯿﻮم.
    466232|00000000||ﺗﻌﺎلَ!
    466230|00000000||ﺗﻌﺎلَ ﻟﺘﻨﺎل ﻣﻨﻲ!
    466228|00000000||ھﺎه!
    466372|00000000||إﻧﮭﻢ ﯾﺪﺧﻠﻮن اﻟﻔﻨﺎء!
    466095|00000000||ﻣﺎ أﺿﺨﻢ أﻋﺪادﻛﻢ!
    466091|00000000||اﻟﻠﻌﻨﺔ.
    466093|00000000||أوه!
   1074926|00000000||اﻷوﻏﺎد ﯾﺮﯾﺪون اﻟﺘﺴﻠﻞ ﻟﻠﺪاﺧﻞ!
   1063029|00000000||ﻓﻲ اﻟﻤﺮة اﻟﺘﺎﻟﯿﺔ اﻟﺘﻲ ﯾﺼﻠﻚ ھﺬا اﻹﺣﺴﺎس ﺑﺄﻧﻨﻲ ﻋﻠﻰ وﺷﻚ إﺛﺎرة ﻏﻀﺐ (ﻣﯿﺮﯾﺠﻮﻟﺪ)، ﺗﺄﻛﺪ ﻣﻦ ذﻟﻚ واﺿﺮﺑﻨﻲ ﻋﻠﻰ رأﺳﻲ.
    520509|00000000||أﺛﻖ ﺑﻤﻔﻌﻮل اﻟﺘﺨﻔﻲ ﺗﻤﺎﻣﺎً، وﻟﻜﻦ ﯾﻨﺒﻐﻲ ﻋﻠﯿﻨﺎ اﻹﺑﺘﻌﺎد ﻋﻦ ﺗﻠﻚ اﻟﻤﺨﻠﻮﻗﺎت.
   1074961|00000000||إﻧﺎ واﺣﺪ ﻣﻨﺎ ﯾﺎ (ﺟﯿﺮاﻟﺖ). ﻻ ﯾﻤﻜﻦ أن ﻧﺘﺮﻛﮫ ﯾﺄﺧﺬھﺎ.
    464404|00000000||ﺗﻌﺎلَ إﻟﻲّ.
    464406|00000000||اﺳﺘﻤﺮ.
    464402|00000000||ھﺎه.
    558820|00000000||ﻛﺎن ھﺬا ﻣﺬھﻼً.
   1074929|00000000||ﻟﻘﺪ دﺧﻞ!
    564505|00000000||ﻣﺎذا ﺳﺘﻔﻌﻞ؟
    564513|00000000||ﻣﺎذا ﺳﺘﻔﻌﻞ اﻵن؟
    564515|00000000||ﻣﻦ اﻟﻤﺤﺘﻤﻞ أن أﺗﻮﺟﮫ ﻧﺤﻮ اﻟﺸﺮق، وأﻋﺒﺮ اﻟﺠﺒﺎل.
    564517|00000000||وﺑﻌﺪ ذﻟﻚ؟ ﺳﻨﺮى.
    564519|00000000||اﻟﻮداع.
    564507|00000000||ھﻞ ﺗﻔﻜﺮ ﻓﻲ اﻟﺒﻘﺎء ﻓﻲ ﺣﺼﻦ (ﻛﺎر ﻣﻮرھﯿﻦ)؟
    564509|00000000||ﺗﺒﺪو ھﺬه ﻓﻜﺮة ﻟﻄﯿﻔﺔ. ﻗﺪ أﺑﻘﻰ ﻟﻔﺘﺮة ﺑﺴﯿﻄﺔ ﻋﻠﻰ اﻷﻗﻞ، ﺣﺘﻰ أﻗﺮر ﻣﺎذا ﺳﺄﻓﻌﻞ ﺑﻌﺪ ذﻟﻚ.
    564511|00000000||اﺗﻔﻘﻨﺎ. اﻓﻌﻞ ذﻟﻚ.
    564476|00000000||ھﻞ ﺗﺮﯾﺪ اﻟﺒﻘﺎء ﻓﻲ ﺣﺼﻦ (ﻛﺎر ﻣﻮرھﯿﻦ)؟
    321440|00000000||ﻟﻘﺪ ﻛﺎن اﻷﻣﺮ ﺻﻌﺒًﺎ.
    321442|00000000||ﻟﻘﺪ ﺗﺪﺑﺮﻧﺎ أﻣﺮﻧﺎ.
    564502|00000000||ﺷﻜﺮًا ﻋﻠﻰ ﻣﺴﺎﻋﺪﺗﻚ.
    564504|00000000||ﻋﻠﻰ اﻟﺮﺣﺐ واﻟﺴﻌﺔ.
    572960|00000000||ﻻ ﯾﻤﻮت ﻣﻌﺸﺮ (اﻟﻮﯾﺘﺸﺮ) ﻓﻲ ﻓﺮاﺷﮭﻢ أﺑﺪًا.
    550900|2b0e5344||أﺣﺪ ﻧﺴﺎء اﻟﺤﺎﺷﯿﺔ اﻟﻤﻠﻜﯿﺔ ﻣﻦ (ﻧﯿﻠﻔﺠﺎرد)
   1063565|00000000||ﻣﮭﻼ! ھﺬا ﻏﺶ!
   1063567|00000000||أﯾﮭﺎ اﻟﺠﺒﺎن!
   1063569|00000000||ﺳﻨﺮى ذﻟﻚ!
   1063571|00000000||ھﺎھﺎ! ﺗﻌﺎلَ ﻧﺎل ﻣﻨﻲ!
    520100|00000000||ﻣﻦ اﻟﻤﺆﺳﻒ أن (ﭬﯿﺠﻲ) و(ﻓﻮﻻن) ﻟﯿﺴﺎ ھﻨﺎ.
    523431|00000000||ﺷﻜﺮًا ﻟﺤﻀﻮرﻛﻢ.
    520113|00000000||ﻟﻘﺪ أﻣﻀﯿﻨﺎ ﺣﯿﺎﺗﻨﺎ ﻓﻲ اﻻﺳﺘﻌﺪاد ﻟﻤﻮاﺟﮭﺔ أﺷﺒﺎح (ﻣﻮرھﻮج).
    569882|00000000||ﻟﻘﺪ ﻗﺘﻠﻨﺎ اﻟﻌﻤﻼق، وﺳﻨﻘﺘﻞ اﻷﺷﺒﺎح أﯾﻀًﺎ.
    569884|00000000||ﺑﺎه!
    523422|00000000||ﺷﻜﺮًا ﻟﺤﻀﻮرﻛﻢ.
    520101|00000000||ھﻞ ﺗﺨﯿﻠﺖ أن ﺗﻔﻮﺗﻨﺎ ﻓﺮﺻﺔ ﻛﮭﺬه؟ ﻣﺴﺘﺤﯿﻞ!
    549786|00000000||ﻣﻦ اﻟﻤﺆﺳﻒ أن (ﻓﻮﻻن) ﻟﯿﺲ ﻣﻌﻨﺎ.
    523426|00000000||ﺷﻜﺮًا ﻟﺤﻀﻮرﻛﻢ.
    520110|00000000||ھﻞ ﺗﺨﯿﻠﺖ أن ﺗﻔﻮﺗﻨﺎ ﻓﺮﺻﺔ ﻛﮭﺬه؟ ﻣُﺤﺎل!
    520111|00000000||ﻛﻢ ﯾﺆﺳﻔﻨﻲ أن (ﭬﯿﺠﻲ) ﻟﯿﺲ ھﻨﺎ.
    541556|00000000||ﺳﻌﺪت ﺑﺮؤﯾﺘﻚ!
    531907|00000000||أﺗﺴﺎءل ﻋﻤﺎ إذا ﻛﺎن ﻗﺪ ﻗُﺘﻞ؟
    531908|00000000||(إﻣﻠﯿﺮﯾﺚ)؟ أﺷﻚ ﻓﻲ ذﻟﻚ.
   1063050|00000000||ﺳﺤﺮ (ﯾﻨﯿﻔﯿﺮ) ﯾﺨﺘﻔﻲ! (ﺑﻠﯿﺰارد) ﻣﻮﺟﻮد ﺗﻘﺮﯾﺒًﺎ داﺧﻞ اﻟﺤﺼﻦ!
   1063052|00000000||أﺳﺮع ﯾﺎ (روﺗﺶ)!
   1063054|00000000||ﻻ ﺗﺘﻮﻗﻒ! (ﻣﯿﺮﯾﺠﻮﻟﺪ) ﺳﺘﻘﻮم ﺑﺤﻤﺎﯾﺘﻨﺎ!
    524786|00000000||ﻣﺎذا ﺣﺪث ﻟـ (ﻣﯿﺮﯾﺠﻮﻟﺪ)؟
    524787|00000000||اﻟﻠﻌﻨﺔ.
    523714|00000000||(ﺟﯿﺮاﻟﺖ)! ھﯿﺎ!
    523716|00000000||اﻧﻈﺮ - إﻧﮭﻢ ﯾﻌﯿﺪون ﺗﺠﻤﯿﻊ ﺻﻔﻮﻓﮭﻢ.
    523717|00000000||أﺗﺮى ﻗﺎﺋﺪھﻢ؟ إﻧﮫ (إﻣﻠﯿﺮﯾﺚ). أﻧﺎ أﺗﺬﻛﺮه ﻣﻦ ﻗﺒﻞ ﺣﯿﻨﻤﺎ رﻛﺒﺖ ﻣﻊ (ھﺎﻧﺖ).
   1074756|00000000||اﻟﻠﻌﻨﺔ، اﻟﺴﺤﺮ ﯾﺨﺘﻔﻲ. ﻟﻘﺪ أﺻﺒﺤﻨﺎ ظﺎھﺮﯾﻦ.
    523723|00000000||ھﻞ ﺳﻨﺤﺎول ﻗﺘﻠﮫ؟
    562436|00000000||ھﺬا ﺧﻄﺮ ﻟﻠﻐﺎﯾﺔ.
    573029|00000000||ﯾﺎ ﻟﻚ ﻣﻦ ﺟﺒﺎن.
   1076921|00000000||(روﺗﺶ)...
    572658|00000000||ﻻ رﻏﺒﺔ ﻟﺪي ﻓﻲ اﻟﺤﺪﯾﺚ إﻟﯿﻚ اﻵن (ﺟﯿﺮاﻟﺖ).
    546841|00000000||ھﻞ ﺗﻄﻠﻘﻮن ﻋﻠﻰ ھﺬا ﺣﺼﻨًﺎ؟ ﻛﯿﻒ ﺗﺘﺨﯿﻠﻮن أﻧﻨﺎ ﺳﻨﻘﻮم ﺑﺎﻟﺪﻓﺎع ﻋﻦ ھﺬه اﻟﺤﻄﺎم؟!
    575685|00000000||آآآآآه!
    575687|00000000||آآآآآه. اﻟﺠﻮ ﻓﻲ (ﺳﻜﯿﻠﯿﺪج) ﯾﺰداد ﺑﺮودة.
   1076919|00000000||ھﻞ ﺗﻨﺼﺤﻨﻲ ﺑﺸﻲء ﯾﺎ (إﯾﺮﻣﻮﯾﻦ)؟
    520131|00000000||ﻟﻦ ﻧﮭﺰﻣﮭﻢ أﺑﺪًا ﻓﻲ ﻣﻌﺮﻛﺔ ﻣﻔﺘﻮﺣﺔ. ﯾﺠﺐ أن ﻧﻤﻜﺮ ﻟﮭﻢ.
    520130|00000000||ﯾﺠﺐ أن ﻧﺠﮭﺰ دﻓﺎﻋﺎﺗﻨﺎ.
    522824|00000000||ﻟﺪﯾﻨﺎ ﺧﺼﻢ ﺧﻄﯿﺮ، وﻻ ﻧﻌﺮف ﺳﻮى اﻟﻘﻠﯿﻞ ﻋﻨﮫ.
    554484|00000000||ﺗﻠﻌﺒﯿﻦ ﺟﯿﺪًا!
    554485|00000000||ﺳﺘﻨﺪم ﻋﻠﻰ ذﻟﻚ!
    554483|00000000||أوف! ﺗﺴﺪﯾﺪة ﺟﯿﺪة!
    561026|00000000||(ﺳﯿﺮي) ھﻲ أھﻢ ﻣﺎ ﻓﻲ اﻷﻣﺮ.
    561028|00000000||(ﺳﯿﺮي) ھﻲ أھﻢ ﻣﺎ ﻓﻲ اﻷﻣﺮ. (اﻟﮭﺎﻧﺖ) ﯾﻼﺣﻘﻮﻧﮭﺎ، وﻋﻠﯿﻨﺎ اﻟﺪﻓﺎع ﻋﻨﮭﺎ ﻣﮭﻤﺎ ﻛﻠﻒ اﻷﻣﺮ.
    561030|00000000||ﻣﺎذا ﻋﻠﻲّ أن أﻓﻌﻞ؟
    561032|00000000||ﻋﻠﯿﻚ اﻟﺒﻘﺎء ﻓﻲ اﻟﻘﻠﻌﺔ. إذا ﻗﺎﻣﻮا ﺑﺎﺧﺘﺮاﻗﮭﺎ، ﻓﺎذھﺒﻲ ﻟﻠﺪاﺧﻞ وﺳﻨﺘﺠﻤﻊ ﻟﻤﺴﺎﻋﺪﺗﻚ.
    566159|00000000||ﻣﺴﺘﺤﯿﻞ. ﯾﻤﻜﻨﻨﻲ ﺣﻤﺎﯾﺔ ﻧﻔﺴﻲ.
    566160|00000000||ﻻ ﺷﻚ ﻓﻲ ذﻟﻚ ﯾﺎ ﺻﻐﯿﺮﺗﻲ. وﻟﻜﻦ ھﻞ ﺗﺘﺬﻛﺮﯾﻦ أھﻢ ﻟﺤﻈﺔ ﻋﻨﺪ اﺻﻄﯿﺎد وﺣﺶ؟
    566164|00000000||"اﻧﺘﻈﺎر اﻟﻔﺮﺻﺔ."
    566166|00000000||ﺑﻌﺪ ﻓﺾ اﻟﻤﺠﻠﺲ ﺳﺄﻋﻄﯿﻚِ ﺗﻤﯿﻤﺔ. ﻓﻲ ﺣﺎﻟﺔ ﻣﺎ إذا ﻗﻤﺖِ ﺑﺎﺳﺘﺨﺪاﻣﮭﺎ، ﺳﺘﺴﻘﻂ ﻛﺮة ﻣﻦ اﻟﻨﺎر ﺣﯿﺚ ﺗﻘﻔﯿﻦ. ﻋﻠﻰ ﺳﺒﯿﻞ اﻻﺣﺘﯿﺎط.
    566168|00000000||ﻋﻠﯿﻨﺎ اﻟﻌﻤﻞ ﻣﻌًﺎ.
    566172|00000000||ﺗﺬﻛﺮوا، ﻧﺤﻦ ﻗﻼﺋﻞ، وﻋﻠﯿﻨﺎ ﻣﺴﺎﻋﺪة ﺑﻌﻀﻨﺎ اﻟﺒﻌﺾ واﻟﻌﻤﻞ ﻣﻌًﺎ.
    566174|00000000||إذا ﺣﺪث ﺧﻄﺄ ﻣﺎ ووﺿﻌﻨﺎ (اﻟﮭﺎﻧﺖ) ﻓﻲ ﻣﻮﻗﻒ دﻓﺎﻋﻲ، ﯾﺘﻌﯿﻦ ﻋﻠﯿﻨﺎ اﻟﺘﺮاﺟﻊ واﻟﻮﻗﻮف ﻋﻨﺪ ﺑﻮاﺑﺎت اﻟﺤﺼﻦ.
    566176|00000000||واﻟﻔﻨﺎء اﻟﺪاﺧﻠﻲ ھﻮ ﺧﻂ اﻟﺪﻓﺎع اﻷﺧﯿﺮ ﻟﺪﯾﻨﺎ. ﻓﺈذا ﻟﻢ ﻧﺘﻤﻜﻦ ﻣﻦ إﯾﻘﺎﻓﮭﻢ ھﻨﺎك، ﯾﻜﻮن ﻗﺪ ﻗﻀﻲ ﻋﻠﯿﻨﺎ.
   1062490|00000000||اﺟﻤﻊ اﻟﻜﻞ. ﺣﺎن وﻗﺖ اﻟﺘﺤﺪث.
    524316|00000000||ﺷﻜﺮًا ﻟﺤﻀﻮرﻛﻢ.
    549991|00000000||ﺳﯿﺼﻞ (اﻟﻮاﯾﻠﺪ ھﺎﻧﺖ) إﻟﻰ ھﻨﺎ ﻗﺮﯾﺒًﺎ. إﻧﮭﻢ ﻗﺎدﻣﻮن ﻣﻦ أﺟﻞ (ﺳﯿﺮي)، وﯾﺮﯾﺪون أﺧﺬھﺎ، وﺳﻨﻤﻨﻌﮭﻢ.
    524318|00000000||ﻛﯿﻒ ﺗﻌﺮف ﺣﺘﻰ أن (اﻟﻮاﯾﻠﺪ ھﺎﻧﺖ) ﺳﯿﻈﮭﺮون؟
    535815|00000000||إﻧﮭﻢ ﯾﻌﺮﻓﻮن داﺋﻤًﺎ اﻟﻤﻜﺎن اﻟﺬي أﻧﺘﻘﻞ إﻟﯿﮫ، وھﻢ ﯾﺘﺤﺮﻛﻮن ﻣﻦ ﻣﻜﺎن إﻟﻰ آﺧﺮ ﻓﻲ ﻏَﻤﻀَﺔِ ﻋَﯿﻦ.
    550012|00000000||ﻣﺎ ھﻲ ﺧﻄﺘﻨﺎ إذن؟
    561013|00000000||ﯾﺸﻌﺮ (إﯾﺮﯾﺪﯾﻦ)، ﻣﻠﻚ (اﻟﻮاﯾﻠﺪ ھﺎﻧﺖ)، ﺑﺜﻘﺔٍ ﻛﺒﯿﺮة. ﻟﺬا، ﺳﯿﻀﺮب ﺑﯿﺪ ﻣﻦ ﺣﺪﯾﺪ، ﻋﻠﻰ أﻣﻞ ھﺰﯾﻤﺘﻨﺎ ﺑﻘﻮة اﻟﻀﺮﺑﺔ وﺣﺪھﺎ. وﻋﻠﯿﻨﺎ أن ﻧﺘﻮﻟﻰ زﻣﺎم اﻟﻤﺒﺎدرة ﺑﻌﯿﺪًا ﻋﻨﮫ، وﻧﻔﺴﺪ ﻋﻠﯿﮫ ﺧﻄﺘﮫ.
    561014|00000000||ﺳﺄﻗﻮم ﺑﻌﻤﻞ ﻗﺒﺔ ﺳﺤﺮﯾﺔ ﻓﻮق اﻟﺤﺼﻦ. وھﺬا ﺳﯿﺒﻌﺜﺮھﻢ وﯾﺠﺒﺮھﻢ ﻋﻠﻰ اﻟﮭﺒﻮط ﻓﻲ اﻟﻐﺎﺑﺔ.
    561011|00000000||ﺳﻨﺄﺧﺬ زﻣﺎم اﻟﻤﺒﺎدرة.
    561012|00000000||ﺳﯿﻜﻮن ﻟﺪﯾﻨﺎ ﺟﻤﯿﻌًﺎ ﻣﮭﻤﺔ.
    561015|00000000||ﻟﺴﻨﺎ ﻛﺜﯿﺮﯾﻦ، وﻟﻜﻨﻨﻲ أﺋﺘﻤﻦ ﻛﻞ ﻓﺮد ﻓﯿﻜﻢ ﺑﺤﯿﺎﺗﻲ. إذا ﻋﻤﻠﻨﺎ ﻣﻌًﺎ، ﻓﺴﻨﮭﺰم (اﻟﮭﺎﻧﺖ).
    561016|00000000||ﻋﻨﺪﻣﺎ ﯾﻘﻮﻣﻮن ﺑﺎﻟﮭﺠﻮم، ﺳﺘﻘﻮم (ﯾﻨﯿﻔﺮ) ﺑﻌﻤﻞ ﻗﺒﺔ ﻓﻮق اﻟﺤﺼﻦ ﻛﺪرع ﺳﺤﺮي. وھﺬا ﺳﯿﺠﺒﺮ (اﻟﮭﺎﻧﺖ) ﻋﻠﻰ اﻟﻨﺰول ﺧﺎرج اﻟﺠﺪران.
    561017|00000000||إذا اﻧﺘﺸﺮوا ﺑﺎﻟﺨﺎرج ﻓﻲ اﻟﻐﺎﺑﺔ، ﻓﻘﺪ ﻧﺘﻤﻜﻦ ﻣﻦ اﻹﻣﺴﺎك ﺑﻤﺠﻤﻮﻋﺎت ﺻﻐﯿﺮة ﻣﻦ اﻟﻔﺮﺳﺎن.
    561018|00000000||ﻟﺪﯾﻨﺎ أول ﻣﺘﻄﻮع ﻟﺤﻔﻠﺔ اﻟﺼﯿﺪ. وأﻧﺎ اﻟﺜﺎﻧﻲ.
   1062847|00000000||ﯾﻤﻜﻨﻚ اﻻﻋﺘﻤﺎد ﻋﻠﻲّ، أﻧﺎ أؤﻣﻦ دوﻣًﺎ أن اﻟﮭﺠﻮم ھﻮ ﺧﯿﺮ وﺳﯿﻠﺔ ﻟﻠﺪﻓﺎع.
    561023|00000000||ﺳﯿﺤﺎول (اﻟﮭﺎﻧﺖ) اﺧﺘﺮاق اﻟﺤﺼﻦ ﻣﻦ ﺧﻼل ﺑﻮاﺑﺎت اﻟﺘﻨﻘﻞ. وﻻ ﯾﻤﻜﻨﻨﻲ ﻓﻌﻞ أي ﺷﻲء ﺣﯿﺎل ھﺬا اﻟﻨﻮع ﻣﻦ اﻟﺴﺤﺮ، ﻟﺬا ﯾﺠﺐ ﻋﻠﯿﻜﻢ اﻟﻌﺜﻮر ﻋﻠﻰ أﻛﺒﺮ ﻗﺪر ﻣﻤﻜﻦ ﻣﻦ اﻟﺒﻮاﺑﺎت وإﻏﻼﻗﮭﺎ أﺛﻨﺎء ﺻﯿﺪﻛﻢ ﻓﻲ اﻟﻐﺎﺑﺔ.
    562123|00000000||ﺳﯿﺼﻨﻊ (ﻻﻣﺒﺮت) ﻟﻨﺎ ﻗﻨﺎﺑﻞ ﻣﻦ اﻟﺪﯾﻤﯿﺮﯾﺘﯿﻮم. ھﻞ ﺗﺘﺬﻛﺮ اﻟﺘﺮﻛﯿﺒﺔ؟
    562125|00000000||ﺑﺎﻟﻄﺒﻊ.
    562127|00000000||ﻣﻤﺘﺎز. ﺳﺄﺟﻌﻠﻚ ﺧﻔﯿًﺎ ﻋﻦ اﻷﻧﻈﺎر، وﻟﻜﻦ ﺳﯿﺴﺘﻤﺮ ﻣﻔﻌﻮل اﻟﺘﻌﻮﯾﺬة ﺣﺘﻰ وﻗﻮع أول ﺻﺪام ﻣﻊ اﻟﻌﺪو. ﻟﺬا، إذا ﻣﺮرت ﺑﻮﺣﺪة ﻛﺒﯿﺮة، ﻓﻌﻠﯿﻚ اﻟﻔﺮار، وﺳﺘﻘﺪم (ﺗﺮﯾﺲ) اﻟﺪﻋﻢ.
   1062897|00000000||ﺑﻐﺾ اﻟﻨﻈﺮ ﻋﻦ ذﻟﻚ، ﺳﯿﻜﻮن ﺑﺎﺳﺘﻄﺎﻋﺘﮭﻢ ﺳﻤﺎع ﺻﻮﺗﻚ وﺷﻢ راﺋﺤﺘﻚ. وإذا ﺻﺎدﻓﺖ وﺣﺪة ﻛﺒﯿﺮة، ﻻ ﺗﮭﺎﺟﻤﮭﺎ. ﻗﻢ ﺑﺎﻹﺷﺎرة إﻟﻰ (ﺗﺮﯾﺲ) وﺳﺘﻮﻓﺮ ﻟﻚ اﻟﺪﻋﻢ.
    561024|00000000||ﺳﺄﻧﺘﻈﺮ إﺷﺎرﺗﻚ. وﺑﻤﺠﺮد رؤﯾﺘﮭﺎ، ﺳﺄﻏﻤﺮ اﻟﻐﺎﺑﺔ ﺑﺎﻟﻨﯿﺮان.
    561025|00000000||اﻵن ﺑﺎﻟﻨﺴﺒﺔ ﻟﺒﺎﻗﻲ اﻟﺨﻄﺔ.
    561033|00000000||ﻣﺎذا ﻟﺪﯾﻨﺎ أﯾﻀًﺎ ﯾﻤﻜﻨﻨﺎ اﺳﺘﺨﺪاﻣﮫ؟
    520448|00000000||ﻣﻨﺬ أن ﺧﻄﻄﺖ ﻟﻠﮭﺠﻮم ﻋﻠﻰ (ھﺎﻧﺖ) ﻣﻦ ﻣﺨﺒﺄك ﻓﻲ اﻟﻐﺎﺑﺔ، اﺳﺘﻄﻌﺖ ﺣﻔﺮ ﺑﻌﺾ اﻟﻔﺨﺎخ. ذات ﻧﻤﻂ أﺷﺮطﺔ زرﻗﺎء.
   1062493|00000000||اﻟﻤﻌﻨﻰ؟
    520449|00000000||ﻋﻤﯿﻘﺔ ﻣﺜﻞ اﻟﮭﺎوﯾﺔ اﻟﺴﺤﯿﻘﺔ. اﻟﺠﺰء اﻟﺴﻠﻔﻲ ﻣﻨﮭﺎ ﯾﻨﺘﺼﺐ ﺑﺄوﺗﺎد ﺣﺎدة.
    520435|00000000||ﻟﻘﺪ أﺣﻀﺮت ﺧﻠﯿﻂ ﻣﺎھﺎﻛﺎﻣﺎن ھﺬا - ﻗﺎﺑﻞ ﻟﻼﺷﺘﻌﺎل ﻣﺜﻞ اﻟﻌﻈﺎم اﻟﺠﺎﻓﺔ اﻟﻤﺎﻟﺤﺔ اﻟﮭﺸﺔ وﯾﺮﺷﻖ اﻟﻌﺼﻲّ ﻓﻲ أي ﺷﻲء.
    545958|00000000||ﺳﻨﻘﻮم ﺑﻤﻞء اﻟﺒﺮاﻣﯿﻞ، وﻧﺠﻤﻌﮭﻢ ﻓﻲ ﻣﻤﺮ ﺿﯿﻖ و ﻧﻄﻠﻘﮭﻢ ﻓﻲ اﻟﻮﻗﺖ اﻟﻤﻨﺎﺳﺐ.
    520454|00000000||ھﻞ ﺗﻌﻠﻤﻮن أﻧﻨﺎ ﻧﻘﻒ ﻋﻠﻰ ﻣﺨﺰون ﻛﺒﯿﺮ ﻣﻦ اﻟﻐﺎز؟
    545962|00000000||إذا ﻟﺰم اﻷﻣﺮ، ﯾﻤﻜﻨﻨﻲ ﻓﺘﺢ ﺷﻘﻮق ﻓﻲ اﻷرض وﺻﻨﻊ ﺗﻔﺠﯿﺮات، وﻟﻜﻨﻨﻲ ﯾﺠﺐ أن أﺳﺘﻌﺪ.
    520430|00000000||ﻟﺪﯾﻨﺎ اﻟﻤﺨﺘﺒﺮ... وورﺷﺔ اﻟﻌﻤﻞ.
   1062888|00000000||ھﻨﺎك ﺷﻲء واﺣﺪ ﯾﺠﺐ ﺗﺬﻛﺮه - ﺗﻮﺟﺪ ﻟﺪﯾﻨﺎ ﻣﻮارد ﻣﺤﺪودة ووﻗﺖ أﻗﻞ. ﯾﺠﺐ ﻋﻠﯿﻨﺎ أن ﻧﺤﺪد ﻧﻮع اﻷﺳﻠﺤﺔ اﻟﺘﻲ ﺳﺘﻜﻮن أﻛﺜﺮ إﻓﺎدة ﻓﻲ ﻣﻮاﺟﮭﺔ (ھﺎﻧﺖ).
   1062890|00000000||ﺑﺎﻟﺘﺄﻛﯿﺪ. ﻧﺤﺘﺎج إﻟﻰ ﺗﺤﺪﯾﺪ ﻧﻮع واﺣﺪ ﻣﻦ اﻷﺳﻠﺤﺔ ﺑﺤﯿﺚ ﺗﻜﻮن ﻣﻨﺎﺳﺒﺔ ﻟﻠﻤﻌﻤﻞ واﻟﻮرﺷﺔ.
   1062878|00000000||ﯾﺠﺐ ﻋﻠﻰ (ﺟﯿﺮاﻟﺖ) أن ﯾﻘﺮر. ﺳﺄﻧﻀﻢ إﻟﻰ ﻣﻦ ﯾﺬھﺐ إﻟﻰ اﻟﻤﻌﻤﻞ. ﻛﻞ ﻣﺎ أﺣﺘﺎج إﻟﯿﮫ ﺑﻀﻌﺔ ﻣﻜﻮﻧﺎت، ﻗﺎرورة واﺳﺘﺨﺪام ﻣﻮﻗﺪ.
    520452|00000000||ﻟﻘﺪ ﺗﻮﻓﺮ ﻟﻲ ﺑﻌﺾ اﻟﻮﻗﺖ ﻟﻠﺘﺠﺮﺑﺔ ﺑﻌﺪ ﺣﻞ ﻣﺸﻜﻠﺔ (ﻛﺎرادﯾﻦ). أرﯾﺪ إﻧﮭﺎء ذﻟﻚ.
   1062859|00000000||أﻋﺘﻘﺪ أﻧﻨﻲ أﻋﺮف ﻛﯿﻒ أﻧﺘﺞ ﺗﺮﻛﯿﺒﺔ ﻗﻮﯾﺔ ﻣﻦ ﻣﺎدة (راﻓﺎرد) اﻟﻤﺴﺘﺨﻠﺼﺔ اﻟﺒﯿﻀﺎء.
    520462|00000000||ﻟﺴﻨﺎ ﻛﺜﯿﺮﯾﻦ، ﻟﺬا ﺳﻨﺤﺘﺎج إﻟﻰ إﻋﺪاد اﻟﻜﺜﯿﺮ ﻣﻦ اﻟﻔﺨﺎخ ﺑﻘﺪر اﻟﻤﺴﺘﻄﺎع.
    520456|00000000||ﻓﺨﺎخ اﻟﻨﺎر، ھﺬه ھﻲ أﻓﻀﻞ ﻓﻜﺮة.
    520455|00000000||ﺳﺘﻜﻮن اﻟﺠﺮﻋﺎت ذات ﻓﺎﺋﺪة ﻛﺒﺮى.
    520463|00000000||ﻟﻘﺪ ﻛﻨﺎ ﻧﻌﺘﻤﺪ داﺋﻤًﺎ ﻋﻠﻰ اﻟﺠﺮﻋﺎت، وﻧﺤﻦ ﺑﺤﺎﺟﺔ ﻟﺘﺤﻀﯿﺮ اﻟﻜﺜﯿﺮ ﻣﻨﮭﺎ ﺑﻘﺪر اﻹﻣﻜﺎن.
    577623|00000000||ﻟﻨﺘﺤﺪث ﻋﻦ ورﺷﺔ اﻟﻌﻤﻞ.
    589008|00000000||وھﻨﺎك ﺳﯿﻨﺘﻈﺮ (ﻻﻣﺒﺮت) و(ﺟﯿﺮاﻟﺖ)، وﺳﯿﺴﺘﺨﺪﻣﺎن ﻗﻨﺎﺑﻞ اﻟﺪﯾﻤﯿﺮﯾﺘﯿﻮم ﻹﻏﻼق ﺑﻮاﺑﺎت اﻟﺘﻨﻘﻞ، وﻣﻨﻊ أﻛﺒﺮ ﻋﺪد ﻣﻤﻜﻦ ﻣﻦ اﻟﻤﺤﺎرﺑﯿﻦ ﻣﻦ دﺧﻮل اﻟﺤﺼﻦ.
    561068|00000000||ﻟﻨﺘﺤﺪث ﻋﻤﺎ ﯾﻤﻜﻦ ﺗﻮﻗﻌﮫ.
    561071|00000000||أردت اﻟﺘﺤﺪث ﻋﻤﺎ ﯾﻤﻜﻦ أن ﻧﺘﻮﻗﻌﮫ...
    561073|00000000||ﺷﻜﺮًا، ﻟﺴﺖ ﻣﮭﺘﻤًﺎ ﺑﺬﻟﻚ. ﯾﻨﺒﻐﻲ ﻋﻠﯿﻚ اﻟﺘﺤﺪث إﻟﻰ (ﺳﯿﺮي) - إﻧﮭﺎ ﺑﺤﺎﻟﺔ ﻣﺰاﺟﯿﺔ ﺟﯿﺪة.
    320912|00000000||ﺟﺮﻋﺎﺗﻚ.
   1067621|00000000||أﻧﺎ أﻋﺮﺿﻚ ﻟﻠﺨﻄﺮ. ﺑﺸﻜﻞ ﻏﯿﺮ ﺿﺮوري.
   1063130|00000000||أﻧﺖ ﺗﻘﻠﻖ ﺑﺸﻜﻞ ﻛﺒﯿﺮ ﻟﻠﻐﺎﯾﺔ. اﻣﺴﺢ ذﻟﻚ اﻟﻌﺒﻮس ﻣﻦ ﻋﻠﻰ وﺟﮭﻚ. ﺳﻨﻔﻌﻠﮭﺎ.
    572362|00000000||ﺳﺂﺧﺬ (ﻟﯿﺜﻮ) ﻣﻌﻨﺎ.
    572392|00000000||أﻧﺖ ﺗﻌﺮف رأﯾﻲ.
    311653|00000000||ﺷﻜﺮًا، ﻋﻠﻰ ﻛﻞ ﺷﻲء.
    320926|00000000||ﺳﺄﺟﮭﺰ اﻟﺨﯿﻮل، وأﺣﻀﺮ ﺑﻤﺠﺮد أن ﺗﻜﻮن ﻣﺴﺘﻌﺪًا ﻟﻠﺬھﺎب إﻟﻰ اﻟﻐﺎﺑﺔ.
    320918|00000000||ﻻ ﯾﻤﻜﻨﻨﻲ ﻏﯿﺮ أن أﻗﻠﻖ. ﻧﺤﻦ ﻧﻌﺎﻧﻲ ﻣﻦ ﻧﻘﺺ ﻓﻲ اﻟﺴﯿﻮف اﻟﺼﻠﺐ اﻟﻨﯿﺰﻛﻲ.
    320920|00000000||ﯾﻮﺟﺪ ﻣﻦ اﻷﺳﻠﺤﺔ ﻣﺎ ﯾﻜﻔﻲ اﻟﺠﻤﯿﻊ. وﻗﺪ ﺟﺪد (ﭬﯿﺴﯿﻤﯿﺮ) ھﺬا ﻟﻚ.
    562442|00000000||ﺳﯿﻒ ﻧﺼﻠﮫ ﻣﺼﻨﻮع ﺑﻮاﺳﻄﺔ اﻷﻗﺰام، وﻗﺒﻀﺘﮫ ﻣﻦ ﺻﻨﻊ (اﻹﻟْﻒ)، وﯾﻤﻜﻨﮫ ﻗﻄﻊ اﻟﺪروع ﻛﺎﻟﺰﺑﺪة.
    320914|00000000||ﺣﺼﻠﺖ ﻋﻠﻰ ﺗﺮﻛﯿﺒﮫ ﺟﺪﯾﺪة ﻟﻚ. ﻣﺴﺘﺨﻠﺺ (راﻓﻮرد) اﻷﺑﯿﺾ - ﻣﺤﺼﻨﺔ. ﺧﺬھﺎ.
    561069|00000000||ﻣﺎ اﻟﺠﺎھﺰ اﻵن؟
   1067619|00000000||ﻟﻢ ﯾﻜﻦ ﻟﺪي اﻟﻮﻗﺖ اﻟﻜﺎﻓﻲ ﻟﻺﺳﺘﻌﺪاد ،ﻟﯿﺲ اﻟﻜﺜﯿﺮ، ﺑﺼﺮاﺣﺔ.
    561067|00000000||ھﻞ ﺗﺴﯿﺮ اﻻﺳﺘﻌﺪادات ﻋﻠﻰ ﻗﺪمٍ وﺳﺎق؟
    320904|00000000||أﺧﺸﻰ أﻧﻨﺎ ﻧﺴﯿﻨﺎ أﻣﺮًا ﻣﮭﻤًﺎ.
    320910|00000000||ﻻ ﺗﻔﻜﺮ ﻓﻲ ذﻟﻚ.
    520466|00000000||ﺗﺬﻛﺮوا، ﯾﺠﺐ أن ﻧﻤﻨﻊ (إﯾﺮﯾﺪﯾﻦ) ﻣﻦ اﻟﻮﺻﻮل إﻟﻰ (ﺳﯿﺮي). ھﺬا أھﻢ ﻣﺎ ﻓﻲ اﻷﻣﺮ.
    520467|00000000||ﻟﻨﻨﻈﺮ إﻟﻰ ﺧﺮﯾﻄﺔ اﻟﺤﺼﻦ، وﻧﺮَ اﻟﺘﻔﺎﺻﯿﻞ.
    589009|00000000||وﺳﺘﻨﺘﻈﺮ (ﺗﺮﯾﺲ) إﺷﺎرﺗﮭﻤﺎ، وﺗﺮﺳﻞ اﻟﻔﺮﺳﺎن إﻟﻰ اﻟﺠﺤﯿﻢ.
    589010|00000000||وﺳﯿﻘﻮم اﻵﺧﺮون ﺑﺼﺪ أي ﻋﺪو ﯾﺘﻤﻜﻦ ﻣﻦ ﺟﺪران اﻟﺤﺼﻦ.
    589464|00000000||إذا ﺣﺪث أي ﺧﻄﺄ، ﻓﺴﻨﺘﺮك اﻟﻔﻨﺎء اﻟﺨﺎرﺟﻲ، وﻧﻨﺴﺤﺐ إﻟﻰ اﻟﻘﻠﻌﺔ.
   1062844|00000000||ﻓﻲ اﻟﻤﻜﺎن اﻟﺬي ﺳﯿﻨﺘﻈﺮ ﻓﯿﮫ (ﻻﻣﺒﺮت)، و(ﺟﯿﺮاﻟﺖ)، و(ﻟﯿﺜﻮ). ﺳﯿﺴﺘﺨﺪﻣﻮن اﻟﺪﯾﻤﯿﺮﺗﯿﻮم ﻟﻐﻠﻖ ﺑﻮاﺑﺎت اﻟﻤﻼح، وإﯾﻘﺎف أﻛﺒﺮ ﻋﺪد ﻣﻦ اﻟﻤﺤﺎرﺑﯿﻦ ﺑﻘﺪر اﻹﻣﻜﺎن ﻣﻦ اﻟﺪﺧﻮل إﻟﻰ اﻟﺤﺼﻦ.
    577675|00000000||ﺧﻼﺻﺔ اﻟﻘﻮل: ﺳﺘﻘﻮم (ﯾﻨﯿﻔﺮ) ﺑﻌﻤﻞ ﺣﺎﺟﺰ ﺳﺤﺮي ﻟﺼﺪ اﻟﮭﺠﻮم اﻟﺮﺋﯿﺴﻲ، وھﺬا ﺳﻮف ﯾﺪﻓﻊ ﺑﺎﻟﻘﻮة اﻟﻤﻌﺎدﯾﺔ إﻟﻰ اﻟﻐﺎﺑﺔ.
    577572|00000000||ﻧﻌﻢ، ﺗﻤﺖ ﺗﺴﻮﯾﺔ ﻛﻞ ﺷﻲء. ﻟﯿﺲ ﻟﺪﯾﻨﺎ اﻟﻜﺜﯿﺮ ﻣﻦ اﻟﻮﻗﺖ، ﻟﺬا ﻟﻨﺸﺮع ﻓﻲ اﻟﻌﻤﻞ.
    577555|00000000||ﻧﻌﻢ، ﻓﻠﻨﺒﺪأ اﻟﻌﻤﻞ.
    577556|00000000||أود أن أﻏﯿﺮ ﺷﯿﺌًﺎ.
    577583|00000000||ﻣﻤﻢ. ﻻ، ﯾﺘﻌﯿﻦ ﻋﻠﯿﻨﺎ ﻓﻌﻞ ذﻟﻚ ﺑﺸﻜﻞ ﻣﺨﺘﻠﻒ.
    577600|00000000||ﻣﺎ اﻟﺬي ﺗﺮﯾﺪ أن ﺗﻐﯿﺮه اﯾﮭﺎ (اﻟﺬﺋﺐ)؟
    577610|00000000||ﯾﺘﻌﯿﻦ ﻋﻠﯿﻨﺎ اﺳﺘﺨﺪام اﻟﻤﺨﺘﺒﺮ ﺑﺸﻜﻞ ﻣﺨﺘﻠﻒ.
    577584|00000000||ﺑﺨﺼﻮص اﻟﻤﺨﺘﺒﺮ...
    577585|00000000||ﺑﺨﺼﻮص ورﺷﺔ اﻟﻌﻤﻞ...
    577635|00000000||ﯾﺘﻌﯿﻦ ﻋﻠﯿﻨﺎ اﺳﺘﺨﺪام اﻟﻮرﺷﺔ ﻟﺸﻲء آﺧﺮ.
    577632|00000000||ﺳﻨﻜﻮن ﺑﺤﺎﺟﺔ إﻟﻰ اﻷﺳﻠﺤﺔ اﻟﺘﻲ ﺗﺨﺘﺮق دروع (اﻟﻮاﯾﻠﺪ ھﺎﻧﺖ). وﯾﺠﺐ ﻋﻠﯿﻨﺎ ﺗﻨﻈﯿﻒ اﻟﺤﻄﺎم اﻟﻤﻮﺟﻮد ﻓﻲ ﻣﺴﺘﻮدع اﻷﺳﻠﺤﺔ.
    577627|00000000||ﻟﻨﺴﻠﺢ أﻧﻔﺴﻨﺎ ﺟﯿﺪًا.
    577626|00000000||ﻟﻨﺼﻠﺢ اﻟﺠﺪار.
    577630|00000000||ﻧﺤﺘﺎج إﻟﻰ إﺻﻼح اﻟﺼﺪوع ﻓﻲ اﻟﺠﺪار أوﻻً وﻗﺒﻞ ﻛﻞ ﺷﻲء. اﻷﻣﺮ ﯾﺴﺘﺤﻖ اﺳﺘﺨﺪام اﻟﻮرﺷﺔ ﺑﺄﻛﻤﻠﮭﺎ ﻟﻠﻘﯿﺎم ﺑﺬﻟﻚ ﺟﯿﺪًا.
    577634|00000000||وﻣﺎذا ﻋﻦ اﻟﻤﺨﺘﺒﺮ؟
    577607|00000000||ﻟﺴﻨﺎ ﻛﺜﯿﺮﯾﻦ، ﻟﺬا ﯾﻨﺒﻐﻲ ﻋﻠﯿﻨﺎ إﻋﺪاد اﻟﻜﺜﯿﺮ ﻣﻦ اﻟﻔﺨﺎخ ﺑﻘﺪر اﻟﻤﺴﺘﻄﺎع، وﻧﻜﺮّس ﻛﻞ ﺟﮭﻮدﻧﺎ ﻟﺬﻟﻚ.
    577604|00000000||ﻓﺨﺎخ اﻟﻨﺎر، ھﺬه ھﻲ أﻓﻀﻞ ﻓﻜﺮة.
    577603|00000000||ﺳﺘﻜﻮن اﻟﺠﺮﻋﺎت ذات ﻓﺎﺋﺪة ﻛﺒﺮى.
    577602|00000000||ﻟﻘﺪ ﻛﻨﺎ ﻧﻌﺘﻤﺪ داﺋﻤًﺎ ﻋﻠﻰ اﻟﺠﺮﻋﺎت، وﻧﺤﻦ ﺑﺤﺎﺟﺔ ﻟﺘﺤﻀﯿﺮ اﻟﻜﺜﯿﺮ ﻣﻨﮭﺎ ﺑﻘﺪر اﻹﻣﻜﺎن. وھﺬا ﺳﻮف ﯾﺴﺘﮭﻠﻚ ﺟﻤﯿﻊ اﻟﻤﻌﺪات اﻟﺘﻲ ﻟﺪﯾﻨﺎ.
    577554|00000000||ھﻞ ﺗﻤﺖ ﺗﺴﻮﯾﺔ ﻛﻞ ﺷﻲء؟
    577482|00000000||ﻟﯿﺲ ﻟﺪﯾﻨﺎ وﻗﺖ ﻛﺎفٍ ﻟﻠﻘﯿﺎم ﺑﺄﺷﯿﺎء أﺧﺮى.
    520465|00000000||ﻟﻨﺘﺤﺪث ﻋﻦ ورﺷﺔ اﻟﻌﻤﻞ.
    520445|00000000||ﻟﻄﺎﻟﻤﺎ ﻛﻨﺖ أرﯾﺪ إﺻﻼح اﻟﺼﺪوع ﻓﻲ اﻟﺠﺪار. وﻟﻜﻨﻨﺎ ﻧﺮﯾﺪ ﻧﻔﺲ اﻷدوات ﻟﺘﻨﻈﯿﻒ اﻟﺤﻄﺎم ﻣﻦ ﻣﺴﺘﻮدع اﻷﺳﻠﺤﺔ.
   1076851|00000000||(راﺑﻞ)؟
   1076853|00000000||أﻟﻢ ﺗﺴﻤﻊ؟ ﻛﮭﻒ ﻣﺴﻘﻒ ﺧﻼل ﻋﺎﻣﯿﻦ ﻣﻀﯿﺎ... ھﻨﺎك ﺑﻌﺾ اﻟﺴﯿﻮف اﻟﻤﻤﺘﺎزة ھﻨﺎك. ﺳﯿﻮف ﯾﻤﻜﻨﻨﺎ اﺳﺘﺨﺪاﻣﮭﺎ.
   1076855|00000000||ﻣﻤﻠﻮء ﺑﺎﻟﺼﺪوع وﯾﺒﺪو ﻣﮭﻤًﺎ. إﻧﮭﻢ ﯾﺄﺗﻮن ﻣﻦ ھﻨﺎك، اﻟﺤﺼﺎر ﯾﻤﻜﻦ أن ﯾﺘﻢ ﺑﺴﺮﻋﺔ ﻣﺨﯿﻔﺔ.
    520443|00000000||ﺳﻨﺤﺘﺎج إﻟﻰ أﺳﻠﺤﺔ ﯾﻤﻜﻨﮭﺎ اﺧﺘﺮاق دروع (اﻟﻮاﯾﻠﺪ ھﺎﻧﺖ)... ﯾﺠﺐ أن اﻧﻈﻒ ﻣﺴﺘﻮدع اﻷﺳﻠﺤﺔ.
    520438|00000000||ﻓﻠﻨﮭﺘﻢ ﺑﺈﻋﺪاد أﺳﻠﺤﺘﻨﺎ.
    520437|00000000||ﯾﺠﺐ إﺻﻼح اﻟﺠﺪار.
    520440|00000000||إﺻﻼح اﻟﺼﺪوع ﻓﻲ اﻟﺠﺪران ﻟﮫ اﻷوﻟﻮﯾﺔ.
    520446|00000000||ﯾﺠﺐ أﻻ ﻧﻨﺴﻰ اﻟﻤﺨﺘﺒﺮ.
    520451|00000000||ﻟﻘﺪ ﺑﺪأت ﻓﻲ ﺗﺤﻀﯿﺮ ﺑﻌﺾ اﻟﺠﺮﻋﺎت، وأود أن أﻧﺘﮭﻲ ﻣﻨﮭﺎ إذا ﻛﻨﺖ ﻻ ﺗﻤﺎﻧﻊ.
   1062876|00000000||أﺳﺘﻄﯿﻊ إﻋﺪاد ﻣﺰﯾﺪ ﻣﻦ ﻓﺨﺎخ (وﯾﺘﺸﺮ)... وﻟﻜﻨﻲ ﺳﺄﺣﺘﺎج إﻟﻰ ﺟﻤﯿﻊ ﻣﻌﺪات اﻟﻤﻌﻤﻞ.
    520447|00000000||ﻣَﻦْ ﯾﺮﯾﺪ اﻟﺪﺧﻮل إﻟﻰ اﻟﻤﺨﺘﺒﺮ؟
    520431|00000000||ﻣﺎذا أﻋﺪ ﻟﻨﺎ اﻟﻤﺨﺘﺒﺮ؟
    520432|00000000||ﻟﻨﺘﺤﺪث ﻋﻦ ورﺷﺔ اﻟﻌﻤﻞ.
    520433|00000000||ھﻞ ﻟﺪى أي أﺣﺪ أﻓﻜﺎر ﻟﻮرﺷﺔ اﻟﻌﻤﻞ؟
    466202|00000000||ﺧﺬوا أﻣﺎﻛﻨﻜﻢ!
    466206|00000000||اﻟﻤﻮت ﻟﮭﺆﻻء اﻷوﻏﺎد!
    466204|00000000||ﻟﻢ ﯾﺘﺒﻖَ ﺳﻮى اﻟﻘﻠﯿﻞ ﻣﻨﮭﻢ!
    546067|00000000||(ﺳﯿﺮي)! اﺣﺬري!
    564598|00000000||ھﻨﺎك ﺧﻄْﺐٌ ﻣﺎ؟
    564600|00000000||ﻣﺎ اﻟﺬي ﯾﺰﻋﺠﻚ؟
    564602|00000000||أﻻ ﺗﻌﻠﻢ ﺣﻘًﺎ؟
    564604|00000000||اﻏﺮب ﻋﻦ وﺟﮭﻲ. ﻟﻘﺪ ﺳﺌﻤﺖ ﻣﻦ ھﺬا اﻟﺤﻮار اﻷﺣﻤﻖ.
    564606|00000000||أﺗﻤﻨﻰ أن ﺗﺴﺘﺮد ﺻﺤﺘﻚ ﺛﺎﻧﯿﺔً.
    564608|00000000||دﻋﻨﻲ وﺷﺄﻧﻲ.
    564597|00000000||اﺳﺘﺮح، ﻟﺘﺘﻌﺎﻓﻰ.
    321510|00000000||ﻛﯿﻒ ﺣﺎﻟﻚ؟
    321512|00000000||ﻣﻦ ﻓﻀﻠﻚ.
    321514|00000000||ﺷﻜﺮًا ﻋﻠﻰ ﻛﻞ ﺷﻲء.
    321516|00000000||ﺑﺎﻟﺘﺄﻛﯿﺪ.
    572967|00000000||ﺷﻜﺮًا ﻋﻠﻰ ﻣﺴﺎﻋﺪﺗﻚ ﻟﻲ ھﻨﺎك، أﺛﻨﺎء اﻟﻤﻌﺮﻛﺔ. ﻣﻦ اﻟﻌﺎر أن (ﭬﯿﺴﯿﻤﯿﺮ) ﻟﻢ ﯾﺤﺎﻟﻔﮫ اﻟﺤﻆ.
   1076917|00000000||اﻟﻤﻌﺮﻛﺔ اﻟﻜﺒﺮى أﻣﺎﻣﻨﺎ. ﻛﯿﻒ ھﻲ اﻷﺧﻼق؟
    546839|00000000||ھﻞ ﺗﺘﺬﻛﺮ ﻣﻮاﺟﮭﺘﻨﺎ ﻣﻌﮭﻢ ﻋﻨﺪ (ھﺎﻧﻐﺪ ﻣﺎﻧﺰ ﺗﺮي)؟
    549678|00000000||ﺣﺴﻨًﺎ، ﺳﻨﺴﺤﻘﮭﻢ ﻣﺠﺪدًا ھﺬه اﻟﻤﺮة.
    522215|00000000||ﺗﺤﺪي (أﻟﻐﺎﻧﺘﻠﺖ) اﻟﻘﺪﯾﻢ. ھﻞ ﺗﺘﺬﻛﺮه؟
    524938|00000000||ﻟﻨﺮَ ﻣﺎ إذا ﻛﺎن اﻟﻤﻨﺠﻨﯿﻖ ﻻ ﯾﺰال ﯾﻌﻤﻞ.
    522532|00000000||اﺟﺬﺑﮭﻢ إﻟﻰ اﻟﺪاﺧﻞ، ﺛﻢ اﻏﻤﺮھﻢ ﺑﻮاﺑﻞ ﻣﻦ اﻟﻀﺮﺑﺎت.
   1074995|00000000||* ھﻨﺎك ﺷﺨﺺ ﻣﺎ ﯾﻠﻮي اﻟﻘﻮس ﻓﻲ اﻟﺠﻮار! اﻟﻜﻼب اﺳﺘﺸﻌﺮت وﺟﻮدھﻢ*
   1074993|00000000||* ﻟﻘﺪ اﺳﺘﺸﻌﺮت اﻟﻜﻼب وﺟﻮد ﺷﺨﺺ! اﻷﺳﻠﺤﺔ ﺟﺎھﺰة!*
   1074999|00000000||* ﻟﻘﺪ اﻧﺴﺤﺒﻮا.*
   1075002|00000000||* اﻗﺘﻠﻮھﻢ!*
    466152|00000000||اﻷوﻏﺎد ﯾﺴﺘﻤﺮون ﻓﻲ اﻟﻘﺪوم!
    466150|00000000||اﺣﺬروا!
    466148|00000000||اﻟﻠﻌﻨﺔ!
    550486|00000000||ﻧﺤﻦ ھﻨﺎ ﺑﻔﻀﻞ (ﺳﯿﺮي)
    550491|00000000||ﺗﺮﻏﺐ (ٍﺳﯿﺮي) ﻓﻲ ﺳﻤﺎع ﻣﺎ ﺗﻮد أن ﺗﻘﻮل.
    550495|00000000||وﺳﺘﺤﺼﻞ ﻋﻠﻰ ﻣﺎ ﺗﺮﯾﺪ.
    547575|00000000||ﻟﻢ أﻓﻌﻞ ذﻟﻚ ﻣﻘﺎﺑﻞ اﻟﻤﺎل.
    581817|00000000||ﻟﻢ أﺣﻀﺮ إﻟﻰ ھﻨﺎ ﻹﻛﻤﺎل اﻟﺼﻔﻘﺔ. ﻟﻘﺪ طﻠﺒﺖ ﻣﻨﻲ أن أﺣﻀﺮ اﺑﻨﺘﻚ إﻟﻰ ھﻨﺎ، وﻗﺪ ﻓﻌﻠﺖ.
    581939|00000000||وﺳﻮف ﺗﺴﻤﻊ (ٍﺳﯿﺮي) ﻣﺎ ﺗﻮد أن ﺗﻘﻮل، وﺳﻨﺮﺣﻞ ﺑﻌﺪ ذﻟﻚ.
    581942|00000000||ھﻞ أﻧﺖ واﺛﻖ ﻣﻦ ذﻟﻚ؟
    581944|00000000||ﻟﻦ ﺗﻜﻮن ﺑﺤﺎﺟﺔ أﺑﺪًا إﻟﻰ ﻣﻄﺎردة اﻟﻮﺣﻮش ﺑﯿﻨﻤﺎ ﺗﺨﻮض ﻓﻲ اﻟﻮﺣﻞ.
    581946|00000000||أﻧﺎ واﺛﻖ.
    581948|00000000||أﻗﺪر ذﻟﻚ. ﺗﻤﻨﻌﻚ اﻟﻜﺮاﻣﺔ ﻣﻦ ﻗﺒﻮل اﻟﻤﺎل.
    581951|00000000||ﻓﻲ ھﺬه اﻟﺤﺎﻟﺔ، ﯾﻨﺘﻈﺮك ﻓﺮس ﻓﻲ اﻹﺳﻄﺒﻞ، وھﻮ أﺣﺪ ﺧﯿﻮل (ﻧﯿﻠﻔﺠﺎرد) اﻟﻤﮭﺠﻨﺔ اﻷﺻﯿﻠﺔ ﻟﻠﺴﺒﺎق. اﻗﺒﻠﮫ ﻛﺘﻌﺒﯿﺮ ﻋﻦ اﻣﺘﻨﺎﻧﻲ ﻟﻚ.
    581954|00000000||ﺷﻜﺮًا ﻟﻚ.
    550513|00000000||واﻵن ﺳﺎﻣﺤﻨﻲ. أرﯾﺪ اﻟﺘﺤﺪث إﻟﻰ اﺑﻨﺘﻲ.
    550557|00000000||اﺗﺒﻌﻨﻲ، ﺳﯿﺪي.
    581800|00000000||ﺷﻜﺮًا.
    581803|00000000||(ﺟﯿﺮاﻟﺖ)...
    581806|00000000||ﻋﺸﺮة...
   1069330|00000000||ﻋﺸﺮون...
   1069332|00000000||ﺛﻼﺛﻮن...
    581809|00000000||أرﺑﻌﻮن...
   1069334|00000000||ﺧﻤﺴﻮن...
   1069336|00000000||ﺳﺘﻮن...
    581811|00000000||ﺳﺒﻌﻮن...
   1069338|00000000||ﺛﻤﺎﻧﻮن...
   1069340|00000000||ﺗﺴﻌﻮن...
    581814|00000000||... وھﺬا... ﯾﻜﻤﻞ اﻟﻤﺎﺋﺔ ﺗﻤﺎﻣًﺎ. ھﺬا ﻛﻞ ﺷﻲء. وﻗﻊ ﺑﺎﻷﺣﺮف اﻷوﻟﻰ ھﻨﺎ، ﻣﻦ ﻓﻀﻠﻚ.
    547574|00000000||ﺷﻜﺮًا. ﺑﺎﻟﻄﺒﻊ أﻧﺎ ﺑﺤﺎﺟﺔ إﻟﯿﮭﺎ أﻛﺜﺮ ﻣﻤﺎ ﺗﺘﺨﯿﻞ.
    550595|00000000||ﺟﺎﺋﺰﺗﻚ.
    550487|00000000||داﺋﻤًﺎ ﻣﺎ أﺣﺎﻓﻆ ﻋﻠﻰ ﻋﮭﺪي.
    550490|00000000||وأﻧﺎ أﯾﻀًﺎ.
    550485|00000000||داﺋﻤًﺎ ﻣﺎ أﺣﺎﻓﻆ ﻋﻠﻰ ﻋﮭﺪي.
    550471|00000000||ﺟﻼﻟﺔ اﻹﻣﺒﺮاطﻮر، (ﺟﯿﺮاﻟﺖ) ﻣﻦ (رﯾﭭﯿﺎ) و...
    550473|00000000||(ﺳﯿﺮﯾﻼ ﻓﯿﻮﻧﺎ إﯾﻠﯿﻦ رﯾﯿﺎﻧﻦ)، ﻣﻠﻜﺔ (ﺳﯿﻨﺘﺮا)، وأﻣﯿﺮة (ﺑﺮوج)، ودوﻗﺔ (ﺳﻮدﯾﻦ)، وورﯾﺜﺔ ﺟﺰﯾﺮة (آرد ﺳﻜﯿﻠﺪج) وﺟﺰﯾﺮة (آن ﺳﻜﯿﻠﺪج)، وﺣﺎﻛﻤﺔ (آﺗﺮا) و(آب ﯾﺎرا).
    550477|00000000||ﻋﻠﯿﻚِ أن ﺗﻌﺘﺎدي ﻋﻠﻰ ذﻟﻚ. ﻗﺮﯾﺒًﺎ، ﺳﻮف ﯾﺮﻛﻊ أﻣﺎﻣﻚ اﻟﺠﻤﯿﻊ ﺑﺪاﯾﺔ ﻣﻦ (ﻧﯿﻠﻔﺠﺎرد) ﺣﺘﻰ (ﺟﺒﺎل اﻟﺘﻨﯿﻦ).
    550480|00000000||ﻟﻢ أﺗﻮﻗﻊ أﻧﻚ ﺳﺘﺤﺎﻓﻆ ﻋﻠﻰ ﻋﮭﺪك أﯾﮭﺎ (اﻟﻮﯾﺘﺸﺮ).
    466258|00000000||ﯾﺒﺪو اﻷﻣﺮ ﺟﯿﺪًا!
    466256|00000000||ﺳﺄﺗﻮﻟﻰ أﻣﺮ ھﺆﻻء!
    466254|00000000||ﻻ ﺗﺘﻔﺮﻗﻮا!
   1076933|00000000||ﺳﯿﻜﻮن (ھﺎﻧﺖ) ھﻨﺎ ﻗﺮﯾﺒًﺎ.
    520067|00000000||اﻵن ﻣﺎ ﻋﻠﯿﻨﺎ ﺳﻮى اﻻﺳﺘﻤﺎع ﻟﺼﻮت ﺑﻮق (ھﯿﻤﺪال).
    520066|00000000||ﻣﻌﺮﻛﺔ (ﺗﯿﺪ دﯾﺮﯾﺪه) ﺑﺎﺗﺖ وﺷﯿﻜﺔ. اﻟﻌﺼﺮ اﻷﺧﯿﺮ، وﻗﺖ اﻟﻔﻨﺎء.
    566109|00000000||ﺳﺄراﻗﺒﮫ ﻋﻦ ﻛﺜﺐ.
    566120|00000000||ﺳﺄراﻗﺐ (ﻟﯿﺜﻮ) ﻋﻦ ﻛﺜﺐ.
    566122|00000000||وأﻧﺎ أﻋﺪ ﺑﺄن أﻛﻮن ﻏﻼﻣًﺎ ﺻﺎﻟﺤًﺎ.
    566124|00000000||آوه، ﻻ أﺻﺪق ذﻟﻚ.
    566126|00000000||(ﺟﯿﺮاﻟﺖ)، ھﺬه ﻣﺸﻜﻠﺔ. ﻻ ﺗﺘﺠﺎھﻠﮭﺎ.
    566111|00000000||أﻧﺎ ﺑﺤﺎﺟﺔ إﻟﻰ (ﻟﯿﺜﻮ).
    566113|00000000||آراؤﻧﺎ ﻣﮭﻤﺔ أﯾﻀًﺎ.
    566116|00000000||أﻧﺎ ﺑﺤﺎﺟﺔ ﻷي ﻓﺮد ﯾﻤﻜﻨﮫ ﻣﻮاﺟﮭﺔ ﻓﺮﺳﺎن (اﻟﻮاﯾﻠﺪ ھﺎﻧﺖ) ﻓﻲ اﻟﻤﻌﺮﻛﺔ. أﻣﺎ ﻣﺴﺄﻟﺔ ﻣﺎ ﺗﺤﺒﻮن وﻣﺎ ﺗﻜﺮھﻮن - ﻓﮭﻲ ﻻ ﺗﺮﻗﻰ ﻟﻤﺴﺘﻮى أھﻤﯿﺔ ﻣﺎ ﻧﺤﻦ ﻓﯿﮫ اﻵن.
    566118|00000000||أﻧﺖ ﺗﺮﺗﻜﺐ ﺧﻄﺄ.
    566071|00000000||أﻧﺎ ﺑﺤﺎﺟﺔ إﻟﻰ (ﻟﯿﺜﻮ).
    319746|00000000||ﻛﺎن ﯾﺠﺐ ﻋﻠﯿﻚ أن ﺗﻘﻮل ﻻ.
    319748|00000000||ھﺬا ﻟﯿﺲ ﻣﻦ ﺷﺄﻧﻚ.
    319750|00000000||ھﺬا ﺧﻄﺄ - إﻧﮫ ﺷﺄﻧﮫ وﺷﺄﻧﻲ. وﻣﻦ اﻷﻓﻀﻞ أﻻ ﺗﻜﻮن ﺧﻠﻔﻨﺎ ﺧﻼل اﻟﻤﻌﺮﻛﺔ.
    319752|00000000||ﻣﺎ اﻷﻣﺮ اﻵن؟
    319754|00000000||ﻟﻤﺎذا أﺣﻀﺮﺗﮫ إﻟﻰ ھﻨﺎ؟
    465214|00000000||ﻻ ﯾﺰال ﻟﺪﯾﻚ وﻗﺖ ﻟﻠﺮﺣﯿﻞ.
    523502|00000000||أﻋﻠﻢ، وﻟﻜﻨﻨﻲ ﻻ أرﯾﺪ.
    465216|00000000||ﻓﻜﺮ ﻓﻲ اﻷﻣﺮ.
    465218|00000000||ﺳﺄﻓﻌﻞ. أﻓﻜﺮ ﺑﺸﻜﻞ أﻓﻀﻞ ﺑﻤﻔﺮدي.
   1076923|00000000||أن أﻋﺮف ھﺬه اﻟﻨﻈﺮة. ھﻞ ھﻨﺎك ﺷﻲء ﻣﺎ ﯾﺎﻛﻠﻚ ؟
    465194|00000000||ﻟﻦ ﻧﺴﺘﺴﻠﻢ ﯾﺎ (ﺳﯿﺮي) أﺑﺪًا.
    465192|00000000||ﻗﺪ ﯾﺼﻞ (اﻟﮭﺎﻧﺖ) ﻓﻲ أي ﻟﺤﻈﺔ.
    548632|00000000||ﻣﻤﻢ... ﻻ أﻋﻠﻢ ﻋﻦ ﺑﻮدﻧﻎ اﻟﻔﺎﻧﯿﻠﯿﺎ. رﺑﻤﺎ ﯾﺴﺎﻋﺪ، وﻟﻜﻦ ﻻ ﺷﻲء ﯾﻌﯿﺪ إﻟﻲّ اﺗﺰاﻧﻲ ﻣﺜﻞ ﺑﯿﺮة (ﻻﻣﺒﺮت) اﻟﺸﮭﯿﺮة...
    548634|00000000||أﻋﺘﻘﺪ أﻧﮭﺎ ﻟﻦ ﺗﻀﺮﻧﻲ. ﯾﻤﻜﻨﻨﻲ أن أﺟﺮﺑﮭﺎ أﯾﻀًﺎ...
    547453|00000000||اﺳﺘﺮﺧﻲ. ﻟﯿﺲ ﻋﻠﯿﻚ أن ﺗﻜﻮﻧﻲ ﺟﯿﺪة ﻓﻲ ﻛﻞ ﺷﻲء.
    584090|00000000||ﻣﻤﻢ... ھﻨﺎك طﺮﯾﻘﺔ ﻗﺪﯾﻤﺔ ﻣﺆﻛﺪة... ﻋﻠﻤﻨﻲ إﯾﺎھﺎ (ﭬﯿﺴﯿﻤﯿﺮ)، وﻋﻠﻤﮫ إﯾﺎھﺎ (ﺑﺎرﻣﯿﻦ)...
    584092|00000000||ھﻞ ﺳﺘﺄﺧﺬﻧﻲ إﻟﻰ اﻟﺠﺒﺎل وﺗﺼﻨﻊ ﻟﻲ ﺷﺮاﺑًﺎ ﻣﻦ اﻟﺸﻮﻛﺮان؟
    584095|00000000||ﻟﻘﺪ اﺳﺘﺨﺪﻣﮭﺎ ﻛﮭﻨﺔ (ﺳﻜﯿﻠﺪج) ﻟﻌﺪة ﻗﺮون، وﺗﻔﻠﺢ داﺋﻤًﺎ...
    584098|00000000||وَﯾْﺤَﻚَ!
    584101|00000000||ﺳﺘﻨﺪم ﻋﻠﻰ ذﻟﻚ!
    547454|00000000||أﻋﺘﻘﺪ أﻧﻨﻲ أﻋﻠﻢ ﻣﺎ ﻗﺪ ﯾﺮﻓﻊ ﻣﻌﻨﻮﯾﺎﺗﻚ.
    548521|00000000||ﻟﻦ ﯾﻔﻠﺢ اﻷﻣﺮ، أﻻ ﺗﺮى ذﻟﻚ؟
    547445|00000000||ھﻞ أﺻﺒﺖ ﺑﺎﻹﺣﺒﺎط ﺑﻌﺪ ﺛﻤﺎن ﻣﺤﺎوﻻت ﻓﻘﻂ؟ (زﯾﺮاﯾﻞ)...
    547447|00000000||ﻛﻢ ﻋﺪد اﻟﻤﺤﺎوﻻت اﻟﺘﻲ ﯾﺠﺐ اﻟﻘﯿﺎم ﺑﮭﺎ؟
    548524|00000000||إﻟﻰ أن ﺗﺘﻘﻨﻲ اﻷﻣﻮر ﺟﯿﺪًا.
    548535|00000000||وﻟﻜﻨﻲ ﻻ أﺣﺮز أي ﺗﻘﺪم ﻋﻠﻰ اﻹطﻼق.
    547449|00000000||ﺳﻮف ﻧﻌﻮد إﻟﻰ ذﻟﻚ ﻻﺣﻘًﺎ.
    547451|00000000||أﻟﻢ ﯾﻜﻦ ﺗﺤﺪي (اﻟﻐﺎﻧﺘﻠﯿﺖ) ﺻﻌﺒًﺎ ﻋﻠﯿﻚِ ﻓﻲ اﻟﺒﺪاﯾﺔ أﯾﻀًﺎ.
    581716|00000000||(ﺟﯿﺮاﻟﺖ)، ﻣﻦ ﻓﻀﻠﻚ. ﻟﯿﺲ اﻵن.
    548798|00000000||ﻛﺎن ﺳﮭﻼً ﺟﺪاً ﺑﺎﻟﻤﻘﺎرﻧﺔ (ﺑﺎﻟﻐﺎﻧﺘﻠﯿﺖ) . وﻟﻜﻦ ھﺬا ﻟﯿﺲ ﻣﻮﺿﻮﻋﻨﺎ اﻷن.
    548627|00000000||ﻣﺎ اﻷﻣﺮ إذًا؟
    548623|00000000||ﯾﻘﻮل (إﭬﺎﻻﺳﻲ) ﻟﻦ ﯾﻔﻠﺢ اﻷﻣﺮ ﺣﺘﻰ أﺗﻮﻗﻒ ﻋﻦ اﻟﺘﻔﻜﯿﺮ ﻓﻲ اﻟﻤﻌﺮﻛﺔ.
    548625|00000000||وﻟﻜﻦ ﻓﻲ ھﺬه اﻟﻠﺤﻈﺔ أﺟﺪ ﻣﻦ اﻟﻤﺴﺘﺤﯿﻞ أن أﺷﻐﻞ ﻋﻘﻠﻲ ﺑﺎﻟﻘﻄﻂ وﺑﻮدﻧﻎ اﻟﻔﺎﻧﯿﻠﯿﺎ.
    552141|00000000||أﺧﺒﺮﻧﻲ... ﻛﯿﻒ ﺗﻔﻌﻞ ذﻟﻚ؟
    552146|00000000||ﻣﺎذا؟
    552148|00000000||داﺋﻤًﺎ ﻗﺎدر ﻋﻠﻰ ﺗﻤﺎﻟﻚ ﻧﻔﺴﻚ واﻟﺘﺮﻛﯿﺰ ﺑﻐﺾ اﻟﻨﻈﺮ ﻋﻤﺎ ﯾﺤﺪث؟
    543218|00000000||ﻟﻘﺪ ﻛﻨﺖ ﺻﺪﯾﻘًﺎ طﯿﺒًﺎ ﯾﺎ (ﻻﻣﺒﺮت).
    543217|00000000||ﺳﺄﺗﺬﻛﺮ طﺮﯾﻘﺘﻚ ﻓﻲ اﻟﺘﻌﻠﯿﻢ دوﻣًﺎ. واﻟﺘﻀﺤﯿﺔ اﻟﺘﻲ ﻗﺪﻣﺘﮭﺎ.
    575404|00000000||اﺣﺘﺮﺳﻮا!
   1076588|00000000||(روﺗﺶ) ﯾﺒﺼﻖ... ﻟﻢ أﺗﻤﻜﻦ ﻣﻦ أن أطﻠﺐ أﻛﺜﺮ ﻣﻦ اﻟﺮوﻋﺔ.
   1076592|00000000||ھﻞ ﺗﻤﺰح؟ ﻧﺤﻦ ﻣﺤﻈﻮظﻮن أﻧﻨﺎ ﻟﻢ ﻧﺴﻘﻂ.
   1076594|00000000||اﺳﺘﺮح. (روﺗﺶ) ﻣﺘﻤﻜﻦ ﻣﻦ ھﺬا اﻟﻨﻮع ﻣﻦ اﻟﺤﺮوب. اﻷﻏﻄﯿﺔ ﻟﻦ ﺗﻄﻮى ﺑﻔﻌﻞ ﺛﻘﻞ أوزاﻧﻨﺎ. راﻛﺒﻮ (ھﺎﻧﺖ) ﯾﺮﺗﺪون ﻛﺎﻣﻞ أﻟﻮاﺣﮭﻢ - ھﺬه ﻗﺼﺔ أﺧﺮى.
   1076897|00000000||أﺗﻤﻨﻰ أن أﻛﺴﺮ! رﻗﺒﺘﻚ، أﯾﮭﺎ اﻟﺒﺮﻋﻢ اﻟﺼﻐﯿﺮ اﻟﻠﻌﯿﻦ!
   1076899|00000000||ﺣﺴﻨًﺎ. ﻟﻨﺤﻀﺮ واﺣﺪًا ھﻨﺎ.
   1076895|00000000||ﻟﻨﺮى ﻣﺎ إذا ذﻟﻚ ﺣﻘﯿﻘﯿًﺎ، أﻧﺎ أﺳﻤﻊ واﺣﺪًا ھﻨﺎ.
   1076941|00000000||ﻣﻦ اﻟﺮاﺋﻊ أن أراك ﻓﻲ ﺣﺎﻟﺔ ﻣﺰاﺟﯿﺔ ﺟﯿﺪة ﯾﺎ (زوﻟﺘﺎن).
    465186|00000000||ﻟﻘﺪ ﻛﺒﺮت (ﺳﯿﺮي) اﻟﺼﻐﯿﺮة!
    465184|00000000||ﻛﻢ أﻧﺎ ﺳﻌﯿﺪ ﺑﻨﺠﺎﺣﻚ ﻓﻲ إﻋﺎدﺗﮭﺎ إﻟﻰ ھﻨﺎ.
   1076938|00000000||ھﻞ ﻛﻞ ﺷﻲء ﻣﺮﺗﺐ ﻓﻲ ﻣﻜﺎﻧﮫ؟
   1062909|00000000||اﻟﻠﻌﻨﺔ. ﻧﺨﺎف ﺑﻜﻞ ﻣﺎ ﺗﻌﻨﯿﮫ اﻟﻜﻠﻤﺔ ﻣﻦ أن ﻧﻌﻄﺲ ﺑﺠﺎﻧﺐ ھﺬه اﻟﺒﺮاﻣﯿﻞ.
    541507|00000000||ﻟﻘﺪ ﻋﺜﺮت ﻋﻠﯿﮭﺎ! ھﺎه!
   1062905|00000000||ﻟﻘﺪ أﺧﺒﺮوﻧﻲ ﺑﺄن (ھﺎﻧﺖ) ھﻨﺎك ﯾﺴﻌﻮن ﻟﻠﻮﺻﻮل إﻟﻰ ھﻨﺎ، وأن ھﺆﻻء اﻟﺘﺎﻓﮭﯿﻦ ﻗﺪ ﯾﺤﻀﺮون ﺑﺪون دﻋﻮة.
   1062907|00000000||ﻟﺬا ﻓﻘﺪ أﻋﺪدت ﺧﻠﯿﻂ ﻣﻦ (ﻣﺎھﺎﻛﺎﻣﺎن). ﻋﻨﺪﻣﺎ ﯾﮭﺐ ذﻟﻚ اﻟﻤﺤﺮاث، ﻓﺴﻮف ﯾﻘﻄﻌﮭﻢ إﻟﻰ ﻗﻄﻊ وأﺟﺰاء، ﻻ أﻛﺜﺮ.
   1075245|00000000||ھﻞ ﺗﺮﯾﺪ إﺣﻀﺎر ﻛﻞ أدواﺗﻚ ﻣﻌﻚ؟
   1074867|00000000||ﻟﻘﺪ ﻗﻠﺖ ﻟﻨﻔﺴﻲ اﻟﻤﻌﺮﻛﺔ ﻗﺮﯾﺒﮫ. ﺳﺘﺤﺘﺎج إﻟﻰ اﻷﻧﺼﺎل إﻟﻰ أﺣﺠﺎر اﻟﺸﺤﺬ، واﻟﺸﺮاﺋﺢ ﺗﺤﺘﺎج إﻟﻰ اﻟﻤﻄﺮﻗﺔ. ھﺬه ھﻲ اﻷدوات اﻟﻤﻄﻠﻮﺑﺔ.
   1074869|00000000||ﺗﻔﻜﯿﺮ ﺟﯿﺪ. أﺷﻜﺮك ﯾﺎ (زوﻟﺘﺎن).
   1074871|00000000||أﻧﺖ ﺗﺨﻄﻂ ﻟﺘﺨﻤﯿﺮ ﺑﻌﺾ ﻣﻦ ﺧﻠﯿﻂ (ﻣﺎھﺎﻛﺎﻣﺎن). إﻧﮫ ﺧﻠﯿﻂ ﻣﺘﻄﺎﯾﺮ ﻟﻠﻐﺎﯾﺔ، ﺳﺘﺤﺘﺎج إﻟﻰ إﺿﺎﻓﺔ ﺑﻌﺾ اﻟﺒﺮﯾﻖ إﻟﯿﮫ ﻟﻜﻲ ﺗﺠﻌﻠﮫ ﻣﺜﻞ اﻟﺸﮭﺎب اﻟﻤﻀﻲء. وھﻮ ﻣﻔﯿﺪ ﺟﺪًا ﻓﻲ ﻓﺘﺮات اﻟﺤﺼﺎر.
   1074883|00000000||ﺣﺴﻨًﺎ. ﺳﻨﺘﺤﺪث ﻻﺣﻘًﺎ ﯾﺎ (زوﻟﺘﺎن).
   1074881|00000000||ﺳﻨﺘﺤﺪث ﻻﺣﻘًﺎ.
   1074880|00000000||ھﻞ ﺗﻨﻮي ﺗﺼﻨﯿﻊ ﺷﻲء ﻟﻲ؟
   1074891|00000000||ھﻞ ﺗﻨﻮي ﺗﺼﻨﯿﻊ ﺷﻲء ﻟﻲ؟
   1074893|00000000||ﺑﺎﻟﻄﺒﻊ. ﻋﻠﻰ ﻓﺮض أﻧﻚ ﺗﻤﺘﻠﻚ ﻣﺨﻄﻄًﺎ ﻟﻲ.
   1074879|00000000||ﻛﯿﻒ ﯾﺴﯿﺮ ذﻟﻚ ﯾﺎ (ﺟﯿﺮاﻟﺖ)؟
    321094|00000000||أﯾﻦ (إﺳﻜﺎل)؟
    321096|00000000||اﻟﻠﻌﻨﺔ. ﻟﻘﺪ واﻓﻘﻨﺎ ﻋﻠﻰ أن ﯾﻔﺘﺢ ھﺬه اﻟﺒﻮاﺑﺔ.
    321098|00000000||ﻟﻢ ﯾﻔﻌﻞ ذﻟﻚ ﺣﺘﻰ اﻵن، وھﺬا ﯾﻌﻨﻲ...
    321100|00000000||ﺳﯿﻜﻮن ﺑﺨﯿﺮ. إﻧﻨﺎ ﻗﻠﻘﻮن ﺑﺸﺄن (ﺗﺮﯾﺲ) اﻵن.
    311703|00000000||أﻧﺖ ﺗﺤﺒﻮن ذﻟﻚ، أﯾﮭﺎ اﻻوﻏﺎد؟! ھﮫ؟!
   1076901|00000000||(زوﻟﺘﺎن) ﯾﺮﺳﻞ ﺗﺤﯿﺎﺗﮫ أﯾﮭﺎ اﻷوﻏﺎد!
    563002|00000000||ﻻ ﯾﺒﺪو أن ﻟﺪﯾﻨﺎ ﺧﯿﺎرًا آﺧﺮ.
    563018|00000000||ﻻ أﺛﻖ ﻓﻲ (ﻣﺤﻔﻞ اﻟﺴﺎﺣﺮات) ﻣﺜﻘﺎل ذرة، وﻟﻜﻦ ﻻ ﯾﺒﺪو أن ﻟﺪﯾﻨﺎ ﺧﯿﺎرًا آﺧﺮ.
    563019|00000000||ﻷﻧﮫ ﻟﯿﺲ ﻟﺪﯾﻨﺎ ﺧﯿﺎر آﺧﺮ.
    563163|00000000||أﻧﺖِ ﻣﺤﻘﺔ.
    563194|00000000||أﻧﺖِ ﻣﺤﻘﺔ. ﻟﻘﺪ أﺛﺒﺖِ اﻟﯿﻮم أﻧﮫ ﯾﻤﻜﻨﻚ ﺣﻤﺎﯾﺔ ﻧﻔﺴﻚ.
    563327|00000000||ﻣﻦ اﻟﺴﮭﻞ ﻣﺪح ﺷﺨﺺ ﻣﺎ وﺗﻤﻨﻲ أن ﺗﻨﺠﺢ اﻷﻣﻮر ﻋﻦ ﻣﻮاﺟﮭﺔ اﻟﺤﻘﯿﻘﺔ.
    563329|00000000||ﺗﻤﻠﻚ (زﯾﺮﯾﺎل) ﻗﻮة ﻛﺒﯿﺮة ﻻ ﯾﻤﻜﻨﮭﺎ اﻟﺴﯿﻄﺮة ﻋﻠﯿﮭﺎ. إﻧﮭﺎ ﺗﺸﻜﻞ ﺧﻄﺮًا - ﻋﻠﻰ ﻧﻔﺴﮭﺎ، وﻋﻠﻰ اﻵﺧﺮﯾﻦ. وﺣﺘﻰ ﺗﺘﻌﻠﻢ ﻛﯿﻒ ﺗﺘﺤﻜﻢ ﻓﻲ ﻗﻮﺗﮭﺎ، ﯾﻨﺒﻐﻲ أن ﺗﻈﻞ ﻣﻌﺰوﻟﺔ.
    563331|00000000||أوﻻً - ﻛﻞ ھﺬا ھﺮاء. ﺛﺎﻧﯿًﺎ - إذا أردت اﻟﺘﺤﺪث ﻋﻦ اﻟﺸﺠﺎﻋﺔ واﻟﻤﻮاﺟﮭﺔ، ﯾﻤﻜﻨﻚ ﺗﻮﺟﯿﮫ اﻟﺤﺪﯾﺚ إﻟﻲّ ﻣﺒﺎﺷﺮةً ﻋﻠﻰ اﻷﻗﻞ، وﻟﯿﺲ ﻣﻦ ﺧﻼل (ﺟﯿﺮاﻟﺖ)
    563332|00000000||أﻧﺎ ذاھﺒﺔ.
    564205|00000000||دﻋﮭﺎ ﺗﺬھﺐ.
    564211|00000000||ﺗﺤﺘﺎج (ﺳﯿﺮي) ﻟﺒﻌﺾ اﻟﻮﻗﺖ.
    564213|00000000||ھﺬا ﺻﺤﯿﺢ. وﻟﻜﻦ ھﻲ ﺑﺤﺎﺟﺔ أﯾﻀًﺎ إﻟﻰ اﻟﺘﺪرﯾﺐ. ﯾﺠﺐ أن ﺗﺘﻌﻠﻢ ﻛﯿﻔﯿﺔ اﻟﺘﺤﻜﻢ ﻓﻲ ﻗﺪراﺗﮭﺎ.
    564215|00000000||ھﻞ ھﺬا اﻟﺘﺪرﯾﺐ ﺿﺮوري ﺣﻘًﺎ؟
    564217|00000000||ﻟﻘﺪ رأﯾﺖ ﻣﺎ ﺣﺪث. ﯾﻤﻜﻦ أن ﺗﺸﻜﻞ ھﻲ ﺗﮭﺪﯾﺪًا أﻛﺒﺮ ﻣﻦ (ھﺎﻧﺖ).
    564219|00000000||ﺣﺴﻨًﺎ. ﺳﻨﻤﻜﺚ ھﻨﺎ ﻟﺒﻌﺾ اﻟﻮﻗﺖ، ﺛﻢ ﺳﻨﻠﺤﻖ ﺑﻜﻤﺎ أﻧﺖ و(ﺗﺮﯾﺲ) ﻓﻲ (ﻧﻮﭬﯿﺠﺮاد). ﺳﻨﻠﺘﻘﻲ ﺑﻜﻤﺎ ﻓﻲ ﺣﺎﻧﺔ (داﻧﺪﻟﯿﻮن).
    564220|00000000||ھﯿﺎ، ﯾﺎ (ﯾﻨﯿﻔﺮ). ﻛﻠﻤﺎ ﻏﺎدرﻧﺎ ﻣﺒﻜﺮًا، ﻛﺎن ذﻟﻚ أﻓﻀﻞ.
    564222|00000000||اﻟﻮداع.
    564207|00000000||ﻣﻦ اﻷﻓﻀﻞ أن أذھﺐ وراﺋﮭﺎ.
    564209|00000000||اﻧﺘﻈﺮ، إﻧﮭﺎ ﺑﺤﺎﺟﺔ إﻟﻰ ﺑﻌﺾ اﻟﻮﻗﺖ. ﯾﺠﺐ أن ﻧﺘﺮﻛﮭﺎ ﻟﺘﺘﻐﻠﺐ ﻋﻠﻰ ﺣﺰﻧﮭﺎ ﺑﻨﻔﺴﮭﺎ.
    575276|00000000||وﺑﻌﺪ ذﻟﻚ، ﯾﺘﻌﯿﻦ ﻋﻠﯿﻨﺎ اﻟﺒﺪء ﻓﻲ ﺗﺪرﯾﺒﮭﺎ ﻓﻲ أﺳﺮع وﻗﺖ ﻣﻤﻜﻦ. ﯾﺠﺐ أن ﺗﺘﻌﻠﻢ ﻛﯿﻔﯿﺔ اﻟﺘﺤﻜﻢ ﻓﻲ ﻗﺪراﺗﮭﺎ.
    564204|00000000||ﺳﺄذھﺐ وراﺋﮭﺎ.
    563195|00000000||ﻻ ﯾﻤﻜﻦ أن ﺗﻌﺮﺿﻲ ﻧﻔﺴﻚ ﻟﻠﺨﻄﺮ.
    563197|00000000||ھﻞ أﻧﺎ ﻻﻓﺘﺔ ﯾﺠﺐ رﻓﻌﮭﺎ ﻋﺎﻟﯿًﺎ وﺣﻔﻈﮭﺎ ﻣﻦ اﻷﻋﺪاء؟ ھﻜﺬا ﺗﻌﺎﻣﻠﻨﻲ. ﻻ أﺣﺪ ﯾﻤﻠﻚ اﻟﺸﺠﺎﻋﺔ ﻟﻤﻮاﺟﮭﺔ ھﺬا اﻟﺘﮭﺪﯾﺪ!
    563198|00000000||وﻣﻊ ذﻟﻚ ﯾﺠﺐ ﻋﻠﯿﻨﺎ ﻗﺘﻠﮭﻢ، وإﻻ ﻋﺎﺟﻼً أو آﺟﻼً ﻓﺴﻮف ﻧﻤﻮت ﺟﻤﯿﻌًﺎ.
    563164|00000000||ﯾﺠﺐ ﻋﻠﯿﻨﺎ ﺣﻤﺎﯾﺘﻚ.
    575167|00000000||ﻟﻘﺪ ﻋﻘﺪت اﺗﻔﺎﻗًﺎ ﻣﻊ اﻹﻣﺒﺮاطﻮر. ﻓﻔﻲ ﻣﻘﺎﺑﻞ ﻣﺴﺎﻋﺪﺗﮭﻦ، ﺳﯿﻨﺎل (ﻣﺤﻔﻞ اﻟﺴﺎﺣﺮات) اﻟﻌﻔﻮ وﺳﯿﺤﺼﻠﻦ ﻋﻠﻰ اﻟﻠﺠﻮء ﻓﻲ (ﻧﯿﻠﻔﺠﺎرد). وﺳﺘﻜﻮن ھﺬه ورﻗﺔ ﻣﺴﺎوﻣﺔ ﻟﺪﯾﻨﺎ.
    563020|00000000||(ﺗﺮﯾﺲ)، أﺗﻤﻨﻰ أن أﻏﺎدر اﻟﯿﻮم ﻷﻋﺜﺮ ﻋﻠﻰ اﻟﺴﺎﺣﺮات. ھﻞ ﺳﺘﺴﺎﻋﺪﯾﻨﻨﻲ؟
    563021|00000000||ﺑﺎﻟﻄﺒﻊ، ﻛﻤﺎ أن ﻟﺪي ﻓﻜﺮة ﻣﻦ أﯾﻦ ﯾﻤﻜﻦ أن ﻧﺒﺪأ.
    563158|00000000||اﻟﻠﻌﻨﺔ!
    563160|00000000||ﺗﺨﻄﻄﺎن ﺛﺎﻧﯿﺔً ﺑﺪون ﺳﺆاﻟﻲ ﺣﺘﻰ ﻋﻤﺎ أﻓﻜﺮ! ﻟﻘﺪ ﺳﺌﻤﺖ ﻣﻦ ﻛﻞ ھﺬا!
    563162|00000000||ﻟﻦ ﯾﺄﺧﺬﻧﻲ أﺣﺪ إﻟﻰ أي ﻣﻜﺎن ﻣﺜﻞ... اﻟﺤﺰﻣﺔ! ﻟﻦ أﻗﻒ ﻣﻜﺘﻮﻓﺔ اﻷﯾﺪي! ﻟﻘﺪ ﺳﺌﻤﺖ اﻻﻧﺘﻈﺎر، وﺳﺌﻤﺖ اﻻﺧﺘﺒﺎء!
    563013|00000000||ﻻ أرﯾﺪ (ﻣﺤﻔﻞ اﻟﺴﺎﺣﺮات) ﻓﻲ أي ﻣﻜﺎن ﺑﺎﻟﻘﺮب ﻣﻦ (ﺳﯿﺮي). أﻧﺎ ﻻ أﺛﻖ ﺑﮭﺆﻻء اﻟﻨﺴﺎء ﻋﻠﻰ اﻹطﻼق.
    563015|00000000||ﻣﺎ اﻟﺬي ﺳﻨﻔﻌﻠﮫ ﺑﺪﻻً ﻣﻦ ذﻟﻚ إذن؟ ھﻞ ﺳﻨﻘﺎﺗﻞ وﺣﺪﻧﺎ وﻧﻤﻮت ﻣﯿﺘﺔ ﺟﻤﯿﻠﺔ وﻟﻜﻦ ﺑﻼ ﺟﺪوى؟
    563017|00000000||ﻻ، ﯾﺎ (ﺟﯿﺮاﻟﺖ). ﻟﻘﺪ ﻧﺠﻮﻧﺎ ﻓﻲ ھﺬه اﻟﻤﻌﺮﻛﺔ ﺑﻤﻌﺠﺰة، وﺣﻘﻘﻨﺎ اﻧﺘﺼﺎرًا ﺿﺌﯿﻼً وﻟﻜﻦ ﺑﺘﻜﻠﻔﺔ ھﺎﺋﻠﺔ. ﻟﻦ ﻧﺨﻮض ﺣﺮب اﻟﻌﺼﺎﺑﺎت ﺑﻌﺪ اﻵن. ﻟﻘﺪ ﺣﺎن وﻗﺖ ﻣﻮاﺟﮭﺔ اﻟﻌﺪو ﻓﻲ ﻣﻌﺮﻛﺔ ﻣﻔﺘﻮﺣﺔ.
    563001|00000000||ﻻ أرﯾﺪ ﺗﺪﺧﻞ (ﻣﺤﻔﻞ اﻟﺴﺎﺣﺮات).
    563003|00000000||(ﻣﺤﻔﻞ اﻟﺴﺎﺣﺮات) ﻓﻲ ﺣﺎﻟﺔ ﻣﻦ اﻟﻔﻮﺿﻰ.
    563005|00000000||ﻣﻌﻈﻢ ﺳﺎﺣﺮات اﻟﻤﺤﻔﻞ ﻗﺪ ﻣﺘﻦ، واﻟﺒﺎﻗﯿﺎت ﻣﺨﺘﺒﺌﺎت.
    563007|00000000||ﻣﻦ اﻟﻤﺤﺘﻤﻞ أن (ﻓﯿﻠﯿﺒﺎ إﯾﻠﮭﺎرت) و(ﻣﺎرﻏﺮﯾﺘﺎ ﻟﻮ إﻧﺘﯿﻞ) و(ﻓﯿﺮﻧﺠﯿﻼ ﭬﯿﻐﻮ) ﻣﺎ زﻟﻦ ﻋﻠﻰ ﻗﯿﺪ اﻟﺤﯿﺎة.
    563009|00000000||وﻣﺎذا ﻋﻦ (ﻓﺮاﻧﺸﯿﺴﻜﺎ) و(إدا)؟ ھﻞ ﺗﻌﺘﻘﺪﯾﻦ أﻧﮭﻤﺎ ﻗﺪ ﺗﻮاﻓﻘﺎن؟
    563011|00000000||أﻋﺘﻘﺪ أﻧﮭﻤﺎ ﺳﺘﺤﺘﺎﺟﺎن إﻟﻰ ﺑﻌﺾ اﻹﻗﻨﺎع. ﻣﺎ رأﯾﻚ ﻓﻲ اﻟﺘﺤﺪث إﻟﻰ (ﻛﯿﺮا) ﻋﻠﻰ اﻧﻔﺮاد؟
    579417|00000000||ﻣﻦ اﻟﻤﺮﺟﺢ أن ھﺬا أﻓﻀﻞ ﺣﻞ.
    535737|00000000||ﻟﻢ ﯾﻜﻦ ﻟﺪي اﻟﻔﺮﺻﺔ ﻟﻠﺤﺪﯾﺚ ﻣﻌﻚ. ﺷﻜﺮًا ﻟﻤﺴﺎﻋﺪﺗﻚ، وﻻﻋﺘﻨﺎﺋﻚ ﺑـ (ﺳﯿﺮي).
    534850|00000000||ﺳﺘﺸﻜﺮﻧﻲ ﻻﺣﻘًﺎ. واﻵن ﯾﺠﺐ أن ﻧﺄﺧﺬ (زﯾﺮﯾﺎل) ﺑﻌﯿﺪًا ﻋﻦ ھﻨﺎ وﻧﺨﺒﺌﮭﺎ. ﺛﻢ ﻧﺠﻤﻊ ﻗﻮة أﻛﺒﺮ ﺑﻌﺪ ذﻟﻚ.
    535739|00000000||ﻛﻞ ﻓﺮد وﻛﻞ ﻣﻦ ﯾﻤﻜﻨﻨﺎ اﻻﻋﺘﻤﺎد ﻋﻠﯿﮫ ﺟﺎء ھﻨﺎ إﻟﻰ ﺣﺼﻦ (ﻛﺎر ﻣﻮرھﯿﻦ).
    535741|00000000||وﻟﮭﺬا اﻟﺴﺒﺐ ﯾﺠﺐ أن ﻧﻄﻠﺐ اﻟﻤﺴﺎﻋﺪة ﻣﻦ اﻷﻋﺪاء. اﻟﺴﺤﺮ ھﻮ أﻓﻀﻞ دﻓﺎع ﺿﺪ (اﻟﻮاﯾﻠﺪ ھﺎﻧﺖ). ﻧﺤﻦ ﺑﺤﺎﺟﺔ إﻟﻰ ﺳﺎﺣﺮات، أﻗﻮى اﻟﺴﺎﺣﺮات.
    535743|00000000||أﺗﻘﺼﺪﯾﻦ (ﻣﺤﻔﻞ اﻟﺴﺎﺣﺮات)؟
    572977|00000000||ﺗﺴﺘﻄﯿﻊ (زﯾﺮﯾﺎل) ﺗﺴﺨﯿﺮ ﻛﻤﯿﺎت ھﺎﺋﻠﺔ ﻣﻦ اﻟﻘﻮة. ﻟﻤﺎذا ﻟﻢ ﯾﻌﻠﻤﮭﺎ أﺣﺪ ﻛﯿﻔﯿﺔ اﻟﺘﺤﻜﻢ ﻓﻲ ھﺬا؟
    579390|00000000||ﻓﻲ اﻟﺤﻘﯿﻘﺔ، ﻟﻘﺪ ﻋﻠﻤﮭﺎ اﻟﺒﻌﺾ ذﻟﻚ.
    572978|00000000||وﻣﻦ اﻟﻮاﺿﺢ أن ھﺬا ﻟﻢ ﯾﻜﻦ ﻟﮫ أي ﺗﺄﺛﯿﺮ.
    579393|00000000||ﺳﺄﻧﺎﻗﺶ ذﻟﻚ ﻣﻌﻚ ﺑﻜﻞ ﺳﺮور - ﻓﻲ وﻗﺖ آﺧﺮ.
   1003639|00000000||اﻟﺴﻔﺮ ﺑﯿﻦ اﻟﻌﻮاﻟﻢ - ﻣﺎذا ﯾﺒﺪو؟
   1003641|00000000||إﻧﮫ ﻟﺸﻲء... ﻟﻄﯿﻒ.
   1003643|00000000||أﺻﻌﺐ ھﺬا اﻷﻣﺮ؟
   1003645|00000000||ﻓﻲ اﻟﺒﺪاﯾﺔ ﻧﻌﻢ، وﻟﻜﻨﮫ ﯾﺼﺒﺢ ﺷﯿﺌًﺎ ﺗﻠﻘﺎﺋﯿًﺎ ﺑﺎﻟﻨﺴﺒﺔ ﻟﻚ، ﻣﺜﻞ رﻛﻮب اﻟﺤﺼﺎن.
   1003647|00000000||وﻟﻜﻦ اﻟﻜﺜﯿﺮ ﻣﻦ اﻟﺴﺤﺮة ﻗﺪ ﯾﻮدون ﺗﻌﻠﻢ ذﻟﻚ..
   1003649|00000000||أﻧﺎ ﻣﺘﺄﻛﺪ ﻣﻦ ذﻟﻚ... وﻟﻜﻦ (أﻓﺎﻻش) أدﻋﻰ ﻋﺪم اﻟﻤﻌﺮﻓﺔ واﻟﻤﮭﺎرة. ﻟﻘﺪ ﻗﻀﻰ أرﺑﻌﺔ ﻗﺮون ﯾﺘﻌﻠﻤﮭﺎ، وﻟﻜﻨﮫ ﻻ زال ﯾﻤﻜﻨﮫ ﻓﻘﻂ اﻟﻌﺜﻮر واﻟﻤﺮور ﺧﻼل اﻟﻤﻨﺎﻓﺬ اﻟﻤﻮﺟﻮدة ﺣﺎﻟﯿًﺎ.
   1003653|00000000||أذھﺐ ﻛﯿﻔﻤﺎ ﺷﺌﺖ ﻣﻦ ﻓﻀﻠﻚ، وﻓﻲ أي وﻗﺖ أﺷﺎء.
   1003636|00000000||ﻛﯿﻒ ﯾﺒﺪو اﻟﺴﻔﺮ ﺑﯿﻦ اﻟﻌﻮاﻟﻢ؟
   1127038|00000000||ھﺬه اﻟﻌﻼﻣﺔ ﻋﻠﻰ وﺟﮭﻲ - ھﻞ ھﻲ ﻣﻠﺤﻮظﺔ؟ ھﻞ ﺗﺒﺪو ﻗﺒﯿﺤﺔ؟
   1127041|00000000||ﻻ... ﻗﻠﯿﻼً. وﻟﻜﻦ ﻻ ﺗﺪع ھﺬا اﻷﻣﺮ ﯾﺰﻋﺠﻚ.
   1127044|00000000||أﺗﻌﻠﻢ، ﻛﺎن اﻟﻨﺎس ﯾﺤﺪﻗﻮن ﻓﻲ اﻟﻨﺪﺑﺔ ﻋﻠﻰ وﺟﻨﺘﻲ. ﻛﺎن ھﺬا اﻷﻣﺮ ﯾﺰﻋﺠﻨﻲ ﻛﺜﯿﺮًا.
   1127046|00000000||ﺛﻢ؟
   1127048|00000000||ﺑﺪأت ﻓﻲ ﻓﻚ زر ﻣﻦ أزرار ﻗﻤﯿﺼﻲ. ﺣﻠﺖ اﻟﻤﺸﻜﻠﺔ.
   1127049|00000000||ھﻞ اﻟﻌﻼﻣﺔ ﻋﻠﻰ وﺟﮭﻲ ﺗﺒﺪو ﻗﺒﯿﺤﺔ؟
   1127066|00000000||ﻟﺴﺖ ﻣﺘﺄﻛﺪًا إن ﺳﻤﻌﺖ وﻟﻜﻨﻨﻲ... ﻓﻮر أن ﯾﻨﺘﮭﻲ ﻛﻞ ﺷﻲء ﺳﺄذھﺐ إﻟﻰ (ﻛﻮﭬﯿﺮ).
   1127068|00000000||ﻣﻊ (ﺗﺮﯾﺲ).
   1127070|00000000||ھﻤﻢ.
   1127072|00000000||ﻣﻜﺎن ﻣﺜﯿﺮ ﻓﻲ ھﺬا اﻟﻌﺎﻟﻢ. رﺑﻤﺎ ﺗﺤﺼﻞ ﻋﻠﻰ ﻋﻘﺪ ﻟﻠﻘﻀﺎء ﻋﻠﻰ وﺣﺶ ﺛﻠﺠﻲ ﻧﺎدر. وﺣﺶ (ﺑﺎرﺑﯿﺠﺎزي) أو (ﻓﯿﻨﺪﯾﺠﻮ)... أو (أﻣﺎروك).
   1127074|00000000||أو رﺑﻤﺎ أﺧﻤﺪ ﺳﯿﻮﻓﻲ أﺧﯿﺮًا.
   1127076|00000000||ﻋﻼﻗﺘﻚ ﺑﮭﺎ ﺟﯿﺪة ﻟﮭﺬا اﻟﺤﺪ؟
   1127078|00000000||أﻓﻀﻞ.
   1127063|00000000||أﺗﻌﻠﻢ... ﻓﻮر أن ﯾﻨﺘﮭﻲ ﻛﻞ ﺷﻲء ﺳﺄذھﺐ إﻟﻰ (ﻛﻮﭬﯿﺮ).
   1127081|00000000||إذًا... أﺣﺘﺎج إﻟﻰ ﻧﺼﯿﺤﺘﻚ. اﻷﻣﺮ ﯾﺘﻌﻠﻖ ﺑـ(ﯾﻨﯿﻔﺮ).
   1127083|00000000||ﺣﺴﻨًﺎ. ﺗﻔﻀﻞ ﺑﺎﻟﺴﺆال.
   1127086|00000000||اﻷﻣﺮ ھﻮ... أﻧﻲ أرﯾﺪ أن أﺻﻄﺤﺒﮭﺎ إﻟﻰ ﻣﻜﺎن ﻣﺎ. ﻋﻨﺪﻣﺎ ﯾﻨﺘﮭﻲ ﻛﻞ ﺷﻲء. ﻣﻜﺎن ﻣﺎ... ﺳﺎﺣﺮ وﺧﻼب. ﺣﯿﺚ ﯾﻤﻜﻨﻨﺎ أن ﻧﺮﺗﺎح.
   1127088|00000000||ﻟﻘﺪ ذھﺒﺖِ إﻟﻰ ﻛﻞ اﻷﻣﺎﻛﻦ ﺗﻘﺮﯾﺒًﺎ. وﺗﻌﺮﻓﯿﻦ (ﯾﻦ) ﺟﯿﺪًا. ھﻞ ﻟﺪﯾﻚِ أﯾﺔ أﻓﻜﺎر؟ ﻛﻨﺖ أﻓﻜﺮ ﻓﻲ (ﺳﺒﺎﻻ) أو رﺑﻤﺎ (دول ﺑﻼﺛﺎﻧﺎ)...؟
   1127090|00000000||اﺻﻄﺤﺒﮭﺎ إﻟﻰ أول ﺣﺎﻧﺔ ﺗﺼﺎدﻓﻚ ﺟﺎﻧﺐ اﻟﻄﺮﯾﻖ. ادﻓﻊ ﺷﮭﺮ ﻣﻘﺪﻣًﺎ واﻛﺘﺐ "رﺟﺎء ﻋﺪم اﻹزﻋﺎج" ﻋﻠﻰ اﻟﺒﺎب واﻏﻠﻘﮫ وراﺋﻚ.
   1127092|00000000||ھﺎه. ﺑﮭﺬه اﻟﺒﺴﺎطﺔ؟
   1127094|00000000||ﻧﻌﻢ ﺑﮭﺬه اﻟﺒﺴﺎطﺔ.
   1127064|00000000||أﺣﺘﺎج إﻟﻰ ﻧﺼﯿﺤﺘﻚ. اﻷﻣﺮ ﯾﺘﻌﻠﻖ ﺑـ(ﯾﻨﯿﻔﺮ).
   1003655|00000000||(إﯾﺮدﯾﻦ) ھﻮ ﻣﻦ وﺟﺪك. ﻣﺎ رأﯾﻚ ﻓﻲ ذﻟﻚ؟
   1003573|00000000||ﻋﻨﺪﻣﺎ أﻣﺮ ﺑﯿﻦ ﻋﺎﻟﻤﯿﻦ، أﺧﻠﻖ ﻧﻮﻋًﺎ ﻣﻦ اﻟﻤﻮﺟﺎت اﻟﺘﺼﺎدﻣﯿﺔ. أي ﺷﺨﺺ ﻣُﺪرب ﻋﻠﻰ ذﻟﻚ ﯾﻤﻜﻦ أن ﯾﺸﻌﺮ ﺑﮭﺎ. ھﻜﺬا ﯾﻮﺿﺤﮭﺎ (أﻓﺎﻻش)، ﺑﺄي ﻧﺴﺒﺔ. ﯾﻤﻜﻨﮫ ﻓﻌﻠﮭﺎ أﯾﻀًﺎ.
   1003666|00000000||ﻟﺬﻟﻚ ﻟﻤﺎذا ﻟﻢ ﺗﺴﺘﺨﺪم ﻗﻮاك...
   1003574|00000000||ﻻ ﯾﺒﺪو اﻷﻣﺮ ﻛﺬﻟﻚ. اﻟﻨﺒﺾ أﻗﻮى وأطﻮل ﻣﻦ "رﺣﻠﺘﻲ". وﻋﻠﻰ ﻓﺘﺮات ﻗﺼﯿﺮة، ﻓﺎﻻﺿﻄﺮاب ﻏﯿﺮ ﻣﺤﺴﻮس ﺗﻘﺮﯾﺒًﺎ.
   1003637|00000000||ﻛﯿﻒ ﺣﺪد (إﯾﺮدﯾﻦ) ﻣﻜﺎﻧﻚ؟
    308532|00000000||ﯾﺠﺐ أن أذھﺐ.
   1003486|00000000||ﺣﺴﻨًﺎ، ﺳﻨﺘﺤﺪث ﻻﺣﻘًﺎ.
    308530|00000000||اﻟﻮداع.
   1003482|00000000||ﻗﺒﻞ أن ﺗﻌﻮد، أﯾﻦ ﻛﻨﺖ، وﻣﺎذا ﻛﻨﺖ ﺗﻔﻌﻞ؟
   1003394|00000000||ﺑﻤﺠﺮد أن ودﻋﺘﻲ (ﯾﻦ) ﻣﺎذا ﺣﺪث ﻟﻚ، وﻣﺎذا ﻓﻌﻠﺖ؟
   1003395|00000000||ﻟﻘﺪ ﺳﺎﻓﺮت... وﺑﻤﺮور اﻟﻮﻗﺖ، واﻟﻤﻜﺎن، واﻟﻌﻮاﻟﻢ اﻟﻤﺨﺘﻠﻔﺔ... رأﯾﺖ ﻣﻨﺎزل زﺟﺎﺟﯿﺔ، ورﻛﺒﺖ (وﺣﯿﺪ اﻟﻘﺮن اﻟﺨﺮاﻓﻲ) إﻟﻰ ﻧﮭﺎﯾﺔ اﻟﻌﺎﻟﻢ، وﻗﺪ ﻋﺸﺖ ﻓﻲ ﻣﻤﻠﻜﺔ ﺗﺤﺖ اﻟﺒﺤﺎر ﻟﻔﺘﺮة.
   1003397|00000000||ھﻤﻢ... اﻟﺤﺮﯾﺔ. داﺋﻤًﺎ ﻟﮭﺎ ﻣﺬاق ﺧﺎص.
   1003398|00000000||ﻣﺎ زاﻟﺖ ﻛﺬﻟﻚ.
   1003399|00000000||ﻟﺬا ﻟﻤﺎ ﻋﺪت؟
   1003400|00000000||ﻟﻘﺪ ﻛﺎن ﺟﮭﺪًا ﻛﺒﯿﺮًا، وﻗﺪ أﺷﺮﻓﺖ ﻋﻠﻰ اﻟﮭﻼك ﻓﯿﮫ. ﻋﻨﺪﻣﺎ ﯾﻜﻮن ﻛﻞ ﺷﻲء ﻣﺘﺎﺣًﺎ، ﻓﯿﺼﺒﺢ اﻷﻣﺮ أﻗﻞ إﻏﺮاء ﻟﻚ.
   1062485|00000000||اﻋﺘﺪت أن أﺗﮭﯿﺐ اﻟﺘﺪرﯾﺐ ﻋﻠﻰ ھﺬه.
   1062487|00000000||آه، ﻟﻘﺪ أﺻﺎﺑﺘﻨﻲ ﺑﺎﻟﺮﺿﻮد...
   1003372|00000000||ھﻞ ﻟﺪﯾﻚ دﻗﯿﻘﺔ؟
   1003374|00000000||ﺑﺎﻟﻄﺒﻊ.
   1076931|00000000||ھﮫ، ﯾﺒﺪو أﻧﻚ ﻓﻲ ﺣﺎﻟﺔ ﻣﺰاﺟﯿﺔ ﺟﯿﺪة…
    465166|00000000||ﯾﻤﻜﻨﻨﺎ ﻓﻌﻞ ذﻟﻚ.
    465164|00000000||إذا ﻛﺎﻧﻮا ﯾﻨﺰﻓﻮن،ﻓﻠﯿﻤﻮﺗﻮا.
   1076929|00000000||(ﻓﯿﺴﯿﻤﯿﺮ).
    541560|00000000||ﻣﺮﺣﺒًﺎ ﺑﻌﻮدﺗﻚ.
   1062943|00000000||ﻟﻘﺪ وﺟﺪت ﺑﻌﺾ اﻟﺴﯿﻮف اﻟﻘﺪﯾﻤﺔ، ﻛﻠﮭﺎ ﻣﺼﻨﻮﻋﺔ ﻣﻦ اﻟﺼﻠﺐ اﻟﻨﯿﺰﻛﻲ.
   1062945|00000000||إﻧﮭﺎ ﺗﺴﺘﻘﺮ ﺟﯿﺪًا ﻓﻲ ﯾﺪك. وﯾﺠﺐ ﻋﻠﯿﮭﺎ ﺛﻘﺐ اﻟﺪرع اﻟﺨﺎص ﺑﺮاﻛﺒﻲ (ھﺎﻧﺖ).
    562491|00000000||أرﯾﺪ أن أﻗﺎﺗﻞ أﯾﻀًﺎ.
    562497|00000000||أرﻓﺾ أن أﻗﻒ ﻣﻜﺘﻮﻓﺔ اﻷﯾﺪي ﺑﯿﻨﻤﺎ ﺗﺨﺎطﺮون ﺑﺤﯿﺎﺗﻜﻢ ﻣﻦ أﺟﻠﻲ.
    562499|00000000||ﻋﻮدي إﻟﻰ اﻟﺪاﺧﻞ!
    575678|00000000||دوﻓﯿﻠﯿﺸﯿﺲ!
    562501|00000000||ﻻ! ﻟﻘﺪ أﻋﻄﻰ (ﺟﯿﺮاﻟﺖ) اﻹﺷﺎرة ﻣﻦ اﻟﻐﺎﺑﺔ، وﻟﻢ ﺗﻠﻖِ (ﺗﺮﯾﺲ) ﺑﺎﻟﺘﻌﻮﯾﺬة!
    562503|00000000||اﻟﻠﻌﻨﺔ! اھﺮﻋﻲ إﻟﯿﮭﺎ!
    562493|00000000||ﻻ ﯾﻤﻜﻨﻨﻲ اﻻﺧﺘﺒﺎء ﻟﻸﺑﺪ. ﯾﺠﺐ أن أواﺟﮭﮭﻢ!
    562495|00000000||ﻋﻮدي إﻟﻰ اﻟﺪاﺧﻞ، اﻵن!
    562490|00000000||ﯾﺠﺐ أن أواﺟﮭﮭﻢ.
    529468|00000000||ﻛﺎن ﯾﺠﺐ ﻋﻠﯿﻚِ أن ﺗﻨﺘﻈﺮي ﺑﺎﻟﺪاﺧﻞ!
    529686|00000000||اﺻﻤﺪي، (ﺗﺮﯾﺲ)!
   1077974|00000000||Gvaed, gvaed uncym, cym’morth!
   1077970|00000000||{Emitting a mind-piercing, ear-bleed inducing shriek.}
   1077942|00000000||(ﺟﯿﺮاﻟﺖ)... أﯾﻦ ھﻮ...؟ ﯾﺠﺐ ﻋﻠﯿﻨﺎ--
   1077944|00000000||آآآآه!
   1077946|00000000||ﻟﻦ ﺗﺘﻤﻜﻨﻲ ﻣﻦ اﻟﮭﺮب ﻣﻨﻲ ھﺬه اﻟﻤﺮة!
   1077948|00000000||آآآآآآآه!
   1077950|00000000||(إﯾﻤﯿﺮﻟﯿﺚ)!
   1077952|00000000||اھﺮب!
   1077954|00000000||ﻟﻦ ﺗﮭﺠﺮك.
   1077956|00000000||اﻧﺘﻢ أﯾﮭﺎ اﻟﺒﺸﺮﯾﯿﻦ....ﻟﺴﺘﻢ ﻋﻤﻠﯿﯿﻦ.
   1077958|00000000||(ﺳﯿﺮي)! ﻻ!
   1077960|00000000||أﻧﺎ أﻣﻨﻌﻚ!!
   1077962|00000000||ﻟﻘﺪ ﻛﻨﺖ دوﻣًﺎ طﻔﻠﺔ ﻋﻨﯿﺪة.
   1077964|00000000||ﻟﻘﺪ ﻛﻨﺖ أﺣﺐ ذﻟﻚ ﻓﯿﻚ.
   1077966|00000000||طﯿﺮ اﻵن.
   1077968|00000000||ﻻاااااااا!
   1077938|00000000||ﺗﻌﺎل!
   1077940|00000000||آه!
   1076935|00000000||اﻟﻠﻌﻨﺔ... ﻟﻘﺪ ﻛﻨﺖ أﻗﻞ ﻋﻀﺒﯿﺔ ﻗﺒﻞ ھﺬا اﻟﻘﺘﺎل ﻣﻊ اﻟﺘﻨﯿﻦ.
    465190|00000000||أﻧﺎ وأﻧﺖ ﻓﻘﻂ ﻣَﻦْ ﯾﻌﻠﻢ ﺣﻘًﺎ ﻣﺎ اﻟﺬي ﺳﻨﻮاﺟﮭﮫ ﺟﻤﯿﻌًﺎ ﻗﺮﯾﺒًﺎ.
    465188|00000000||ﻟﻘﺪ ھﺰﻣﺘﮭﻢ ﻣﻦ ﻗﺒﻞ، وأﻋﻠﻢ أﻧﮫ ﯾﻤﻜﻨﻚ ھﺰﯾﻤﺘﮭﻢ ﺛﺎﻧﯿﺔً.
    550425|00000000||أﻣﮭﻠﯿﻨﻲ دﻗﯿﻘﺔ واﺣﺪة. ﻟﻘﺪ ﻧﺴﯿﺖ ﺷﯿﺌًﺎ ﻣﺎ.
    550427|00000000||أﺳﺮع.
    547548|00000000||اﻧﺘﻈﺮي.
    547547|00000000||ﻧﻌﻢ.
    547554|00000000||ﻟﻨﺬھﺐ.
    550421|00000000||ﻣﺴﺘﻌﺪ؟
    582097|00000000||ﯾﺎ ﻟﻠﻌﺠﺐ، إﻧﮫ ﻗﻮي.
    548945|00000000||رﺑﻤﺎ ﯾﺠﺐ ﻋﻠﯿﻚ ﺗﺠﺮﺑﺔ طﺮﯾﻘﺔ ﻣﺨﺘﻠﻔﺔ.
    548947|00000000||ﻟﻘﺪ ﺟﺮﺑﻨﺎ ﻋﺸﺮﯾﻦ طﺮﯾﻘﺔ ﻋﻠﻰ اﻷﻗﻞ.
    548949|00000000||ﻻ ﺗﺪﻋﻲ ھﺬا ﯾﺆرﻗﻚ... ﻟﺴﺖِ ﺑﺤﺎﺟﺔ ﻟﻠﺘﻔﻮق ﻓﻲ ﻛﻞ ﺷﻲء.
    549147|00000000||أﻧﺖ راﺋﻌﺔ ﻓﻲ اﺳﺘﺨﺪام اﻟﺴﯿﻒ، وﻣﻤﺘﺎزة ﻓﻲ رﻣﻲ اﻟﺴﮭﺎم... اﺗﺮﻛﻲ اﻟﺴﺤﺮ ﻟﻠﺴﺤﺮة.
    582102|00000000||ﺣﺴﻨًﺎ... اﺳﻜﺐ ﻟﻲ ﻗﺪﺣًﺎ آﺧﺮ.
   1062964|00000000||اﻟﻤﺮﻓﻖ أﻋﻠﻰ.
   1062966|00000000||إﻧﮫ ﻋﺎﻟﻲ ﺑﻤﺎ ﯾﻜﻔﻲ.
   1062968|00000000||أﻧﺖ ﺗﺴﻘﻄﮫ ﻗﻠﯿﻼً ﻓﻲ ﻛﻞ ﻣﺮة ﺗﺤﺮر ﻓﯿﮭﺎ اﻟﺴﻠﺴﻠﺔ.
   1062970|00000000||ﺟﺰء ﻣﻦ ﻛﻞ، اﻟﻘﺬاﺋﻒ اﻟﻤﺸﺘﻌﻠﺔ ﺗﺤﺘﺎج إﻟﻰ ﻣﺴﺎر ﻣﻨﺤﻨﻲ ﻣﺨﺘﻠﻒ.
   1062984|00000000||ﻣﺎ أﻓﻀﻞ ﺷﻲء ﻓﯿﻤﺎ ﯾﺘﻌﻠﻖ ﺑﺎﻷﺳﮭﻢ اﻟﻤﺸﺘﻌﻠﺔ، ﺑﺄي طﺮﯾﻘﺔ ؟
   1062986|00000000||إﻧﮭﻢ ﯾﻀﻌﻮن اﻷﺷﯿﺎء ﻣﺸﺘﻌﻠﺔ.
    463213|00000000||ﺷﻜﺮًا ﻟﺤﻀﻮر ﻛﻞ ﻣﻨﻜﻤﺎ.
    524215|00000000||ﻻ داﻋﻲ ﻟﻠﺸﻜﺮ. ﺑﺎﻟﻤﻨﺎﺳﺒﺔ، ﯾﺒﺪو أﻧﻚ ﻧﺴﯿﺖ دﻋﻮﺗﻲ.
    524219|00000000||وﻓﺮ أﻋﺬارك ﯾﺎ (ﺟﯿﺮاﻟﺖ). ﻟﻘﺪ ﺻﺒﺖ (ﭬﯿﺰ) ﻏﻀﺒﮭﺎ ﻋﻠﻲّ طﻮال اﻟﻄﺮﯾﻖ، وﻧَﺴَﺖ ﺗﻘﺮﯾﺒًﺎ ھﺬا اﻷﻣﺮ.
    524221|00000000||ھﻞ ﺳﯿﻜﻮن ھﺬا ﻋﺪدﻧﺎ ﺣﻘﺎً؟
    561010|00000000||ﺳﺄﺗﻔﻘﺪ اﻟﻤﻜﺎن ﻣﻦ ﺣﻮﻟﻲ ﻗﻠﯿﻼً. أرﯾﺪ أن أﺗﻌﺮف ﺑﻨﻔﺴﻲ ﻋﻠﻰ ﺳﺎﺣﺔ اﻟﻤﻌﺮﻛﺔ.
    561004|00000000||ﻣﺎ ﯾﮭﻢ ھﻮ اﻟﻜﯿﻒ، وﻟﯿﺲ اﻟﻜﻢ.
    561006|00000000||ھﺬا ﻣﻨﮭﺞ (اﻟﻮﯾﺘﺸﺮ)، وھﺬا اﻟﻤﻨﮭﺞ ﯾﻨﺠﺢ ﻋﻨﺪ اﻟﻘﯿﺎم ﺑﺄﻋﻤﺎل ﺻﯿﺪ وﻣﺤﺎرﺑﺔ اﻟﻮﺣﻮش، وﻟﯿﺲ ﻣﻦ اﻟﻀﺮوري أن ﯾﻨﺠﺢ ﻓﻲ اﻟﻤﻌﺎرك واﺳﻌﺔ اﻟﻨﻄﺎق.
    561008|00000000||آﻣﻞ ﺑﺎﻟﺘﺄﻛﯿﺪ أن ﺗﻜﻮن ﻣﺪرﻛًﺎ ﻟﻤﺎ ﺗﻔﻌﻞ.
    561002|00000000||ﻧﻌﻢ، وﻟﻜﻨﻨﺎ ﺳﻨﺮﺑﺢ.
    561001|00000000||أﺟﻞ.
    560998|00000000||أﺟﻞ.
    561000|00000000||آﻣﻞ ﺑﺎﻟﺘﺄﻛﯿﺪ أن ﺗﻜﻮن ﻣﺪرﻛًﺎ ﻟﻤﺎ ﺗﻔﻌﻞ.
    542224|00000000||أﻧﺖ ھﻨﺎ.
    550634|00000000||ھﻞ ﻋﺮض ﻋﻠﯿﻚِ ﺷﯿﺌًﺎ ﻣﺤﺪدًا؟
    547836|00000000||ﻧﻌﻢ، ﻣﺤﺪد ﺟﺪًا، وﺳﺨﯿﻒ ﺗﻤﺎﻣًﺎ.
    547842|00000000||أﻋﺘﺬر. ﻻ أرﯾﺪ اﻟﺘﺤﺪث ﻋﻦ ذﻟﻚ. ﻟﯿﺲ اﻵن ﻋﻠﻰ اﻷﻗﻞ.
    547843|00000000||ﻟﻦ أﺿﻐﻂ ﻋﻠﯿﻚِ. ﺗﺤﺪﺛﻲ ﻋﻨﺪﻣﺎ ﺗﻜﻮﻧﯿﻦ ﻣﺴﺘﻌﺪة. ﻟﻨﺬھﺐ.
    547838|00000000||ﺑﺎﻟﻤﻨﺎﺳﺒﺔ، ﻣﺎذا ﻛﺎن ھﺬا اﻟﻤﺸﮭﺪ اﻟﺨﺎص ﺑﺎﻟﻤﺎل؟
    547839|00000000||ﯾﻤﻠﻚ اﻹﻣﺒﺮاطﻮر اﻟﻜﺜﯿﺮ. وﻟﻢ أري ﺳﺒﺒﺎً  ﻟﻌﺪم ﻣﺸﺎرﻛﺔ اﻟﺒﻌﺾ ﻣﻨﮫ ﻣﻌﻨﺎ.
    547840|00000000||ھﻞ ﻛﺎن ھﺬا ھﻮ اﻟﮭﺪف - ﻣﻨﺬ اﻟﺒﺪاﯾﺔ؟
    550609|00000000||ﻻ. ﻛﺎن اﻟﮭﺪف داﺋﻤًﺎ أﻧﺖِ. أﻧﺖِ ﻓﻘﻂ.
    581839|00000000||ﻟﻜﻦ اﻷﻣﺮ ﺑﺪا واﺿﺤًﺎ ﻛﻤﺎ ﻟﻮ ﻛﺎن اﻟﮭﺪف ھﻮ اﻟﻤﺎل ھﻨﺎك.
    550612|00000000||(ﺳﯿﺮي)، أﻧﺎ...
    581882|00000000||إن ﻟﻢ ﯾﻜﻦ اﻷﻣﺮ ﻛﺬﻟﻚ، ﻓﻤﺎ ﻛﺎن ﯾﻨﺒﻐﻲ ﻋﻠﯿﻚ ﻗﺒﻮﻟﮫ.
    550614|00000000||ﻻ ﺗﻘﻞ اﻟﻤﺰﯾﺪ. ﺳﺄﺗﺨﻄﻰ اﻷﻣﺮ ﻋﻨﺪﻣﺎ ﻧﺼﻞ إﻟﻰ (ﭬﯿﻠﯿﻦ).
    547835|00000000||ﻣﺎ اﻷﻣﺮ؟
    550632|00000000||إذا ﻛﺎن ﯾﻌﺘﻘﺪ أﻧﮫ ﯾﻤﻜﻨﮫ ﺷﺮاﺋﻲ، ﻓﮭﻮ ﻣﺨﻄﺊ ﺟﺪًا.
    546415|00000000||(ﺟﯿﺮاﻟﺖ)، أوﻗﻔﮭﻢ!
    546416|00000000||ﻻ ﺑﺪ أن أﺷﻜﻞ داﺋﺮة اﻟﺤﯿﻮﯾﺔ!
    575674|00000000||آزار! آﻧﺎﺛﺎ! ﻓﯿﻠﻮس!
   1075126|00000000||اﻟﺠﺪار ﯾﺘﺤﻤﻞ! و(ھﯿﻠﻤﺎر) ﯾﻌﺰل اﻟﺒﻮاﺑﺎت!
   1075307|00000000||ﻋﻤﻞ راﺋﻊ!
    466366|00000000||ﻟﻘﺪ أوﻗﻔﮭﻢ اﻟﺠﺪار!
   1063022|00000000||اﻟﻠﻌﻨﺔ ﻋﻠﻰ اﻟﻜﻼب. ﻻ ﯾﻨﺒﻐﻲ ﻋﻠﯿﻨﺎ ﺗﻐﻄﯿﺔ ھﺬا اﻟﺠﺪار!
   1075121|00000000||ﻟﻘﺪ ﻋﺰل (ھﯿﻠﻤﺎر) اﻟﺒﻮاﺑﺔ!
   1075090|00000000||ﯾﺠﺐ ﻋﻠﯿﻨﺎ ﻏﻠﻖ اﻟﺒﻮاﺑﺎت! إذا ﻟﻢ ﻧﻔﻌﻞ ﻓﺴﻨﻤﻮت!
   1075108|00000000||ھﻨﺎك اﻟﻤﺰﯾﺪ واﻟﻤﺰﯾﺪ!
   1075110|00000000||ﺳﺎﻋﺪﻧﻲ! اﻧﺎ أﻗﺘﺮب ﻣﻦ اﻟﺒﻨﺪول!
   1075112|00000000||أﻧﺎ ﻓﻲ طﺮﯾﻘﻲ!
   1075130|00000000||(ﺟﯿﺮاﻟﺖ)! ﻻ ﯾﻤﻜﻨﻨﻲ ﺗﺤﻤﻠﮭﻢ أﻛﺜﺮ ﻣﻦ ذﻟﻚ!
   1075132|00000000||إﻧﮭﻢ ﯾﻨﺪﻓﻌﻮن ﻓﻲ اﻷﻧﺤﺎء ﻋﺒﺮ اﻟﺒﻮاﺑﺔ اﻟﺮﺋﯿﺴﯿﺔ!
   1075102|00000000||(ﺟﯿﺮاﻟﺖ)! إﻧﮭﻢ ﻗﺎدﻣﻮن ﻣﻦ ﺧﻼل ﺛﻐﺮة (ﺳﺎﻓﻮﻻ) ﻓﻲ اﻟﺠﺮن!
   1075104|00000000||ﺑﺎﺗﺠﺎه (إﯾﺴﻜﻞ)! اﻟﻜﻞ ﯾﺘﺤﺮك!
    565955|00000000||ﻟﻘﺪ أﻧﻘﺬﺗِﻨﺎ.
    565974|00000000||ﻟﻮﻻكِ ﻟﻜﻨﺎ ﺟﻤﯿﻌًﺎ ﻓﻲ ﻋﺪاد اﻷﻣﻮات.
    565976|00000000||ﻻ، ﯾﺎ (ﺟﯿﺮاﻟﺖ). ﻟﻢ ﯾﻜﻦ ﻟﯿﺄﺗﻲ (واﯾﻠﺪ ھﺎﻧﺖ) أﺑﺪًا إﻟﻰ ﺣﺼﻦ (ﻛﺎر ﻣﻮرھﯿﻦ) ﻟﻮ ﻟﻢ أﻛﻦ ھﻨﺎ.
    465711|00000000||ﯾﻨﺒﻐﻲ أن ﻧﺴﺘﻌﺪ - ﻟﺠﻨﺎزة (ﭬﯿﺴﯿﻤﯿﺮ).
    571205|00000000||أﻧﺖ ﻻ ﺗﻌﺮف ھﺬا اﻟﺸﻌﻮر. أن ﺗﺮى ﺷﺨﺼًﺎ ﺗﺤﺒﮫ ﯾﻤﻮت... ﺑﺴﺒﺒﻚ وﻷﺟﻠﻚ.
    571207|00000000||ﺟﻤﯿﻌﻨﺎ ﻛﺎن ﯾﻌﻠﻢ ﻣﺎ ﻛﻨﺎ ﻣﻘﺪﻣﯿﻦ ﻋﻠﯿﮫ.
    571209|00000000||ﻧﻌﻢ، وﻗﺪ أﻧﻘﺬﺗﻤﻮﻧﻲ. ﻟﻜﻦ إﻟﻰ ﻣﺘﻰ؟ ﻷﺳﺒﻮع؟ ﻟﺸﮭﺮ؟
    575122|00000000||ﺳﻨﺨﻔﯿﻚِ وﻧﻤﺤﻲ آﺛﺎرك...
    575124|00000000||ﻻ. ﻟﻦ أھﺮب ﻣﺠﺪدًا.
    571203|00000000||ﻻ ﺗﻠﻮﻣﻲ ﻧﻔﺴﻚ. ﻟﻢ ﯾﻤﺖ (وﯾﺘﺸﺮ) أﺑﺪًا ﻓﻲ ﺳﺮﯾﺮه ﻣﻦ ﻗﺒﻞ.
    565925|00000000||ﻗﺪﻣﻮا اﺣﺘﺮاﻣﻜﻢ اﻷﺧﯿﺮ ﻟﺼﺪﯾﻘﻜﻢ، وﺑﻌﺪ ذﻟﻚ ﯾﺠﺐ ﻋﻠﯿﻨﺎ ﻋﻘﺪ ﻣﺠﻠﺲ.
    565922|00000000||ﻗﺪﻣﻮا اﺣﺘﺮاﻣﻜﻢ اﻷﺧﯿﺮ ﻷﺻﺪﻗﺎﺋﻜﻢ، وﺑﻌﺪ ذﻟﻚ ﯾﺠﺐ ﻋﻠﯿﻨﺎ ﻋﻘﺪ ﻣﺠﻠﺲ.
    535609|00000000||اﻟﻮداع.
    535611|00000000||ﺑﺎﻟﻨﺴﺒﺔ ﻟﻤَﻦْ ﻧﺠﻮا، ﻻ ﯾﻤﻜﻦ ﻟﻠﻤﻮت أن ﯾﻜﻮن ﻟﮫ أﺳﺒﻘﯿﺔ ﻋﻠﻰ اﻟﺤﯿﺎة أﺑﺪًا.
    465713|00000000||ﯾﺴﺘﺤﻖ ﻛﻞ ﻣﻦ (ﭬﯿﺴﯿﻤﯿﺮ) و(ﻻﻣﺒﺮت) وداﻋًﺎ ﯾﻠﯿﻖ ﺑﮭﻤﺎ. ﯾﻨﺒﻐﻲ ﻋﻠﯿﻨﺎ اﻻﺳﺘﻌﺪاد ﻟﺬﻟﻚ.
    575112|00000000||ﻻ ﯾﻤﻜﻨﻨﻲ اﻟﺒﻜﺎء، ﻻ أدري ﻛﯿﻒ...
    575101|00000000||ﻟﯿﺲ ھﻨﺎك ﻟﻮم، ﺑﻞ ﺣﺰن ﻓﻘﻂ.
    535599|00000000||ﻟﻘﺪ ﻛﺪت أن أﻗﺘﻠﻜﻢ... ﻛﺪت أن أﻗﺘﻞ اﻟﺠﻤﯿﻊ...
    465701|00000000||(إﭬﺎﻻك) ﺿﻌﯿﻒ، وﻟﻜﻨﮫ ﻋﻠﻰ ﻗﯿﺪ اﻟﺤﯿﺎة. و(ﺗﺮﯾﺲ) ﺗﻌﺘﻨﻲ ﺑﺎﻵﺧﺮﯾﻦ.
    565918|00000000||و(ﻻﻣﺒﺮت)... ﻣﺎت -ﺑﺴﺒﺒﻲ.
    535489|00000000||ﻟﻘﺪ... ﻟﻘﺪ ﺗﺄﺧﺮت ﻛﺜﯿﺮًا... ﻋﻠﻰ ﻣﺴﺎﻋﺪﺗﮫ.
    535491|00000000||ھﺬا ﻟﯿﺲ ﺧﻄﺄك.
    535493|00000000||ﻛﺎن ﯾﺠﺐ أﻻ أﻓﺮ إﻟﻰ ھﻨﺎ، إﻟﻰ ﺣﺼﻦ (ﻛﺎر ﻣﻮرھﯿﻦ).
   1076888|00000000||إﻧﮭﻢ ھﻨﺎ... ﺣﺎن اﻟﻮﻗﺖ ﻟﻜﻲ ﻧﻘﻮل "ﻣﺮﺣﺒًﺎ".
   1076891|00000000||اھﺪأ. ﻋﻨﺼﺮ اﻟﻤﻔﺎﺟﺄة ھﻮ اﻟﻤﻔﺘﺎح. اﺑﻖ ﻣﺘﺨﻔﯿًﺎ، واﻋﻂ (ﺗﺮﯾﺲ) اﻟﻔﺮﺻﺔ ﻟﻜﻲ ﺗﻌﺮض ﻣﺎ ﯾﻤﻜﻨﮭﺎ اﻟﻘﯿﺎم ﺑﮫ. ﺛﻢ ﺳﻨﻀﺮﺑﮭﻢ.
    543267|00000000||وﺑﺎﻟﻤﻨﺎﺳﺒﺔ، أﺣﺴﻨﺖ ﻓﻲ ﺻﻨﻊ ھﺬه اﻟﻘﻨﺎﺑﻞ.
    543268|00000000||اﺳﺘﮭﺪف اﻟﺒﻮاﺑﺎت، وﻛﻦ دﻗﯿﻘًﺎ. ﻟﻘﺪ ﻧﻔﺬ ﻣﻨﻲ اﻟﺪﯾﻤﯿﺮﯾﺘﯿﻮم.
   1062886|00000000||ﻟﻘﺪ ذﻛﺮت (ﯾﻦ) أﻧﮭﺎ ﺻﺒﺖ ﯾﺮدن ﻓﻲ اﻟﺒﻮاﺑﺎت. وﻗﺎﻟﺖ أن اﻟﻌﻼﻣﺔ ﯾﻤﻜﻦ أن ﺗﻌﺰﻟﮭﺎ.
    520505|00000000||ﯾﺠﺐ ﻋﻠﻲّ أن أﺷﻜﺮ (ﯾﻦ) ﺑﻌﺪ اﻧﺘﮭﺎء ھﺬا اﻷﻣﺮ. ﻟﻘﺪ ﻧﺠﺤﺖ ھﺬه اﻟﺘﻌﻮﯾﺬة ﺣﻘًﺎ.
    561945|00000000||وﻋﻠﻰ اﻟﺘﺨﻔﻲ أﯾﻀًﺎ.
    520508|00000000||ﯾﻤﻜﻦ ﻟﻜﻼب اﻟﺼﯿﺪ اﻟﺨﺎﺻﺔ ﺑﮭﻢ ﺷﻢ راﺋﺤﺘﻚ. ﻻ ﺗﻘﺘﺮب ﻣﻨﮭﻢ ﻛﺜﯿﺮًا. وﺳﺘﻜﻮن ظﺎھﺮًا ﻗﺮ ﯾﺒًﺎ ﻋﻨﺪﻣﺎ ﺗﺒﺪأ اﻟﻘﺘﺎل. ﺗﺬﻛﺮ ذﻟﻚ.
    520507|00000000||ھﻞ ھﻮ ﺛﺮﺛﺎر ھﻜﺬا داﺋﻤًﺎ؟
    573009|00000000||ﻋﻨﺪﻣﺎ ﯾﻜﻮن ﻣﺘﻮﺗﺮًا ﻓﻘﻂ.
    543272|00000000||ھﻞ ﺗﻘﺼﺪ أن ﺗﻘﻮل أن (ﻣﯿﺮﯾﺠﻮﻟﺪ) ﯾﻤﻜﻨﮭﺎ ﺗﺴﺘﺤﻀﺮ أرواح أﻛﺜﺮ ﻣﻦ ﺳﺤﺎﺑﺔ ﻣﻦ اﻟﻔﺮاﺷﺎت؟
   1076894|00000000||اﻟﻜﺜﯿﺮ ﻣﻦ ذﻟﻚ. اﻧﺘﻈﺮ وﺷﺎھﺪ.
   1076879|00000000||إﯾﺰﻛﻞ.
   1076881|00000000||ﺗﺤﯿﺎﺗﻲ أﯾﮭﺎ اﻟﺬﺋﺐ.
   1062956|00000000||ﻧﺮﯾﺪ ﺑﻌﺾ اﻟﺴﻼم. ﯾﺠﺐ أن ﻧﺴﺘﻌﺪ.
    465105|00000000||(اﻟﻮاﯾﻠﺪ ھﺎﻧﺖ)؟ ﻗﺪ ﯾﺒﺪو ذﻟﻚ ﻣﺜﯿﺮًا.
    465107|00000000||ﺳﻌﺪت ﺑﺮؤﯾﺘﻚ.
    465097|00000000||ﻛﯿﻒ ﺣﺎﻟﻚ؟ ھﻞ ﺗﻌﺠﺒﻚ (ﻛﺎر ﻣﻮرھﯿﻦ)؟
   1076909|00000000||أﻛﺜﺮ ﻣﻦ ذﻟﻚ ﯾﺎ (ﻓﺎﻟﯿﻦ)، وﻟﻜﻦ ذﻟﻚ ﯾﻌﺘﺒﺮ ﺑﺎﻟﻜﺎد إﻧﺠﺎز.
   1076906|00000000||ٍﻛﯿﻒ ﻛﺎﻧﺖ رﺣﻠﺘﻚ؟ ھﻞ وﺻﻠﺖ إﻟﻰ ھﻨﺎ ﺑﺴﻼم ؟
    465099|00000000||إﻧﮭﺎ رﺣﻠﺔ ﻣﺸﻲ طﻮﯾﻠﺔ ﺟﺪًا ﻋﺒﺮ ھﺬه اﻟﻄﺮق اﻟﺠﺒﻠﯿﺔ، ﻻ ﺑﺪ أن اﻟﺤﻆ ﺣﻠﯿﻔﻚ ﻷﻧﻨﻲ ﻧﺠﺤﺖ ﻓﻲ اﺟﺘﯿﺎزھﺎ.
    542422|00000000||ﺗﺤﯿﺎﺗﻲ، (ﺟﯿﺮاﻟﺖ).
   1062989|00000000||إذا ﻗﺪر ﻟﻲ اﻟﻤﻮت اﻟﯿﻮم، ﻓﺄﻧﺎ أرﻏﺐ ﻓﻲ أن أﺑﺪو راﺋﻌﺔ ﻓﻲ ھﺬه اﻟﻤﻨﺎﺳﺒﺔ.
    573755|00000000||اﻋﺘﺒﺮي ﻧﻔﺴﻚ ﻓﻲ ﻣﻨﺰﻟﻚ.
    573765|00000000||ﻻ ﺗﺘﻮﻓﺮ وﺳﺎﺋﻞ راﺣﺔ وﻓﯿﺮة ھﻨﺎ، وﻟﻜﻦ ﺣﺎوﻟﻲ أن ﺗﻌﺘﺒﺮي ﻧﻔﺴﻚ ﻓﻲ ﻣﻨﺰﻟﻚ.
    573757|00000000||ﺗﻮﻗﻌﺖ ﺣﻀﻮرك ﻣﺒﻜﺮًا ﻋﻦ ذﻟﻚ.
    573759|00000000||ﻟﻘﺪ ﺑﺪأت اﻟﺴﯿﺮ ﻓﻲ اﻻﺗﺠﺎه اﻟﻤﻌﺎﻛﺲ، ﺛﻢ اﺳﺘﺪرت ﺑﻌﺪ ذﻟﻚ.
    573761|00000000||وﻣﺎ اﻟﺬي ﺣﻤﻠﻚ ﻋﻠﻰ ﺗﻐﯿﯿﺮ رأﯾﻚ؟
    573763|00000000||ھﻨﺎك أوﻗﺎت ﺗﺄﺗﻲ ﻋﻠﻰ اﻟﻤﺮأة ﺗﻜﻮن ﻓﯿﮭﺎ ﻏﯿﺮ ﻣﻠﺰﻣﺔ ﺑﺘﻮﺿﯿﺢ ﻗﺮارھﺎ. وھﺬا ﯾﻨﻄﺒﻖ ﻋﻠﻰ اﻟﺴﺎﺣﺮات ﺑﺸﻜﻞٍ ﻣﻀﺎﻋﻒ.
    573754|00000000||ظﻨﻨﺖ أﻧﻚ ﻗﺪ ﺗﺼﻠﯿﻦ ﻗﺒﻞ ذﻟﻚ.
   1062992|00000000||ھﻞ ﺗﺘﺠﻤﻠﯿﻦ وﺗﺘﺄﻧﻘﯿﻦ ﻟـ (واﯾﻠﺪ ھﺎﻧﺖ) ؟
   1062994|00000000||اﻟﻨﺴﺎء ﯾﺘﺠﻤﻠﻦ ﻓﻘﻂ ﻹرﺿﺎء ذاﺗﮭﻢ.
    572599|00000000||ﺳﻌﯿﺪٌ ﺑﻮﺟﻮدك ھﻨﺎ.
    572600|00000000||ﺳﻌﺪت ﺑﺮؤﯾﺘﻚ ﻣﺮةً ﺛﺎﻧﯿﺔ.
   1062997|00000000||اﺗﺮك ﺧﺰاﻧﺔ ﻣﻼﺑﺴﻲ ﺑﻤﻔﺮدھﺎ!
    521492|00000000||أﺣﺪ وﺣﻮش (اﻵرﺷﺎز).
    521493|00000000||ﻋﻠﯿﻨﺎ ﺟﺬﺑﮫ إﻟﻰ ھﻨﺎ.
   1063043|00000000||اﺳﺘﻤﺮ ﻓﻲ اﻟﺤﺬر. ﺳﺄﺿﻊ ﺑﻌﺾ اﻟﻠﺤﻢ اﻟﻄﺎزج ﻛﻄﻌﻢ.
   1063039|00000000||رأﯾﺖ ﺑﻌﺾ ﻣﺴﺎرات ﻟﻠﻌﻨﺎﻛﺐ ﻓﻲ اﻟﻤﻨﻄﻘﺔ ﻣﻨﺬ ﻗﻠﯿﻞ.
   1063041|00000000||إذا ﻟﻢ ﯾﻨﺘﻘﻞ اﻟﻮﺣﺶ، ﻓﻘﺪ ﻧﺘﻤﻜﻦ ﻣﻦ اﻟﺒﺤﺚ ﻋﻨﮫ، وﺳﻨﻄﺎرده ﻟﺪى ﻣﺤﺎرﺑﻲ (ھﺎﻧﺖ).
    521435|00000000||أﺗﺮى اﻟﺠﺮوح؟
   1074969|00000000||ﺑﺎﻟﺘﺄﻛﯿﺪ اﺟﻌﻞ ﻗﺼﺔ اﻟﻌﻨﺎﻛﺐ ﻗﺎﺑﻠﺔ ﻟﻠﺘﺼﺪﯾﻖ.
   1063047|00000000||ھﺎھﺎھﺎھﺎ. اﻻﻧﺘﻘﺎء اﻟﻄﺒﯿﻌﻲ ﯾﻌﻤﻞ.
    464415|00000000||ﯾﺠﺐ أن ﻧﻘﺘﻠﮭﻢ ﺑﺸﻜﻞٍ أﺳﺮع.
    464411|00000000||اﻟﻮداع!
    464413|00000000||ﯾﺎ ﻟﮫ ﻣﻦ ﻋﺪو ﺻﻌﺐ.
    466087|00000000||ﻓﻠﺘﺬھﺐ إﻟﻰ اﻟﺠﺤﯿﻢ.
    466083|00000000||اﻟﻠﻌﻨﺔ.
    466085|00000000||ھﻨﺎك اﻟﻜﺜﯿﺮ ﻣﻨﮭﻢ.
    520473|00000000||أﺣﺐ ھﺬه اﻟﻠﺤﻈﺎت. ﺟﻮ ﻣﺎ ﻗﺒﻞ اﻟﻤﻌﺮﻛﺔ - ﻻ ﯾﻮﺟﺪ ﻋﻄﺮ أزﻛﻰ ﻣﻦ ذﻟﻚ.
