;meta[language=es]
; id      |key(hex)|key(str)| text
    320960|00000000||No voy a permitir que te lleven.
    320972|00000000||No voy a permitir que te lleven, ¿vale?
    320974|00000000||Lo sé.
    561082|00000000||Tienes que mantenerte a salvo, sin meterte en líos.
    320982|00000000||No me trates como a una niña.
    320984|00000000||No lo hacía ni cuando eras una niña.
    320986|00000000||Me gusta verte sonreír.
    320988|00000000||Ven aquí.
    320990|00000000||Todo va a salir bien.
    320964|00000000||Van a por ti. Pase lo que pase, debes evitar ponerte en peligro.
    320966|00000000||¿Y quedarme sentada mientras los demás arriesgan sus vidas por mí?
    320968|00000000||Hazme caso: mantente al margen por esta vez.
    320958|00000000||Recuerda que debes evitar meterte en problemas.
    311661|00000000||¿Tienes un momento?
    320956|00000000||Vaya. Parece que toca charlita.
    520472|00000000||Falta muy poco.
    548190|00000000||¡Ja, ja, ja!
    586567|00000000||Tenías razón. Funciona.
    586570|00000000||Gracias.
    586572|00000000||Me alegro de poder ayudar.
    586574|00000000||¿Y ahora qué?
    586576|00000000||Iré a ver dónde está nuestro queridísimo sabio...
    548186|00000000||¡Ja, ja! ¡Geralt de Rivia, derrotado! Tienes que aprender a esquivar mejor.
    549111|00000000||¿Seguro que no te he dejado ganar?
    549151|00000000||¿No estarás resentido por perder frente a una auténtica maestra?
    547898|07606bf7||Tesorero
   1076927|00000000||Enfrentarse a la cacería salvaje... Es un poco más fuerte que una guerra de guerrillas.
    546798|00000000||Me las arreglaré. No te preocupes.
   1076925|00000000||Ves... No te enfades.
    572659|00000000||No ha sido buena idea traer aquí al asesino de reyes.
    301032|5a979acb||Guerrero de la cacería salvaje
    307008|103d66e3||Liebre
    550116|00000000||Me da igual.
    550129|00000000||A decir verdad, ni lo sé ni me importa.
    550131|00000000||Después del entrenamiento con Avallac'h, cabalgaremos hasta Novigrado. ¿Recuerdas?
    550133|00000000||Cambio de planes. Imlerith estará en el aquelarre. Lo atraparemos allí.
    550139|00000000||¿Qué opina Avallac'h?
    550147|00000000||¿Por qué me da que Avallac'h no está de acuerdo con esto?
    550154|00000000||¿Acaso está aquí? Le dejé una carta, nos reuniremos en Novigrado.
    554385|00000000||¿Cómo te has enterado del aquelarre?
    554387|00000000||¿Cómo te has enterado de todo eso? Imlerith, el aquelarre...
    554388|00000000||Avallac'h. Me habló de nuestros perseguidores. Afirma que el conocimiento en sí mismo puede inclinar la balanza.
    550164|00000000||De acuerdo, vamos a Velen.
    550352|00000000||Tú primero.
    550212|00000000||Yo no iría si fuera tú.
    550258|00000000||*Suspira* El negro no te sienta bien.
    550260|00000000||¿A qué te refieres?
    550262|00000000||¿Crees que quiere verte porque te echaba de menos? En mi opinión, tiene planes para ti.
    550263|00000000||Uf. Era previsible...
    550354|00000000||Geralt, estoy harta. No dejaré que otros decidan por mí a mis espaldas. Vayamos a Velen.
    550235|00000000||Probablemente solo quiera hablar.
    550237|00000000||¿Cómo puedes estar seguro? ¿Y si quiere algo más?
    550239|00000000||Me prometió que no te obligaría a hacer nada.
    550246|00000000||Entonces debería ir.
    550247|00000000||Es tu padre...
    550252|00000000||Wyzima cae de camino. Supongo que podemos hacer una visita.
    550211|00000000||Sí, eso creo.
    550218|00000000||Debes tomar tu propia decisión.
    550220|00000000||Debes decidirlo tú sola.
    550222|00000000||Pero quiero saber tu opinión: ¿debo o no debo ir?
    550177|00000000||Espera... Debo decirte algo antes de que nos vayamos.
    550179|00000000||¿Sabías que el Emperador te estaba buscando?
    550181|00000000||Yennefer mencionó algo.
    550183|00000000||Quería que lo visitaras.
    550185|00000000||¿Por qué me lo cuentas ahora?
    550194|00000000||Porque esta podría ser tu última oportunidad de ver a tu... padre.
    550197|00000000||¿Crees que debería ir?
    550163|00000000||Primero debo visitar al emperador.
    550162|00000000||Vamos, hablaremos por el camino.
    550135|00000000||Ciri... ¿Seguro que sabes lo que estás haciendo?
    550137|00000000||Sí. Y tengo que hacerlo.
    550138|00000000||¿Sabes lo que haces?
    550141|00000000||¿De dónde has sacado esa idea? ¿Qué mosca te ha picado?
    550143|00000000||Debo vengar a Vesemir.
    550145|00000000||El aquelarre es la oportunidad perfecta. Imlerith estará borracho, con sus seguidores y absorto en el jolgorio. No se lo esperará.
    550123|00000000||No lo sé, ilústrame.
    550125|00000000||Imlerith.
    550127|00000000||No tendremos una oportunidad igual para atraparlo.
    550115|00000000||¿Quién?
    549156|00000000||¡Geralt! ¡Geeeraaalt!
    549157|00000000||¡Despierta!
    549160|00000000||¿Qu... qué? ¿Qué ocurre?
    549162|00000000||En pie, tenemos que irnos. He ensillado los caballos.
    549197|00000000||Ciri... Está amaneciendo. ¿Adónde quieres ir?
    547528|00000000||A Velen. A la Montaña Calva. Faltan pocos días para el aquelarre de las brujas.
    550114|00000000||¿Y a que no adivinas quién es el invitado de honor?
    529751|00000000||¡Ciri! ¡Vuelve al interior!
    529752|00000000||¡No!
    531828|00000000||¡Geralt ha hecho la señal!
    531830|00000000||¡Todo listo!
    543483|00000000||¡Elli Abadabra Sani!
    543485|00000000||Tetrah... Tetragh... ¡Tetraglarie!
    543480|00000000||¡La he visto! ¡Cúbreme!
    548151|00000000||¡Oh, ahora te vas a enterar!
    548152|00000000||¡Te haces viejo y estás perdiendo puntería!
   1064962|00000000||¡Ja, ja, ja! ¡Te voy a dar una paliza!
    548150|00000000||¡Eh, eso es trampa!
    565655|00000000||Somos muy pocos.
    565707|00000000||Somos muy pocos. Sí, hemos conseguido repeler el ataque de la cacería, pero eso ha sido un milagro. No tendremos tanta suerte la próxima vez.
    565709|00000000||Disculpa, Geralt... pero eso es lo que dice un hombre que, obviamente, todavía no ha superado una pérdida trágica.
    565711|00000000||Bebe hasta olvidar, duerme, haz lo que sea necesario... Pero vuelve a ser tú mismo y razona las cosas.
    565713|00000000||Eso haré, Zoltan.
    565656|00000000||Por desgracia, no es tan sencillo. No tenemos forma de encontrarlos y ellos nos encuentran con suma facilidad. Nos pueden coger desprevenidos cuando quieran.
    565654|00000000||No es tan sencillo.
    465924|00000000||¿Vienes a ver qué tal me encuentro? No estoy mal, gracias.
    524918|00000000||Eso está bien.
    524919|00000000||Arg, chico, qué mal lo de Vesemir. Sé que estabais muy unidos.
    524920|00000000||Gracias. Lo estábamos.
    524925|00000000||Escucha, no quiero meter mi barba donde pueda provocar urticaria, así que no me malinterpretes. Quiero ayudar, decidas lo que decidas. Pero yo opino que debemos contraatacar.
    524926|00000000||Debemos encontrar a la cacería, a Eredin, y darles con la misma fuerza que un toro a una vaquilla.
    572961|00000000||Mierda, se le echará de menos.
    466174|00000000||¡Venid aquí!
    466172|00000000||¡Vamos!
    466170|00000000||¡Mantened la posición!
    319846|00000000||Lo mantendré vigilado.
    310326|00000000||Mantendré vigilado a Letho.
    319901|00000000||Y yo me portaré bien, lo prometo.
    319903|00000000||Si vigilas a este asesino, no prestarás atención al enemigo. ¿Por qué es tan importante el asesino de reyes?
    319905|00000000||Eredin es un rey, ¿no?
    559318|00000000||Que os den. A ambos.
    319848|00000000||Yo estoy al mando.
    319959|00000000||Yo estoy al mando y yo tomo las decisiones. Ambos sabéis que en una guerra no hay tiempo para discutir.
    319961|00000000||¿Sabes qué, Geralt? En mi vida he hecho muchas cosas de las que me arrepiento, pero siempre he respetado a aquellos a los que servía. Siempre he confiado en ellos.
    319963|00000000||Aquí, en Kaer Morhen, será la primera vez que no lo haga.
   1062868|00000000||Nos quedaremos a ayudar. Pero alguien debe vigilarlo.
    319887|00000000||Debo salvar a Ciri, cueste lo que cueste. Y Letho ya se ha enfrentado a la cacería antes.
    319889|00000000||No cuestiono sus habilidades. Simplemente, no me fío de él.
    319891|00000000||Letho no nos va a traicionar.
    319893|00000000||Eres un ingenuo. Siempre lo has sido. Por lo general me da igual, pero esta vez podríamos morir tanto Ves como yo.
    559312|00000000||Piénsatelo bien antes de que sea demasiado tarde.
    319844|00000000||Tenéis que entenderme.
    535946|00000000||Vaya, viejos amigos.
    536191|00000000||¿Qué hace aquí ese hijo de puta?
    536194|00000000||Lo necesitamos.
    559315|00000000||Puede que tú hayas olvidado lo que hizo. Yo no.
    535941|00000000||Me alegro de verte.
    535942|00000000||Je. Partí solo, pero Ves me siguió. Insistió en venir.
    536186|00000000||Debería darte una paliza por no pedirme ayuda. Pero ya me desahogué con Roche durante el viaje.
   1061994|00000000||Me alegro de veros de nuevo.
   1061992|00000000||Cielos, me alegro de volver a veros.
   1123852|00000000||No... Vámonos. Nos están esperando.
   1123849|00000000||No, vámonos.
   1123855|00000000||Si no te importa...
   1123858|00000000||Parece que se lo ha tomado bastante bien.
   1123860|00000000||O quiere que pensemos eso.
   1123863|00000000||Hace mucho que no vengo por aquí, ¿y tú?
   1123865|00000000||Demasiado. ¿Cómo está la habitación de invitados? ¿Ha cambiado algo?
   1123867|00000000||Mmm. La cama, uhm, se rompió.
   1123869|00000000||No hay problema. Dormiremos en el suelo. Extendemos unas pieles y...
   1123872|00000000||Ejem.
   1123874|00000000||Creo que tenemos que irnos.
   1123850|00000000||Solo si no te importa.
   1123843|00000000||¿Os dejo un momento a solas?
   1123846|00000000||Lo siento, no era nuestra intención...
   1123848|00000000||Lo sé. Es una pregunta sencilla. ¿Os dejo un momento a solas?
    462992|00000000||Me alegro de verte, Triss.
    522511|00000000||Agradéceselo a Yennefer. Fue ella quien me invitó.
    549984|00000000||Ya tendremos tiempo para hablar. Ahora hay que deliberar.
   1123878|00000000||Esto... Será mejor que os deje un momento a solas.
   1123880|00000000||Triss, por favor...
   1123882|00000000||No, no. Os habréis echado mucho de menos. No pasa nada si tardamos un minuto más.
   1123889|00000000||Vale. Un minuto y nos vamos, ¿de acuerdo?
   1123892|00000000||Umm. Esto es un poco incómodo...
   1123894|00000000||Cuarenta y cinco segundos.
   1123896|00000000||¿Eh?
   1123898|00000000||Nos quedan cuarenta y cinco segundos. Bueno, ahora treinta. Y luego a echar el guante a la cacería salvaje. Así que, te lo ruego, aprovecha bien esos segundos.
   1123901|00000000||Yen, te adoro.
   1123903|00000000||Umm. No te voy dar puntos por tu creatividad. Pero por tu sinceridad...
   1123906|00000000||Es hora de irse.
   1123884|00000000||Vale. Un minuto y nos vamos.
   1123883|00000000||No. Será mejor que nos vayamos ya.
   1123886|00000000||No, debemos ponernos en marcha. Nos están esperando.
    522544|00000000||No nos quedemos aquí fuera.
    520117|00000000||Eso. Vamos adentro a deliberar.
   1061996|00000000||Tenemos poco tiempo. La cacería se acerca.
   1061993|00000000||La cacería se acerca.
    462983|00000000||No hay por qué hacerlo aquí fuera. Entrad.
    462858|00000000||Ha venido todo el mundo al que has pedido ayuda. Avallac'h está en la torre. Todavía está muy mal.
    522469|00000000||Tranquilo, chico. Venga, no pasa nada.
    522472|00000000||¿Pero qué...?
    522475|00000000||Bienvenida de nuevo, pequeña...
    522478|00000000||¡Ciri!
    522481|00000000||Vaya, estás preciosa.
    522484|00000000||En marcha. Es hora de saludar a los demás.
    522486|00000000||No habéis cambiado nada. Ninguno. Estáis todos como os recordaba.
    522488|00000000||¿Qué?
    549628|00000000||Hermanita.
    522515|00000000||Ha refrescado un poco. Vamos. Debemos iniciar el consejo.
   1061976|00000000||Yen, conoces a la cacería salvaje mejor que nadie. Cuéntanos qué tipo de magia utiliza...
   1061978|00000000||Sus navegadores abren portales, fisuras que podemos contrarrestar con dimerita o magia.
   1061980|00000000||También invocan la escarcha que llena los vacíos por los que viajan.
   1062794|00000000||No somos suficientes. Esta va a ser una lucha difícil.
    466075|00000000||¡Vienen más! ¡Cuidado!
    466077|00000000||¡Mierda!
    466073|00000000||¡Joder, son demasiados!
    572909|00000000||¡Prepárate! ¡Pronto llegará otra oleada!
    572908|00000000||Preocúpate por seguir con vida.
    572917|00000000||¡Cerrad esa condenada puerta!
    572918|00000000||¡Mierda, la puerta! ¡Cerrad la puerta!
   1074923|00000000||¡Un destacamento grande llega desde el bosque!
    577451|00000000||Debemos cerrar la puerta antes de que entren.
   1074921|00000000||¡Atención! ¡Cubríos mutuamente! ¡Han encontrado una forma de entrar!
    532804|00000000||¡Aislad el patio! ¡Cerrad las puertas!
    532922|00000000||¡Lambert, nada de heroicidades!
    532923|00000000||¡Geralt, ve a por Lambert, vamos!
    532951|00000000||¡Debemos retirarnos! ¡Yennefer está al límite de sus fuerzas!
    532933|00000000||¡Lo han matado! ¡Serán cabrones!
    562205|00000000||¡Han matado a Lambert!
    532946|00000000||¡Lambert, no! ¡Quédate con nosotros!
   1074915|00000000||¿Qué tal os fue en el bosque?
   1074919|00000000||Sellamos dos portales y después nos encontramos con un teniente de la cacería.
   1076913|00000000||¿Listo para la batalla?
    465103|00000000||Estoy listo desde que nací.
   1076911|00000000||En cuanto empiece... Nada de hacerse el héroe, ¿vale?
    465101|00000000||Entiendo. No son apariciones del montón.
   1062948|00000000||Maldito montón de chatarra. Tiene los años de Vesemir.
    542145|00000000||¿Cómo te va con eso?
   1076915|00000000||¿Algún avance?
   1062950|00000000||No puedo hacer que este trasto lance un virote. Antes consigo que me nombren jerarca de Novigrado.
    321078|00000000||¡Joder! ¡Llegas justo a tiempo!
    321080|00000000||Vuelve a tu posición.
    533060|00000000||¡Atrás! ¡Por la puerta, regresemos al patio!
    533061|00000000||¡Comprobad el camino hacia el patio principal!
    565503|00000000||Buen viaje.
    565515|00000000||Que os vaya bien.
    565517|00000000||Y de nuevo, gracias por todo.
    565505|00000000||¿Os vais juntos?
    565507|00000000||Tengo una idea, pero necesito a un brujo para hacerla realidad. Lambert ha aceptado ayudarme.
    565509|00000000||Mmm. Buena suerte. Y de nuevo, gracias.
    565511|00000000||Ahora estamos en paz.
    565502|00000000||¿Os vais juntos?
    565523|00000000||Me alegra haber podido ayudar, pero me iré en cuanto Lambert se encuentre mejor.
    558916|00000000||Gracias por todo lo que has hecho por Ciri y por mí.
    558917|00000000||¿Puedo hablar con franqueza? Si llego a saber lo que iba a pasar, ni me habría acercado a Kaer Morhen.
    572963|00000000||Mi más sentido pésame, Geralt.
    572964|00000000||No tengo ganas de hablar.
    566035|00000000||No sé quién habrá reparado estos muros, pero ha hecho una chapuza.
   1062930|00000000||¿Para qué soltar el gas?
   1062932|00000000||¿Para qué sirve el gas?
   1062934|00000000||Es muy inflamable. Pretendo hacerlo estallar e incinerar así a unos cuantos jinetes de la cacería.
   1062936|00000000||¿No se resentirán los muros?
   1062938|00000000||Los muros de la fortaleza ya se caen a pedazos. Más daño no se les puede hacer.
    319685|00000000||No somos albañiles.
    319687|00000000||Una pena. No podremos impedir que la cacería entre en la fortaleza.
    319689|00000000||No pasa nada. Tampoco es que seamos unos expertos en asedios.
    319691|00000000||Nos enfrentaremos a ellos en el patio.
    566036|00000000||No es precisamente nuestra especialidad.
    566037|00000000||Deberíamos arreglar esos agujeros.
    566055|00000000||Tal vez podamos arreglar esos agujeros.
    566057|00000000||Tenemos los materiales.
    566059|00000000||Si quieres, puedo ayudar.
    566061|00000000||¿Y Lambert?
    566063|00000000||Bueno, ya sé cómo se le da la albañilería...
   1062927|00000000||Nunca pensé que el gas apestara así. Tenemos que avisar a los demás para que nadie pase por aquí con una llama sin cubrir.
   1062929|00000000||¿Y ahora qué?
    465239|00000000||Me apetece un trago.
    551709|00000000||Y a mí. Ya buscaremos algo después del consejo.
    541760|00000000||Je, je, je. Menudo equipo has reunido.
   1062924|00000000||¡Anair, anadar, vallanda!
   1062914|00000000||Espero de verdad que este gas funcione.
   1062916|00000000||Lo hará. Debemos prenderlo en el momento oportuno.
   1062918|00000000||Y ese agujero... ¿no se puede tapar?
   1062920|00000000||Ya nos preocuparemos del agujero cuando acabe todo esto. Y ahora, aparta, maese brujo.
    550680|00000000||No estoy seguro de que Ciri acepte eso.
    550695|00000000||Ciri aún no ha aceptado eso.
    550750|00000000||¿De veras?
    550816|00000000||¿De veras?
    550818|00000000||¿Conoces a alguien que no quiera ser emperador de Nilfgaard?
    550784|00000000||¿Te lo imaginas? Pensaba que solo las mentes corroídas por el vino de los bardos y poetas podían gestar semejantes historias.
    552371|00000000||La hija pródiga del soberano más poderoso de la historia del continente regresa en vísperas de su triunfo final para recibir su herencia.
    550815|00000000||Los simplones adoran ese tipo de historias, al igual que las princesas, siempre hermosas y delicadas, que son sus...
    550776|00000000||En efecto.
    550749|00000000||Por supuesto que no.
    550747|00000000||Sí, por supuesto. Es muy diplomática, no celebrará una oferta que aún no ha recibido, pero tampoco podrá rechazarla.
    550681|00000000||Por supuesto.
    550694|00000000||Siguiendo con el tema, ¿cómo es nuestra futura gobernante? Debo admitir que tengo curiosidad por saber cómo reaccionará cuando sepa que el trono es suyo. Me aventuro a decir que estará encantada...
    550752|00000000||Nunca se sabe...
    550664|00000000||Sí, parece claro que eso es lo que ocurrirá.
    547869|00000000||¡Lobo Blanco! ¡Me alegro de verte!
    550649|00000000||Saludos, general.
    550644|00000000||Confío en que no tuvieras problemas para cruzar el Pontar.
    547871|00000000||No.
    550652|00000000||Imagino que lo cruzaste por el vado cercano a Ban Gleán.
    550657|00000000||Tienes suerte de no haber pasado por Rinde. Sigue siendo una región peligrosa. Radovid quiere abrir una brecha en el frente del oeste.
    550662|00000000||Pero no lo conseguirá. No antes de que la princesa se convierta en emperatriz y pongamos orden en la zona.
    524739|00000000||¡Ladd nahw!
    524776|00000000||¡Ni'l ceim siaar!
    524777|00000000||¡Trooid'i!
    524775|00000000||¡Hoinne heets!
    524355|00000000||Es mejor no retrasarlo más... La guerra contra los oscuros no espera a nadie.
    524360|00000000||Siempre podrás contar conmigo. Lo sabes, ¿verdad?
    524362|00000000||Lo sé. Gracias.
    565580|00000000||Adiós.
    566135|00000000||Hasta pronto, Hjalmar.
    524358|00000000||El deber me llama.
    524369|00000000||Pero escucha, Geralt: un rey te considera su amigo. Muy pocos pueden decir eso.
    524471|00000000||Si tú, o Ciri, o Ciri y tú... necesitáis ayuda alguna vez, las puertas de Kaer Trolde estarán abiertas.
    565588|00000000||Gracias. Lo tendré en cuenta.
    565582|00000000||¿Ya vuelves a Skellige?
    565579|00000000||¿Vuelves ya a Skellige?
    321589|00000000||Aquí estás.
    321591|00000000||Es una verdadera lástima lo de Vesemir. Lo siento.
    321593|00000000||Gracias por tu ayuda.
    524342|00000000||Tenía una deuda que pagar.
    572962|00000000||Ah, el valor del hombre...
    564544|00000000||Lo tendré presente.
    564546|00000000||Gracias. Siempre lo recordaré.
    564548|00000000||Debo echar otro vistazo a los heridos, pero tendré que irme pronto. Os dejaré unas medicinas.
    564550|00000000||Que te vaya bien, Armiño.
    564552|00000000||Hasta la próxima.
    564554|00000000||No sé muy bien qué hacer ahora.
    564556|00000000||Cuando tu mente tenga dudas, déjate llevar por tus instintos.
    564558|00000000||Si te llevan por el mal camino y acabas hundido en el barro, estarás en paz contigo mismo. Eso es lo más importante.
    564560|00000000||Es un buen consejo.
    564562|00000000||¡Bah! ¡Pues claro! Por algo soy un hierofante, ¿no?
    564564|00000000||Pronto tendré que irme a casa. Cuídate, y cuida también de Ciri.
    564566|00000000||Una vez más, gracias por todo.
    564543|00000000||No sé qué hacer ahora.
    321491|00000000||Gracias.
    321493|00000000||Por favor. También era mi pupila. Los viejos deben ayudar siempre a los jóvenes.
    321495|00000000||Sabes que esto no pone fin a tu lucha, ¿verdad?
    321497|00000000||Lo sé.
    321501|00000000||Sea lo que sea lo que vayas a hacer ahora, recuerda que habrá almas dispuestas a ayudar en Skellige: Crach, sus hijos, yo...
    572957|00000000||Me arrepiento de no haberlo conocido mejor.
    542689|00000000||Tiene mala pinta.
    564393|00000000||¿Cómo puedo agradecéroslo?
    564399|00000000||Habéis arriesgado vuestras vidas por mí. ¿Cómo puedo compensarlo?
    564401|00000000||Ya se nos ocurrirá algo, ¿a que sí?
    564403|00000000||Sin duda.
    564404|00000000||¿Qué vais a hacer?
    564405|00000000||Nos vamos a Novigrado, a combatir en la próxima batalla.
    564406|00000000||Si nos echas de menos, búscanos en el campamento.
    564395|00000000||Gracias por venir. Gracias por arriesgar vuestras vidas por mí.
    564397|00000000||Cuida a esa chica. No permitas que le hagan daño.
    564392|00000000||Gracias por vuestra ayuda.
   1071971|00000000||¿Y bien? Dime.
    321386|00000000||Ya puedo decir que lo he visto todo.
    321388|00000000||Todavía no me creo todo lo que ha pasado.
    572958|00000000||Qué mierda.
    572959|00000000||Uf.
   1076904|00000000||Prepárate, Folan. La cacería salvaje está cerca.
    520063|00000000||¿Las apariciones de Mörhogg? Hjalmar y yo hemos acabado con cosas peores que esa.
    520062|00000000||Así que ya viene el Ragh nar Roog.
    548042|00000000||¡Geralt! ¡Nos vamos!
    548044|00000000||Ha sido un placer veros, mi señora.
    548052|00000000||Igualmente.
    550579|00000000||Ya es hora de que nos vayamos.
    550600|00000000||Es una pena que no podáis quedaros. Espero que podamos continuar en otra ocasión.
    550602|00000000||No puedo decir lo mismo.
    575458|00000000||¡Mierda!
    575460|00000000||¡Geralt!
   1061955|00000000||¡Atrás!
   1061957|00000000||*Silba*
    533413|00000000||Deberías haberte quedado sentadita en la fortaleza, tal y como se te ordenó.
    533414|00000000||Ajá. Y entonces, ¿quién te habría salvado?
    533425|00000000||¡Gracias!
    533426|00000000||¡Tenemos que abrirles la puerta!
    524548|00000000||¿Ves eso?
    524550|00000000||Ya empieza. ¡Al bosque! ¡Ya!
    533349|00000000||¡Justo a tiempo!
    575408|00000000||Fiiiuuu
    575412|00000000||¿Ves? Yo también puedo.
    533353|00000000||¡¿Qué le pasa a Eskel?! ¡Debemos retirarnos!
    533354|00000000||¡Tiene problemas! ¡Voy a ayudarlo!
    562633|00000000||¡Recuerda la piedra que te di!
    533350|00000000||¿Va todo bien?
    533351|00000000||Sí, gracias... La cosa se estaba poniendo fea...
    533352|00000000||Hemos tenido que retirarnos. Intentaron pasar por la puerta principal. Me temo que la próxima vez podrían conseguirlo.
   1055661|6bf543da||Gorrión
    533661|00000000||¡Se están colando por los agujeros!
    534386|00000000||Bombas de dimerita.
    546099|00000000||Encontraréis más en las cajas que hay junto al muro.
    321106|00000000||¡No deberías estar aquí fuera!
    321108|00000000||Demasiado tarde.
    533655|00000000||¡Eskel ha abierto la puerta! ¡Podemos retirarnos!
    533656|00000000||¡Retirada!
    465851|00000000||Kaer Morhen. No me imagino este lugar sin Vesemir.
    565472|00000000||Entiendo.
    565478|00000000||Te entiendo.
    565480|00000000||Probaré suerte en Lormark. Siempre hay trabajo donde hay una guerra. Después, ya veremos.
    565482|00000000||Hasta la próxima.
    565484|00000000||Nos vemos, Lobo.
    565474|00000000||Vamos, hombre. Este es el único lugar que hemos tenido. Quédate.
    565476|00000000||No, Geralt. Este lugar lleva tiempo moribundo. Hoy le hemos puesto el último clavo al ataúd. Hay que aceptarlo.
    565153|00000000||Quédate.
    524892|00000000||Pronto partiré hacia el valle. Buscaré otro lugar para pasar el próximo invierno.
    465853|00000000||Ya no tiene sentido regresar a este lugar.
    465849|00000000||¿En qué estás pensando?
    572942|00000000||No tiene sentido volver aquí. Es como si Kaer Morhen hubiese muerto hoy.
    466232|00000000||¡Vamos!
    466230|00000000||¡Venid a por mí!
    466228|00000000||¡Ja!
    466372|00000000||¡Están entrando al patio!
    466095|00000000||¡Vuestra madre debía de ser un conejo, para parir a tantos!
    466091|00000000||Mierda.
    466093|00000000||¡Ugh!
   1074926|00000000||¡El muy cabrón quiere entrar por la fuerza!
   1063029|00000000||La próxima vez que tengas la sensación de que voy a cabrear a Merigold, pégame un buen porrazo en la cabeza.
    520509|00000000||No es que no me fíe de la invisibilidad, pero será mejor mantenernos alejados de esas criaturas.
   1074961|00000000||Ella es una de nosotros, Geralt. No permitiremos que se la lleven.
    464404|00000000||Ven con mamá.
    464406|00000000||Vamos, ven.
    464402|00000000||Ja.
    558820|00000000||Ha sido asombroso. Gracias.
   1074929|00000000||¡Ha entrado!
    564505|00000000||¿Qué vas a hacer?
    564513|00000000||¿Qué vas a hacer ahora?
    564515|00000000||Supongo que ir al este, al otro lado de las montañas.
    564517|00000000||¿Después de eso? Ya se verá.
    564519|00000000||Adiós.
    564507|00000000||¿Has pensado en quedarte en Kaer Morhen?
    564509|00000000||Estaría bien. Al menos durante un tiempo, hasta que sepa qué hacer.
    564511|00000000||Me parece bien. Quédate.
    564476|00000000||¿Quieres quedarte en Kaer Morhen?
    321440|00000000||Ha sido duro.
    321442|00000000||Pero lo logramos.
    564502|00000000||Gracias por la ayuda.
    564504|00000000||De nada.
    572960|00000000||Los brujos nunca mueren en la cama.
    550900|2b0e5344||Cortesana nilfgaardiana
   1063565|00000000||¡Eh! ¡Eso es trampa!
   1063567|00000000||¡Debilucho!
   1063569|00000000||¡Eso habrá que verlo!
   1063571|00000000||¡Ja, ja, ja! ¡Atrápame si puedes!
    520100|00000000||Qué pena que Vigi y Folan no estén aquí.
    523431|00000000||Gracias por venir.
    520113|00000000||Llevamos toda la vida preparándonos para luchar contra las sombras de Mörhogg.
    569882|00000000||Pudimos con el gigante, también podremos con las apariciones.
    569884|00000000||¡Sí!
    523422|00000000||Gracias por venir.
    520101|00000000||¿Acaso creías que me iba a perder algo así? ¡Jamás!
    549786|00000000||Qué pena que Folan no esté con nosotros.
    523426|00000000||Gracias por venir.
    520110|00000000||¿Acaso creías que me iba a perder algo así? ¡Ni por asomo!
    520111|00000000||Es una pena que Vigi no esté aquí.
    541556|00000000||¡Me alegro de verte!
    531907|00000000||Me pregunto si con habrá sido suficiente para matarlo.
    531908|00000000||¿Con Imlerith? Lo dudo.
   1063050|00000000||¡El hechizo de Yen se esfuma! ¡La ventisca casi está en el bosque!
   1063052|00000000||¡Más rápido, Sardinilla!
   1063054|00000000||¡No pares! ¡Merigold nos protegerá!
    524786|00000000||¡¿Qué le pasa a Merigold?!
    524787|00000000||Joder...
    523714|00000000||¡Geralt! ¡Ven aquí!
    523716|00000000||Mira... Se están reagrupando.
    523717|00000000||¿Ves al comandante? Se llama Imlerith. Lo recuerdo de cuando cabalgaba con la cacería salvaje.
   1074756|00000000||Maldita sea, el hechizo se desvanece. Nos estamos volviendo visibles.
    523723|00000000||¿Intentamos matarlo?
    562436|00000000||Muy arriesgado.
    573029|00000000||Nenaza.
   1076921|00000000||Roche...
    572658|00000000||No quiero hablar contigo en estos momentos, Geralt.
    546841|00000000||¿Llamáis a esto fortaleza? ¡¿Cómo vamos a defender estas ruinas?!
    575685|00000000||¡Aaarg!
    575687|00000000||Argh. En Skellige hace más frío que ahí.
   1076919|00000000||¿Algún consejo, Armiño?
    520131|00000000||Será imposible derrotarlos en un combate directo. Debemos usar la astucia.
    520130|00000000||Debemos preparar nuestras defensas.
    522824|00000000||Nuestro rival es peligroso y sabemos muy poco de él.
    554484|00000000||¡Ahora te vas a enterar!
    554485|00000000||¡Pagarás por eso!
    554483|00000000||¡Ay! ¡Buen tiro!
    561026|00000000||Ciri es más importante.
    561028|00000000||Ciri es lo más importante en todo este asunto. La cacería va tras ella y debemos defenderla cueste lo que cueste.
    561030|00000000||¿Qué hago?
    561032|00000000||Quédate dentro de la fortaleza. Si entran, vete al interior. Nos reuniremos todos allí para ayudarte.
    566159|00000000||¡Ni en broma! Sé cuidar de mí misma.
    566160|00000000||Nadie lo duda, pequeña. Pero ¿recuerdas cuál es el momento más importante al cazar un monstruo?
    566164|00000000||"Esperar una oportunidad".
    566166|00000000||Cuando acabe el consejo, te daré un amuleto. Si lo usas, una bola de fuego caerá sobre tu posición. Es por precaución.
    566168|00000000||Debemos trabajar juntos.
    566172|00000000||Recordad que somos muy pocos. Debemos ayudarnos unos a otros y trabajar juntos.
    566174|00000000||Si algo sale mal y la cacería nos obliga a ponernos a la defensiva, nos retiraremos y resistiremos en las puertas de la fortaleza.
    566176|00000000||El patio interior es nuestra última línea de defensa. Si no los detenemos allí, se acabó.
   1062490|00000000||Reúne a todos. Es hora de hablar.
    524316|00000000||Gracias por venir.
    549991|00000000||La cacería salvaje no tardará en llegar. Vienen a por Ciri. Se la quieren llevar, pero los detendremos.
    524318|00000000||¿Cómo sabes que la cacería va a venir?
    535815|00000000||Siempre saben adónde me teletransporto y van de un lado para otro en un instante.
    550012|00000000||¿Y cuál es el plan?
    561013|00000000||Eredin, el rey de la cacería... es un hombre seguro de sí mismo, que golpeará con fuerza con la esperanza de derrotarnos solo con el golpe. Debemos quitarle la iniciativa, frustrar su plan.
    561014|00000000||Generaré una cúpula mágica sobre la fortaleza. Eso los diseminará y los obligará a aterrizar en el bosque.
    561011|00000000||Debemos llevar la iniciativa.
    561012|00000000||Todos tenemos un papel que desempeñar.
    561015|00000000||No somos muchos, pero confiaría mi vida a cualquiera de vosotros. Si trabajamos juntos, derrotaremos a la cacería.
    561016|00000000||Cuando ataquen, Yen protegerá la fortaleza con un escudo mágico. La cacería se verá obligada a aterrizar fuera de la muralla.
    561017|00000000||Si se dispersan por el bosque, podremos cazar a pequeños grupos de jinetes.
    561018|00000000||Ya tenemos al primer voluntario. Yo soy el segundo.
   1062847|00000000||Contad conmigo. Siempre creí que la mejor defensa es el ataque.
    561023|00000000||La cacería intentará penetrar en la fortaleza a través de portales de navegación. No puedo hacer nada contra ese tipo de magia, así que tendréis que encontrarlos y cerrar tantos como podáis durante la cacería en el bosque.
    562123|00000000||Lambert nos preparará bombas de dimerita. ¿Recuerdas la fórmula?
    562125|00000000||Pues claro.
    562127|00000000||Excelente. Yrden también debería funcionar con los portales. Además os daré un amuleto a cada uno. Partidlos en dos y os volveréis invisibles, al menos mientras os quedéis quietos u os mováis lentamente. Podrán veros si hacéis algún movimiento brusco, lucháis con enemigos o chocáis contra ellos.
   1062897|00000000||Aparte de eso, serán capaces de oíros y oleros. Si os encontráis con una unidad grande, no ataquéis. Hacedle una señal a Triss y os dará apoyo.
    561024|00000000||Estaré atenta a tu señal. En cuanto la vea, lloverá fuego sobre el bosque.
    561025|00000000||Sigamos con el resto del plan.
    561033|00000000||¿Qué más tenemos que podamos usar?
    520448|00000000||Como el plan es emboscar a la cacería en los bosques, podría cavar algunos fosos. Como los Franjas Azules.
   1062493|00000000||¿Qué quieres decir?
    520449|00000000||Trampas muy profundas. Y el fondo lleno de estacas puntiagudas.
    520435|00000000||Yo he traído esta mixtura de Mahakam. Inflamable como el salitre seco y se pega a las cosas como nada.
    545958|00000000||Llenaremos unos barriles, los pondremos en un pasillo estrecho y los volaremos llegado el momento.
    520454|00000000||¿Sabías que estamos sobre un vasto depósito de gas?
    545962|00000000||Si hace falta, podría abrir grietas en el suelo y crear explosiones. Tendría que prepararlo todo, claro.
    520430|00000000||Están el laboratorio... y el taller.
   1062888|00000000||Hay que recordar una cosa: vamos cortos de recursos y más aún de tiempo. Debemos decidir qué armamento será más útil contra la cacería.
   1062890|00000000||Sin duda. Tenemos que asignar un tipo de armamento al laboratorio y al taller.
   1062878|00000000||Geralt debe decidir. Yo iré con quien se quede en el laboratorio. Solo necesito unos ingredientes, un frasco y la chimenea.
    520452|00000000||Hice algunos experimentos después de resolver el asunto de Karadin. Me gustaría acabarlos.
   1062859|00000000||Creo que sé cómo hacer una fórmula extrafuerte de esencia de Raffard el Blanco.
    520462|00000000||Somos muy pocos, así que tendremos que preparar tantas trampas como podamos.
    520456|00000000||Trampas de brujo, es una gran idea.
    520455|00000000||Las pociones nos serán muy útiles.
    520463|00000000||Siempre hemos dependido de las pociones. Debemos preparar tantas como podamos.
    577623|00000000||Hablemos del taller.
    589008|00000000||Allí los estarán esperando Lambert y Geralt. Usarán dimerita para cerrar los portales de navegación y evitar que se cuelen muchos guerreros en la fortaleza.
    561068|00000000||Hablemos sobre lo que nos espera.
    561071|00000000||Quería hablar sobre lo que nos espera...
    561073|00000000||Gracias, pero no me interesa. Habla con Ciri, que ella sí está de humor.
    320912|00000000||Tus pociones.
   1067621|00000000||Os estoy exponiendo al peligro de forma innecesaria.
   1063130|00000000||Te preocupas demasiado. Alegra esa cara ceñuda. Lo conseguiremos.
    572362|00000000||Letho viene con nosotros.
    572392|00000000||Ya sabes lo que opino.
    311653|00000000||Gracias. Por todo.
    320926|00000000||Ensillaré a los caballos. Ven cuando estés preparado para adentrarnos en el bosque.
    320918|00000000||No puedo evitar preocuparme. Nos quedan pocas espadas de acero meteorítico.
    320920|00000000||Hay suficientes para todos. Ten, Vesemir tenía esta para ti.
    562442|00000000||Una espada forjada por gnomos, con un guardamano élfico. Atraviesa las armaduras como si fuesen mantequilla.
    320914|00000000||Tengo la fórmula de una nueva poción. Esencia de Raffard el Blanco, extrafuerte. Toma.
    561069|00000000||¿Qué hay preparado?
   1067619|00000000||No he tenido mucho tiempo para prepararme. Muy poco, la verdad.
    561067|00000000||¿Qué tal van los preparativos?
    320904|00000000||Tengo la sensación de que se nos olvida algo importante.
    320910|00000000||No te preocupes por eso.
    520466|00000000||Recordad: Eredin no puede llevarse a Ciri. Eso es lo más importante.
    520467|00000000||Echemos un vistazo al mapa de la fortaleza y analicémoslo bien.
    589009|00000000||Triss estará esperando su señal para desatar el infierno sobre ellos.
    589010|00000000||Todos los demás repelerán a los enemigos que atraviesen los muros de la fortaleza.
    589464|00000000||Si algo sale mal, abandonaremos el patio exterior y regresaremos a la fortaleza.
   1062844|00000000||Allí los estarán esperando Lambert, Geralt y Letho. Usarán dimerita para cerrar los portales de navegación y evitar que se cuelen muchos guerreros en la fortaleza.
    577675|00000000||Resumiendo: Yennefer creará una barrera mágica para repeler el ataque principal. Eso hará huir a los atacantes hacia el bosque.
    577572|00000000||Sí, todo listo. No tenemos mucho tiempo, así que manos a la obra.
    577555|00000000||Sí. Manos a la obra.
    577556|00000000||Me gustaría cambiar algo.
    577583|00000000||Mmm... No, será mejor que lo hagamos de otro modo.
    577600|00000000||¿Qué quieres cambiar, Lobo?
    577610|00000000||Deberíamos dar otro uso al laboratorio.
    577584|00000000||Algo del laboratorio...
    577585|00000000||Algo del taller...
    577635|00000000||Debemos usar el taller para otra cosa.
    577632|00000000||Necesitaremos armas que puedan penetrar las armaduras de la cacería. Vamos a quitar los escombros de la armería.
    577627|00000000||Quitemos los escombros de la armería.
    577626|00000000||Arreglemos el muro.
    577630|00000000||Antes de nada, deberíamos arreglar el muro. Será mejor que dediquemos todos los recursos del taller a hacerlo bien.
    577634|00000000||¿Y el laboratorio?
    577607|00000000||Somos muy pocos, así que debemos preparar tantas trampas como podamos. Dedicad todos vuestros esfuerzos a ello.
    577604|00000000||Trampas de brujo, es una gran idea.
    577603|00000000||Las pociones nos serán muy útiles.
    577602|00000000||Siempre hemos dependido de las pociones. Tenemos que preparar tantas como podamos. Invertid todos nuestros recursos.
    577554|00000000||¿Todo listo?
    577482|00000000||No nos va a dar tiempo a hacer muchas más cosas.
    520465|00000000||Hablemos del taller.
    520445|00000000||Llevaba tiempo queriendo reparar esa brecha de la pared. Pero necesitaremos las mismas herramientas para limpiar los escombros de la armería.
   1076851|00000000||¿Escombros?
   1076853|00000000||¿No te has enterado? El techo se hundió hace un par de años... Allí hay unas espadas estupendas que podríamos usar.
   1076855|00000000||Llenar la brecha me parece igual de importante. Si entran por ahí, el asedio podría terminar en un abrir y cerrar de ojos.
    520443|00000000||Necesitaremos armas que puedan penetrar las armaduras de la cacería. Vamos a limpiar la armería.
    520438|00000000||Limpiemos la armería.
    520437|00000000||Arregla el muro.
    520440|00000000||Nuestra prioridad será arreglar el muro.
    520446|00000000||No olvidemos el laboratorio.
    520451|00000000||Estoy preparando unas pociones. Me gustaría terminarlas, si no te importa.
   1062876|00000000||Podría preparar más trampas de brujo... pero necesitaría todo lo del laboratorio.
    520447|00000000||¿Quién necesita acceder al laboratorio?
    520431|00000000||¿Qué nos puede ofrecer el laboratorio?
    520432|00000000||Hablemos del taller.
    520433|00000000||¿Alguien tiene alguna idea para el taller?
    466202|00000000||¡Mantened la posición!
    466206|00000000||¡Muerte a esos cabrones!
    466204|00000000||¡Solo unos pocos más!
    546067|00000000||¡Ciri! ¡Cuidado!
    564598|00000000||¿Ocurre algo?
    564600|00000000||¿Qué te reconcome?
    564602|00000000||¿En serio no lo sabes?
    564604|00000000||Lárgate. No tengo moral para esta conversación tan estúpida.
    564606|00000000||Recupérate pronto.
    564608|00000000||Déjame en paz.
    564597|00000000||Descansa y recupérate.
    321510|00000000||¿Cómo te encuentras?
    321512|00000000||Por favor.
    321514|00000000||Gracias por todo.
    321516|00000000||De nada.
    572967|00000000||Muchas gracias por tu ayuda antes, durante la batalla. Lástima que Vesemir no tuviese tanta suerte.
   1076917|00000000||Nos espera un combate importante. ¿Cómo está la moral?
    546839|00000000||¿Recuerdas cuando nos enfrentamos a ellos en el árbol del ahorcado?
    549678|00000000||Volveremos a darles una paliza.
    522215|00000000||¿Te acuerdas del viejo Desafío?
    524938|00000000||Veamos si las balistas todavía funcionan.
    522532|00000000||Atráelos y luego hazles unos cuantos agujeros.
   1074995|00000000||{¡Mae rhyvin in lenu! ¡Unds sinhviro ie folt! } [¡Alguien se acerca! ¡Los perros los han olido!]
   1074993|00000000||{¡Unds sinvir in riven! ¡Arpha in barodd! } [¡Los perros han olido algo! ¡Preparad las armas!]
   1074999|00000000||{Enkillio. } [Se han retirado.]
   1075002|00000000||{¡Laet ihew! } [¡Matadlos!]
    466152|00000000||¡Siguen viniendo más!
    466150|00000000||¡Cuidado!
    466148|00000000||¡Ah, joder!
    550486|00000000||Estamos aquí gracias a Ciri.
    550491|00000000||Ciri quería escuchar lo que tenías que decir.
    550495|00000000||Y lo hará.
    547575|00000000||No hice esto por dinero.
    581817|00000000||No he venido a cobrar. Me pediste que te trajera a tu hija y eso he hecho.
    581939|00000000||Ciri te escuchará. Después nos iremos.
    581942|00000000||¿Estás seguro?
    581944|00000000||Ya no tendrías que seguir matando monstruos mientras te rebozas en las cloacas.
    581946|00000000||Estoy seguro.
    581948|00000000||Lo comprendo. El honor te impide aceptar el dinero.
    581951|00000000||En ese caso, te espera en los establos un semental, un purasangre de Nilfgaard. Acéptalo como una muestra de gratitud.
    581954|00000000||Gracias.
    550513|00000000||Ahora discúlpame. Deseo hablar con mi hija.
    550557|00000000||Sígame, señor.
    581800|00000000||Gracias.
    581803|00000000||Geralt...
    581806|00000000||Diez...
   1069330|00000000||Veinte...
   1069332|00000000||Treinta...
    581809|00000000||Cuarenta...
   1069334|00000000||Cincuenta...
   1069336|00000000||Sesenta...
    581811|00000000||Setenta...
   1069338|00000000||Ochenta...
   1069340|00000000||Noventa...
    581814|00000000||Y esto hacen cien. Eso es todo. Tu inicial aquí, por favor.
    547574|00000000||Gracias. Sin duda me hace más falta que a ti.
    550595|00000000||Tu recompensa.
    550487|00000000||Siempre la cumplo.
    550490|00000000||Y yo.
    550485|00000000||Siempre la cumplo.
    550471|00000000||Su Majestad Imperial, Geralt de Rivia y...
    550473|00000000||Cirilla Fiona Elen Riannon, reina de Cintra, princesa de Brugge y duquesa de Sodden, heredera de Inis Ard Skellig e Inis An Skellig, y señora feudal de Attre y Abb Yarra.
    550477|00000000||Acostúmbrate. En breve, todo ser viviente desde Nilfgaard hasta las Montañas del Dragón se arrodillará ante ti.
    550480|00000000||No esperaba que cumplieses tu palabra, brujo.
    466258|00000000||¡La cosa va bien!
    466256|00000000||¡Yo me ocupo de ellos!
    466254|00000000||¡No os separéis!
   1076933|00000000||La cacería se acerca.
    520067|00000000||Ahora ya solo nos queda escuchar el cuerno de Hemdall.
    520066|00000000||Se aproxima la Tedd Deireadh. La Era Final, el fin de los tiempos.
    566109|00000000||Lo mantendré vigilado.
    566120|00000000||Mantendré vigilado a Letho.
    566122|00000000||Y yo prometo portarme bien.
    566124|00000000||Bah, que te jodan.
    566126|00000000||Geralt, esto es un problema. No lo ignores.
    566111|00000000||Necesito a Letho.
    566113|00000000||Nuestra opinión también cuenta.
    566116|00000000||Necesito a alguien que pueda enfrentarse a los jinetes de la cacería en combate. Vuestra opinión aporta mucho menos que eso.
    566118|00000000||Estás cometiendo un error.
    566071|00000000||Necesito a Letho.
    319746|00000000||Deberías haber dicho que no.
    319748|00000000||No es asunto tuyo.
    319750|00000000||Error: es asunto suyo y mío. Prefiero no tenerte cubriéndonos las espaldas durante el combate.
    319752|00000000||¿Qué pasa ahora?
    319754|00000000||¿Por qué demonios lo has traído?
    465214|00000000||Todavía estás a tiempo de irte.
    523502|00000000||Sí, pero no quiero hacerlo.
    465216|00000000||Piénsatelo bien.
    465218|00000000||Eso haré. Pienso mucho mejor solo.
   1076923|00000000||Conozco esa mirada. ¿Algo te inquieta?
    465194|00000000||Nunca entregaremos a Ciri.
    465192|00000000||La cacería podría llegar en cualquier momento.
    548632|00000000||Mmm... No sé si el pudin de vainilla funcionará, pero a mí nada me anima más que la famosa cerveza casera de Lambert...
    548634|00000000||Supongo que no pasará nada si la pruebo…
    547453|00000000||Relájate. No tienes por qué destacar en todo.
    584090|00000000||Mmm... Conozco un antiguo método que aprendí de Vesemir, y este a su vez de Barmin...
    584092|00000000||¿Me llevarás a las montañas y me obligarás a beber cicuta?
    584095|00000000||Los druidas de Skellige llevan siglos usándola. Siempre funciona...
    584098|00000000||¡Eeeh!
    584101|00000000||¡Pagarás por eso!
    547454|00000000||Creo que sé cómo animarte.
    548521|00000000||Esto no funciona, ¿es que no lo ves?
    547445|00000000||¿Te desanimas tras solo ocho intentos? Zireael...
    547447|00000000||¿Cuántas veces he de intentarlo?
    548524|00000000||Todas las que haga falta.
    548535|00000000||Pero no estoy consiguiendo nada.
    547449|00000000||Continuaremos más tarde.
    547451|00000000||Tampoco llegaste muy lejos la primera vez que te enfrentaste al Desafío.
    581716|00000000||Geralt, por favor. Ahora no.
    548798|00000000||En comparación, el Desafío era un juego de niños. Pero eso no es lo que importa.
    548627|00000000||¿Y qué importa?
    548623|00000000||Avallac'h dice que no conseguiré nada hasta que no deje de pensar en la batalla.
    548625|00000000||Pero ahora mismo me resulta imposible concentrarme en gatitos y pudin de vainilla.
    552141|00000000||Dime, ¿cómo lo haces?
    552146|00000000||¿Qué?
    552148|00000000||¿Tú siempre logras serenarte y mantener la concentración pase lo que pase?
    543218|00000000||Eras un buen amigo, Lambert.
    543217|00000000||Siempre recordaré lo que me enseñaste. Y el sacrificio que has hecho.
    575404|00000000||¡Cuidado!
   1076588|00000000||Las trampas de Roche... No podríamos haber pedido nada más perfecto.
   1076592|00000000||¿Lo dices en serio? Menos mal que no caímos en ellas.
   1076594|00000000||Tranquilo. Roche es muy bueno en este tipo de guerras. Las cubiertas no cederán bajo nuestro peso. Pero un jinete de la cacería con toda su armadura... Eso ya es otra historia.
   1076897|00000000||¡Espero que te rompas el cuello, gilipollas de mierda!
   1076899|00000000||Vale. Hagamos que pase uno por aquí.
   1076895|00000000||Veamos si es cierto. Atrae a uno hasta aquí.
   1076941|00000000||Me alegro de verte de buen humor, Zoltan.
    465186|00000000||¡La pequeña Ciri ha crecido mucho!
    465184|00000000||Me alegro de que la hayas traído.
   1076938|00000000||¿Todo bien?
   1062909|00000000||Maldición. Temo hasta estornudar cerca de estos barriles.
    541507|00000000||¡Ja! ¡La has encontrado!
   1062905|00000000||Me dijeron que la cacería la perseguía, que esos capullos podrían aparecer por las malas.
   1062907|00000000||Así que he hecho una mezcla de Mahakam. Cuando esto estalle, todo reventará en pedazos. No quedará nada.
   1075245|00000000||¿Has traído todas tus herramientas?
   1074867|00000000||Me dije a mí mismo: se acerca una batalla, habrá que pulir espadas y arreglar armaduras. Ese tipo de cosas.
   1074869|00000000||Bien pensado. Gracias, Zoltan.
   1074871|00000000||Como remate, usaré mi mezcla de Mahakam. Es tan volátil que basta con mirarla para que estalle como un pedo de fuego. Muy útil en los asedios.
   1074883|00000000||Muy bien. Hablaremos más tarde, Zoltan.
   1074881|00000000||Hablamos luego.
   1074880|00000000||¿Estás dispuesto a fabricarme una cosa?
   1074891|00000000||¿Estás dispuesto a fabricarme una cosa?
   1074893|00000000||Claro. Siempre que tengas un diagrama.
   1074879|00000000||¿Cómo va todo, Geralt?
    321094|00000000||¿Dónde está Eskel?
    321096|00000000||Quedamos en que él abriría la puerta.
    321098|00000000||Si todavía no lo ha hecho, eso implica...
    321100|00000000||Estará bien. Ahora debemos preocuparnos por Triss.
    311703|00000000||¿Os gusta eso, hijos de puta?
   1076901|00000000||¡Zoltan os manda recuerdos, cabrones!
    563002|00000000||No parece que tengamos otra opción.
    563018|00000000||No me fío ni un pelo de la Logia, pero no parece que tengamos otra opción.
    563019|00000000||Es que no la tenemos.
    563163|00000000||Llevas razón.
    563194|00000000||Llevas razón. Hoy has demostrado que sabes cuidar de ti misma.
    563327|00000000||Es más fácil dar ánimos y esperar que todo salga bien que afrontar la verdad.
    563329|00000000||Zireael posee un gran poder que no puede controlar. Es un peligro, tanto para ella misma como para los demás. Hasta que aprenda a controlarlo, debe permanecer aislada.
    563331|00000000||En primer lugar: y una mierda. En segundo: ya que hablas de valor, háblame directamente y no a través de Geralt.
    563332|00000000||Me marcho.
    564205|00000000||Deja que se vaya.
    564211|00000000||Ciri necesita tiempo.
    564213|00000000||Correcto. Pero también necesita entrenarse. Debe aprender a controlar sus habilidades.
    564215|00000000||¿En serio es necesario ese entrenamiento?
    564217|00000000||Has visto lo ocurrido. Ella podría ser un peligro mayor que la cacería.
    564219|00000000||Bien. Nos quedaremos aquí un poco más. Luego nos reuniremos con Triss y contigo en Novigrado, en la posada de Jaskier.
    564220|00000000||Vamos, Yen. Debemos partir cuanto antes.
    564222|00000000||Hasta luego.
    564207|00000000||Iré a por ella.
    564209|00000000||Espera, necesita tiempo. Debemos dejar que afronte su dolor por sí misma.
    575276|00000000||Luego, deberemos empezar a entrenarla lo antes posible. Debe aprender a controlar sus habilidades.
    564204|00000000||Iré a por ella.
    563195|00000000||No puedes salir a la luz.
    563197|00000000||¿Acaso soy un estandarte que hay que lucir en lo alto y defender del enemigo? Así me estás tratando. ¡Nadie tiene el valor para afrontar esta amenaza!
    563198|00000000||Y pese a todo, debemos matarlos o acabaremos muriendo todos.
    563164|00000000||Tenemos que protegerte.
    575167|00000000||He llegado a un acuerdo con el emperador. A cambio de su ayuda, la Logia obtendrá amnistía y tendrá asilo en Nilfgaard. Esa será nuestra oferta.
    563020|00000000||Triss, me gustaría partir hoy mismo en busca de las hechiceras. ¿Me ayudarás?
    563021|00000000||Pues claro. Hasta se me ocurre por dónde podrías empezar.
    563158|00000000||¡Maldita sea!
    563160|00000000||¡Ya estáis haciendo planes sin preguntarme qué opino! ¡Ya estoy harta!
    563162|00000000||¡No me llevaréis por ahí como si fuese... un paquete! ¡No me sentaré sin hacer nada! ¡Estoy harta de esperar y de ocultarme!
    563013|00000000||No quiero que la Logia se acerque a Ciri. No me fío de esas mujeres.
    563015|00000000||¿Y qué quieres que hagamos? ¿Luchar solos y sufrir una muerte bonita pero inútil?
    563017|00000000||No, Geralt. Es un milagro que hayamos sobrevivido a esta batalla. Hemos conseguido una victoria exigua a un coste muy elevado. Se acabaron las guerrillas: es hora de una batalla abierta.
    563001|00000000||No quiero involucrar a la Logia.
    563003|00000000||La Logia está hecha un caos.
    563005|00000000||Muchos miembros de la Logia han muerto y el resto se están ocultando.
    563007|00000000||Seguro que Philippa Eilhart, Margarita Laux-Antille y Fringilla Vigo siguen con vida.
    563009|00000000||¿Y Francesca e Ida? ¿Crees que aceptarán?
    563011|00000000||Creo que habrá que convencerlas. ¿Prefieres hablar con Keira a solas?
    579417|00000000||Supongo que será lo mejor.
    535737|00000000||No hemos tenido ocasión de hablar. Gracias por tu ayuda y por cuidar de Ciri.
    534850|00000000||Ya me lo agradecerás luego. Ahora debemos llevarnos a Zireael de aquí y ocultarla. Y luego, reunir un ejército.
    535739|00000000||Todo aquel con quien podíamos contar vino a Kaer Morhen.
    535741|00000000||Por eso mismo debemos pedir ayuda a nuestros enemigos. La magia es nuestra mejor defensa contra la cacería. Necesitamos a las hechiceras. Archimaestras de la magia.
    535743|00000000||¿Te refieres a la Logia?
    572977|00000000||Zireael puede hacer uso de una ingente cantidad de poder. ¿Por qué nadie le ha enseñado a controlarlo?
    579390|00000000||En realidad, sí que tuvo maestros.
    572978|00000000||No consiguieron gran cosa.
    579393|00000000||Me encantaría discutir ese punto contigo... en otra ocasión.
   1003639|00000000||Viajar entre mundos... ¿qué se siente?
   1003641|00000000||Es... interesante.
   1003643|00000000||¿Difícil?
   1003645|00000000||Al principio lo era, pero con el tiempo fue algo automático. Como montar a caballo.
   1003647|00000000||Seguro que a muchos magos les encantaría aprender a hacerlo...
   1003649|00000000||No tengo la menor duda... Pero Avallac'h asegura que no tienen ni el talento ni la sabiduría necesarios. Ha tardado cuatro siglos en aprender a hacerlo... y solo ha conseguido pasar a través de portales ya existentes.
   1003653|00000000||Yo voy adonde me apetece, cuando me apetece.
   1003636|00000000||¿Qué se siente al viajar entre mundos?
   1127038|00000000||¿Se me nota mucho la marca de la cara? ¿Hace daño a la vista?
   1127041|00000000||Bah... Solo un poco. No debes preocuparte por ella.
   1127044|00000000||La gente siempre se me quedaba mirando a la cicatriz de la mejilla. Antes me molestaba mucho.
   1127046|00000000||¿Y ahora?
   1127048|00000000||Ahora me desabrocho un botón más de la camisa. Problema resuelto.
   1127049|00000000||¿Queda fea la marca de la cara?
   1127066|00000000||No sé si te habrás enterado, pero... cuando todo esto acabe, me iré a Kovir.
   1127068|00000000||Con Triss.
   1127070|00000000||Ajá.
   1127072|00000000||Es un lugar interesante. Quizás consigas un contrato para acabar con alguna de esas extrañas bestias de las nieves. Un barbeglace, o un wendigo... O un, em, un amarok.
   1127074|00000000||O quizás cuelgue mis espadas definitivamente.
   1127076|00000000||¿Tan bien estás con ella?
   1127078|00000000||Más que bien.
   1127063|00000000||Verás... Cuando todo esto acabe, me iré a Kovir.
   1127081|00000000||Oye... Necesito tu consejo. Es sobre Yennefer.
   1127083|00000000||Muy bien. Pregunta.
   1127086|00000000||El caso es que... me gustaría llevarla a algún sitio. Cuando todo acabe. A algún lugar... pintoresco. Mejor aún, hermoso. Un lugar donde podamos descansar.
   1127088|00000000||Has estado casi en todas partes. Y conoces bien a Yen. ¿Tienes alguna idea? Estaba pensando en Spalla, o quizás Dol Blathanna...
   1127090|00000000||Llévala a la primera posada que encuentres por el camino. Paga un mes por adelantado, cuelga el cartel de "no molestar" en la puerta de la habitación y ciérrala.
   1127092|00000000||Je. ¿Así, sin más?
   1127094|00000000||Así, sin más.
   1127064|00000000||Necesito tu consejo. Es sobre Yennefer.
   1003655|00000000||Eredin siempre te localiza, una y otra vez. ¿Cómo lo hace?
   1003573|00000000||Cuando salto entre mundos, creo una especie de onda que puede ser sentida por cualquiera con el entrenamiento adecuado. Al menos, así lo explica Avallac'h. Él también puede hacerlo.
   1003666|00000000||Entonces, no deberías usar nunca tu poder...
   1003574|00000000||Tampoco es eso. La onda es más fuerte cuanto más largo sea mi "viaje". En saltos cortos, la alteración es prácticamente imperceptible.
   1003637|00000000||¿Cómo hace Eredin para localizarte?
    308532|00000000||Debo irme.
   1003486|00000000||Muy bien. Hablaremos más tarde.
    308530|00000000||Hasta otra.
   1003482|00000000||¿Dónde estuviste antes de tu regreso? ¿Qué estuviste haciendo?
   1003394|00000000||¿Qué fue de tu vida tras dejarnos a Yen y a mí en la isla de Avalon? ¿Qué estuviste haciendo?
   1003395|00000000||Viajé... A través del tiempo, del espacio y de otros mundos... Vi casas de cristal, corrí con unicornios en el fin del mundo e incluso viví un tiempo en un reino submarino.
   1003397|00000000||Mmm... La libertad. Era algo que te encantaba.
   1003398|00000000||Y todavía es así.
   1003399|00000000||Entonces, ¿por qué has regresado?
   1003400|00000000||Era demasiada libertad. Casi me ahogo en ella. Las cosas pierden gran parte de su atractivo cuando todo es posible.
   1062485|00000000||Tenía miedo de esto cuando entrenaba.
   1062487|00000000||Erg, muchos golpes...
   1003372|00000000||¿Tienes un momento?
   1003374|00000000||Por supuesto.
   1076931|00000000||Eh, parece que estás de buen humor...
    465166|00000000||Podemos conseguirlo.
    465164|00000000||Si sangran, pueden morir.
   1076929|00000000||Vesemir.
    541560|00000000||Bienvenido a casa.
   1062943|00000000||He encontrado unas viejas espadas, de acero meteorítico.
   1062945|00000000||Te irán bien. Y seguro que atraviesan las armaduras de los jinetes de la cacería.
    562491|00000000||Yo también quiero luchar.
    562497|00000000||Me niego a quedarme sentada mientras os jugáis la vida por mí.
    562499|00000000||¡Vuelve dentro!
    575678|00000000||¡Duvvelsheyss!
    562501|00000000||¡No! ¡Geralt ha hecho la señal desde el bosque, pero Triss no puede lanzar el hechizo!
    562503|00000000||¡Mierda! ¡Vale! ¡Ve a ayudarla!
    562493|00000000||No puedo ocultarme eternamente. ¡Debo luchar!
    562495|00000000||¡Vuelve dentro ahora mismo!
    562490|00000000||Debo enfrentarme a ellos.
    529468|00000000||¡Tenías que esperar dentro!
    529686|00000000||¡Aguanta, Triss!
   1077974|00000000||¡Gvaed, gvaed uncym, cym'morth!
   1077970|00000000||¡¡¡Aaaaaaaaaaaaaaa!!!
   1077942|00000000||Geralt... ¿Dónde está...? Debemos...
   1077944|00000000||¡Argh!
   1077946|00000000||¡Esta vez no te escaparás!
   1077948|00000000||¡Aaargh!
   1077950|00000000||¡Imlerith!
   1077952|00000000||¡Corre!
   1077954|00000000||No te abandonará.
   1077956|00000000||Los humanos sois tan... poco prácticos.
   1077958|00000000||¡Ciri! ¡No!
   1077960|00000000||¡Te lo prohíbo!
   1077962|00000000||Siempre fuiste una chica rebelde.
   1077964|00000000||Me encantaba eso de ti.
   1077966|00000000||Ahora, huye.
   1077968|00000000||¡Noooooooooooooo!
   1077938|00000000||¡Vamos!
   1077940|00000000||¡Ah!
   1076935|00000000||Maldita sea... Estaba menos nervioso antes de aquel combate con el dragón.
    465190|00000000||Solo tú y yo sabemos a qué nos vamos a enfrentar.
    465188|00000000||Ya los has derrotado una vez. Sé que puedes volver a hacerlo.
    550425|00000000||Dame un segundo. He olvidado algo.
    550427|00000000||Deprisa.
    547548|00000000||Espera.
    547547|00000000||Sí.
    547554|00000000||Vamos.
    550421|00000000||¿Listo?
    582097|00000000||Uf, está fuerte.
    548945|00000000||Quizá deberías probar otro método.
    548947|00000000||Hemos probado al menos veinte.
    548949|00000000||Yo no me preocuparía. No tienes que destacar en todo.
    549147|00000000||Manejas muy bien la espada y el arco... Deja la magia para los magos.
    582102|00000000||Sí... ponme otra.
   1062964|00000000||Sube el codo.
   1062966|00000000||Ya está bastante alto.
   1062968|00000000||Lo dejas caer un poco cada vez que sueltas la cuerda.
   1062970|00000000||Aparte de esto, los proyectiles flamígeros requieren otra trayectoria.
   1062984|00000000||¿Y entonces por qué son mejores las flechas incendiarias?
   1062986|00000000||Porque hacen arder cosas.
    463213|00000000||Gracias a ambos por venir.
    524215|00000000||No hay de qué. Por cierto, parece que olvidaste invitarme.
    524219|00000000||Ahórrate las excusas, Geralt. Ves se ha desahogado conmigo por el camino y ya casi lo ha superado.
    524221|00000000||¿En serio vamos a ser tan pocos?
    561010|00000000||Iremos a echar un vistazo. Quiero familiarizarme con el campo de batalla.
    561004|00000000||Lo importante es la calidad, no la cantidad.
    561006|00000000||Una visión de brujo. Válida para cazar bestias y para enfrentarse a ellas, pero tal vez no lo sea para batallas a gran escala.
    561008|00000000||Espero de corazón que sepas lo que haces.
    561002|00000000||Sí, pero ganaremos.
    561001|00000000||Sí.
    560998|00000000||Sí.
    561000|00000000||Espero de corazón que sepas lo que haces.
    542224|00000000||Has venido.
    550634|00000000||¿Te ofreció algo en particular?
    547836|00000000||Sí, algo muy concreto y completamente absurdo.
    547842|00000000||Lo siento. No quiero hablar de ello. Al menos, no ahora.
    547843|00000000||No te quiero presionar. Cuando estés preparada. Vamos.
    547838|00000000||Por cierto, ese espectáculo del dinero... ¿De qué iba todo eso?
    547839|00000000||Al emperador le sobra. No veo qué tiene de malo que lo comparta con nosotros.
    547840|00000000||¿Así que todo esto ha sido por el dinero... desde el principio?
    550609|00000000||No. Todo ha sido por ti. Solo por ti.
    581839|00000000||Pues parecía ser todo por cosa del dinero.
    550612|00000000||Ciri, yo...
    581882|00000000||De no ser así, no lo habrías aceptado.
    550614|00000000||No digas nada más. Se me habrá pasado cuando lleguemos a Velen.
    547835|00000000||¿Y bien?
    550632|00000000||Está muy equivocado si cree que puede comprarme.
    546415|00000000||¡Contenlos, Geralt!
    546416|00000000||¡Debo crear un círculo de vitalidad!
    575674|00000000||¡Azar! ¡Anatha! ¡Vellos!
   1075126|00000000||¡La pared resiste! ¡Y Hjalmar ha sellado el portal!
   1075307|00000000||¡Un trabajo espléndido!
    466366|00000000||¡El muro los ha detenido!
   1063022|00000000||Malditos perros. ¡Deberíamos haber tapado ese muro!
   1075121|00000000||¡Hjalmar ha sellado el portal!
   1075090|00000000||¡Tenemos que cerrar los portales o moriremos!
   1075108|00000000||¡Vienen más y más!
   1075110|00000000||¡Ayúdame! ¡Estoy cerca de los péndulos!
   1075112|00000000||¡Ya voy!
   1075130|00000000||¡Geralt! ¡No puedo contenerlos más tiempo!
   1075132|00000000||¡Están llenando el patio de la puerta principal!
   1075102|00000000||¡Geralt! ¡Están entrando por la brecha de Savolla!
   1075104|00000000||¡Hacia Eskel! ¡Todos en marcha!
    565955|00000000||Nos has salvado.
    565974|00000000||Habríamos muerto todos de no ser por ti.
    565976|00000000||No, Geralt. La cacería nunca habría venido a Kaer Morhen de no ser por mí.
    465711|00000000||Debemos preparar el funeral de Vesemir...
    571205|00000000||No sabes cómo me siento. Ver morir a alguien a quien quieres... por tu culpa, por ti.
    571207|00000000||Todos sabíamos a qué nos apuntábamos.
    571209|00000000||Sí, y me salvasteis. Pero, ¿por cuánto tiempo? ¿Una semana? ¿Un mes?
    575122|00000000||Te esconderemos. Ocultaremos tu rastro...
    575124|00000000||No. No voy a seguir huyendo.
    571203|00000000||No te culpes. Ningún brujo ha muerto postrado en una cama.
    565925|00000000||Mostrad vuestros respetos a vuestro amigo. Luego, nos reuniremos en consejo.
    565922|00000000||Mostrad vuestros respetos a vuestros amigos. Luego, nos reuniremos en consejo.
    535609|00000000||Va fail.
    535611|00000000||Para los que siguen aquí, la muerte nunca debe prevalecer sobre la vida.
    465713|00000000||Vesemir y Lambert se merecen una despedida en condiciones. Debemos preparársela.
    575112|00000000||No puedo llorar. No sé cómo...
    575101|00000000||No hay culpables, solo dolor.
    535599|00000000||Casi os mato... Casi mato a todos...
    465701|00000000||Avallac'h está débil, pero aún vive. Triss está atendiendo al resto.
    565918|00000000||Y Lambert... Ha muerto... por mi culpa.
    535489|00000000||Yo... Llegué tarde... para ayudar.
    535491|00000000||No es culpa tuya.
    535493|00000000||No debería haber venido a Kaer Morhen.
   1076888|00000000||Están aquí. Es hora de decirles "hola".
   1076891|00000000||Espera un poco. El factor sorpresa es fundamental. Mantente escondido y deja que Triss les demuestre lo que puede hacer. Después les atacaremos.
    543267|00000000||Por cierto, un gran trabajo con las bombas.
    543268|00000000||Apunta a los portales y no falles, que me he quedado sin dimerita.
   1062886|00000000||Yen ha dicho de lanzar Yrden en los portales, que la Señal puede cerrarlas.
    520505|00000000||Tendré que darle las gracias a Yen cuando acabe esto. Ese hechizo... es impresionante.
    561945|00000000||Y la invisibilidad.
    520508|00000000||Los perros te pueden oler, así que no te acerques. Y te harás visible en cuanto empieces a luchar. Recuérdalo.
    520507|00000000||¿Siempre habla tanto?
    573009|00000000||Solo cuando está nervioso.
    543272|00000000||¿Quieres decir que Merigold puede conjurar algo más que una nube de mariposas?
   1076894|00000000||Mucho más. Espera y verás.
   1076879|00000000||Eskel.
   1076881|00000000||Saludos, Lobo.
   1062956|00000000||Necesito paz. Debo prepararme.
    465105|00000000||¿La cacería salvaje? Podría ser interesante.
    465107|00000000||Me alegro de verte.
    465097|00000000||¿Cómo estás? ¿Te gusta Kaer Morhen?
   1076909|00000000||Más que Velen, aunque eso no es precisamente un gran logro.
   1076906|00000000||¿Cómo fue el viaje? ¿Llegaste bien?
    465099|00000000||Cuánta vuelta hay que dar por esos caminos de montaña... Tenéis suerte de que haya llegado.
    542422|00000000||Saludos, Geralt.
   1062989|00000000||Si debo morir hoy, quiero estar fantástica para la ocasión.
    573755|00000000||Acomódate.
    573765|00000000||No hay muchas comodidades, pero esta es tu casa.
    573757|00000000||Te esperaba mucho antes.
    573759|00000000||Al principio decidí ir en dirección contraria, pero luego di la vuelta.
    573761|00000000||¿Qué te hizo cambiar de idea?
    573763|00000000||A veces una mujer no debe explicar sus decisiones, y punto. Y con el doble de motivos si es una hechicera.
    573754|00000000||Pensaba que ibas a llegar antes.
   1062992|00000000||¿Emperifollándote bien para la cacería?
   1062994|00000000||Las mujeres solo se arreglan para su propia satisfacción.
    572599|00000000||Me alegro de que estés aquí.
    572600|00000000||Y yo me alegro de volver a verte.
   1062997|00000000||¡Deja mi tocador en paz!
    521492|00000000||Un arachas.
    521493|00000000||Tenemos que atraerlo.
   1063043|00000000||Vigila. Voy a tirar un poco de carne cruda como cebo.
   1063039|00000000||Hace un rato he visto rastros de arachas por aquí.
   1063041|00000000||Si la bestia aún no se ha movido, podríamos buscarla y azuzarla contra la cacería.
    521435|00000000||¿Ves las heridas?
   1074969|00000000||Hacen creíble la historia del arachas.
   1063047|00000000||Je, je. La selección natural en acción.
    464415|00000000||Tenemos que matarlos más rápido.
    464411|00000000||¡Va fail!
    464413|00000000||Ese era duro de roer.
    466087|00000000||Me a'baeth aep arse.
    466083|00000000||Joder.
    466085|00000000||Son muchos.
    520473|00000000||Me encantan estos momentos. El aire antes de una batalla... no hay olor más dulce.
