;meta[language=zh]
; id      |key(hex)|key(str)| text
    320960|00000000||我不會讓他們把妳帶走的。
    320972|00000000||我不會讓他們把妳帶走的。
    320974|00000000||我知道。
    561082|00000000||妳千萬要注意自己的安全。
    320982|00000000||別把我當成小孩子。
    320984|00000000||妳還是小孩的時候，我就不曾當妳是小孩子。
    320986|00000000||我喜歡看你笑。
    320988|00000000||過來。
    320990|00000000||不會有事的。
    320964|00000000||他們的目標是妳，不管發生什麼事，妳千萬不能涉險。
    320966|00000000||你是說要我坐在這裡，看著別人為了我而冒生命危險？
    320968|00000000||這次就聽我的好不好，什麼都別管。
    320958|00000000||切記，不能讓自己身處險境。
    311661|00000000||妳有時間嗎？
    320956|00000000||喔，又要開始聊正經事了。
    520472|00000000||馬上就要開戰了。
    548190|00000000||哈哈哈！
    586567|00000000||你說的沒錯，真的有用。
    586570|00000000||謝謝。
    586572|00000000||很高興能幫上忙。
    586574|00000000||現在呢？
    586576|00000000||我去看看親愛的賢者大人在哪裡…
    548186|00000000||哈哈！利維亞的傑洛特輸了！你該加強自己的閃躲技巧囉。
    549111|00000000||妳確定我不是故意讓妳贏的嗎？
    549151|00000000||你確定自己不是因為輸給真正的高手而感到懊惱嗎？
    547898|07606bf7||會計
   1076927|00000000||跟狂獵作戰…會比游擊戰來的緊湊喔。
    546798|00000000||我沒問題的，別擔心。
   1076925|00000000||薇絲…別生氣。
    572659|00000000||竟然把弒王者給找來，這是什麼爛決定。
    301032|5a979acb||狂獵士兵
    307008|103d66e3||野兔
    550116|00000000||我不在乎。
    550129|00000000||老實說，我不知道，也不在乎。
    550131|00000000||這次跟阿瓦拉克訓練完後，我們就要動身去諾維格瑞了。妳還記得嗎？
    550133|00000000||計劃改變了。伊勒瑞斯將出席女巫的夜會。我們可以在那裡對付他。
    550139|00000000||阿瓦拉克怎麼說？
    550147|00000000||我認為阿瓦拉克應該不會喜歡這個主意。
    550154|00000000||他又不在，我也給他留了一封信。我們會在諾維格瑞跟他會合。
    554385|00000000||妳怎麼會知道女巫的夜會？
    554387|00000000||妳怎麼會知道這些事？我指的是伊勒瑞斯和女巫的夜會…
    554388|00000000||阿瓦拉克跟我說的，他告訴我那些追著我們的人的事。他說知識就是力量。
    550164|00000000||好吧，那就去威倫吧。
    550352|00000000||妳帶路。
    550212|00000000||換成是我，我就不會去。
    550258|00000000||唉，妳穿黑的不好看。
    550260|00000000||什麼意思？
    550262|00000000||妳以為他只是因為想念妳，才要和妳見面嗎？在我看來，他對妳應該別有居心。
    550263|00000000||唉，我早該料到了。
    550354|00000000||傑洛特，我受夠了。我不會讓別人在背後為我做決定。我們去威倫吧。
    550235|00000000||他可能只是想和妳說說話。
    550237|00000000||你怎麼知道？如果他有別的意圖呢？
    550239|00000000||他答應過我，他不會強迫妳做任何事。
    550246|00000000||所以我該去嗎？
    550247|00000000||他是妳父親。
    550252|00000000||途中會路過維吉瑪，我想是可以順便拜訪一下。
    550211|00000000||嗯，妳應該去。
    550218|00000000||妳要自己決定。
    550220|00000000||妳應該自己決定。
    550222|00000000||但我想聽聽你的意見。我該不該去？
    550177|00000000||等等。出發之前，我得先告訴妳一件事。
    550179|00000000||妳知道皇帝非常想找到妳嗎？
    550181|00000000||葉奈法有提過一些。
    550183|00000000||他要妳去見他。
    550185|00000000||為什麼現在跟我說這件事？
    550194|00000000||因為這可能是妳最後一次見到妳…父親的機會。
    550197|00000000||你覺得我應該去嗎？
    550163|00000000||我們得先去見皇帝。
    550162|00000000||來吧，我們邊走邊談。
    550135|00000000||希里，妳真的知道妳在做什麼嗎？
    550137|00000000||我知道，而且我非做不可。
    550138|00000000||妳知道妳在做什麼嗎？
    550141|00000000||為什麼妳會有這種想法？妳怎麼了？
    550143|00000000||我一定要幫維瑟米爾報仇。
    550145|00000000||女巫的夜會是絕佳的機會，伊勒瑞斯和他的同夥都會喝醉狂歡。他料不到會遭到攻擊。
    550123|00000000||我不知道，妳說吧。
    550125|00000000||伊勒瑞斯。
    550127|00000000||想對付他，沒有比這更好的機會了。
    550115|00000000||告訴我吧。
    549156|00000000||傑洛特！ 傑洛特！
    549157|00000000||醒醒！
    549160|00000000||什麼？怎麼了？
    549162|00000000||起床，該出發了。我已經備好馬匹了。
    549197|00000000||希里，太陽才剛要出來。妳想去哪裡？
    547528|00000000||到威倫的鮑爾德山。再過幾天就是女巫的夜會了。
    550114|00000000||猜猜看，是誰受邀為貴賓？
    529751|00000000||希里！快回去！
    529752|00000000||我不要！
    531828|00000000||傑洛特發送信號了！
    531830|00000000||我準備好了！
    543483|00000000||（咒語）Elli Abadabra Sani！
    543485|00000000||（咒語）Tetrah…Tetragh… Tetraglarie！
    543480|00000000||我看到了！掩護我！
    548151|00000000||哦，你別想跑！
    548152|00000000||你老啦！都瞄不準！
   1064962|00000000||哈哈哈！我要打敗你！
    548150|00000000||喂，你作弊！
    565655|00000000||我們人太少了。
    565707|00000000||沒錯，我們人數不多，卻擊退了狂獵的攻擊。但大家都知道那是奇蹟，下次就不會這麼幸運了。
    565709|00000000||抱歉，傑洛特，你這樣根本就是個無法走出悲痛而廢話連篇的男人。
    565711|00000000||看是要大醉一場，還是大睡一覺，怎樣都好…只要你能重新振作，想清楚接下來要怎麼做就好。
    565713|00000000||我會的，卓爾坦。
    565656|00000000||事情沒這麼簡單，我們沒辦法找到他們，他們卻能輕鬆找到我們，隨時隨地都可能出其不意突然現身。
    565654|00000000||沒這麼簡單。
    465924|00000000||來瞭解我的身體狀況嗎？我沒事，謝謝。
    524918|00000000||那就好。
    524919|00000000||唉，維瑟米爾的事真令人難過，我知道你們兩個感情很好。
    524920|00000000||謝謝你，確實如此。
    524925|00000000||聽著，我不是那種會在傷口上撒鹽的人，所以別誤會我的意思。不管你的決定是什麼，我都會助你一臂之力。但我自己的想法是，我們必須反擊。
    524926|00000000||我們要找到狂獵和艾瑞汀，然後要他們血債血還。
    572961|00000000||唉，我們都會想念他的。
    466174|00000000||上吧！
    466172|00000000||來啊！
    466170|00000000||守住！
    319846|00000000||我會盯緊他的。
    310326|00000000||我會盯緊雷索。
    319901|00000000||我保證我不會亂來。
    319903|00000000||如果你還要費心留意這個殺人兇手，怎麼能專心殺敵，這個弒王者到底為什麼對你這麼重要？
    319905|00000000||因為艾瑞汀也是個王啊，可不是？
    559318|00000000||去你們的。
    319848|00000000||這裡是我在發號施令。
    319959|00000000||這裡由我指揮，我來發號施令，大家應該都知道，戰場上是不容許有任何異議的。
    319961|00000000||你知道嗎，傑洛特？我過去做了那麼多有違意願的事情，都是因為我尊敬自己追隨的人，我真心信賴他們。
    319963|00000000||但是今天，在凱爾莫罕，是我第一次對領導者感到不服。
   1062868|00000000||我們會留下來幫忙，可是我們可不希望被他找麻煩。
    319887|00000000||為了救希里，我願意不惜一切代價。雷索之前和狂獵交過手，我們可以仰賴他的經驗。
    319889|00000000||我不是質疑他的能力，我是不相信他的人格。
    319891|00000000||雷索不會背叛我們。
    319893|00000000||你太天真了，一直都是這樣，平常我也就算了，但你這次搞不好會害死我和薇絲。
    559312|00000000||拜託你好好想想再決定，不然後果不堪設想。
    319844|00000000||你一定要諒解我。
    535946|00000000||久違了，老朋友。
    536191|00000000||這龜兒子在這裡做什麼？
    536194|00000000||我們需要他。
    559315|00000000||你也許忘了他以前做過什麼事，但我可還沒忘。
    535941|00000000||很高興見到你。
    535942|00000000||我本來打算自己過來，不過薇絲跟蹤我，堅持要一起來。
    536186|00000000||你竟然不找我幫忙，本來見到你時就應該和你算這筆帳的，不過我在路上已經拿羅契出過氣了。
   1061994|00000000||很高興見到妳們。
   1061992|00000000||真是的，很高興見到妳們
   1123852|00000000||不用…我們走吧。大家在等了。
   1123849|00000000||不用，我們走吧。
   1123855|00000000||只要你真的不介意的話…
   1123858|00000000||她似乎滿能接受的。
   1123860|00000000||或者只是想要我們這麼以為。
   1123863|00000000||你一陣子沒來了吧？
   1123865|00000000||很久了。客房呢？有什麼變化嗎？
   1123867|00000000||嗯，床…壞掉了。
   1123869|00000000||沒問題。我們睡在地板上就好了，鋪張毛皮然後…
   1123872|00000000||嗯哼。
   1123874|00000000||看來我們該走了。
   1123850|00000000||如果你真的不介意的話…
   1123843|00000000||你們想獨處一下嗎？
   1123846|00000000||抱歉，我們不是故意…
   1123848|00000000||我知道，我只是問個簡單的問題。你們想要獨處嗎？
    462992|00000000||很開心見到妳，特莉絲。
    522511|00000000||你謝葉奈法吧，是她邀請我來的。
    549984|00000000||晚點還有時間聊天，現在先進去開會。
   1123878|00000000||我…或許我該讓你們獨處一下。
   1123880|00000000||特莉絲，拜託…
   1123882|00000000||不會，你們肯定很想念彼此吧。晚個一分鐘也不會怎樣。
   1123889|00000000||好。一分鐘後馬上走，可以嗎？
   1123892|00000000||嗯…真有點尷尬…
   1123894|00000000||45秒。
   1123896|00000000||什麼？
   1123898|00000000||我們只剩45秒，現在是30秒了。接著我們就要跟狂獵開戰，所以拜託你善用這些時間。
   1123901|00000000||葉奈法，我很崇拜你。
   1123903|00000000||真沒創意，但夠誠實…
   1123906|00000000||該走了。
   1123884|00000000||好吧。一分鐘後馬上走。
   1123883|00000000||不行，我們最好快點走。
   1123886|00000000||不行，我們該走了。大家在等我們。
    522544|00000000||別在外面站著。
    520117|00000000||對，進去吧，我們該開會了。
   1061996|00000000||時間緊迫，狂獵很快就會追到了。
   1061993|00000000||狂獵很快就會來了。
    462983|00000000||沒必要待在外頭，進去吧。
    462858|00000000||你找來的幫手全到齊了，阿瓦拉克在塔樓裡面休息…他的狀況還是很差。
    522469|00000000||別激動，沒事沒事。
    522472|00000000||搞什…？
    522475|00000000||歡迎回來，孩子…
    522478|00000000||希里！
    522481|00000000||天哪，妳長成個大美人了呢。
    522484|00000000||別呆站在這兒了。走吧，去跟其他人打招呼吧。
    522486|00000000||所有人都沒變，大家都是…跟我印象中一模一樣。
    522488|00000000||什麼？
    549628|00000000||我親愛的小妹。
    522515|00000000||天氣越來越冷了，走吧，我們該開會了。
   1061976|00000000||葉奈法，妳最瞭解狂獵了。可以稍微介紹一下他們用的魔法嗎…？
   1061978|00000000||他們的導航員會打開傳送門，我們可以用反魔法金屬或魔法來抵擋這些裂縫。
   1061980|00000000||他們也會召喚冰霜，從傳送門的裂縫裡吹出暴風雪。
   1062794|00000000||我們人數不足，將會是場苦戰。
    466075|00000000||敵人越來越多！小心！
    466077|00000000||該死！
    466073|00000000||他們人太多了！
    572909|00000000||大家準備，另一波攻擊馬上就要開始了！
    572908|00000000||自己小心。
    572917|00000000||快把大門關上！
    572918|00000000||糟了，注意大門！快把大門關上！
   1074923|00000000||有大批敵軍從森林接近！
    577451|00000000||我們得把大門關起來，抵擋敵軍入侵。
   1074921|00000000||提高警覺！記得保護自己人！他們設法闖進來了！
    532804|00000000||去院子裡攔截他們！把大門關上！
    532922|00000000||蘭伯特，別逞英雄！
    532923|00000000||傑洛特，快去阻止蘭伯特！
    532951|00000000||我們必須撤退！葉奈法的法力開始消退了！
    532933|00000000||他們殺了他！媽的混蛋！
    562205|00000000||他們殺了蘭伯特！
    532946|00000000||蘭伯特，該死！回來啊！
   1074915|00000000||你們在森林裡還好嗎？
   1074919|00000000||我們封住了兩道裂縫，還碰上一名狂獵的隊長。
   1076913|00000000||準備好作戰了嗎？
    465103|00000000||我是天生戰士。
   1076911|00000000||開戰之後…絕對別逞英雄，好嗎？
    465101|00000000||我懂，這些可不是一般的妖靈。
   1062948|00000000||真是塊廢鐵，沒比維瑟米爾年輕到哪兒去。
    542145|00000000||修好了嗎？
   1076915|00000000||有進展嗎？
   1062950|00000000||我沒辦法讓它順利發射弩箭。我當上諾維格瑞教主的機率說不定修好它還高。
    321078|00000000||該死啊！真是好險！
    321080|00000000||繼續戰鬥。
    533060|00000000||撤退！從大門進來，撤回去庭院！
    533061|00000000||檢查中庭的通道！
    565503|00000000||一路順風。
    565515|00000000||好好照顧自己。
    565517|00000000||我一定要再說一次，謝謝你們。
    565505|00000000||你們要一起走嗎？
    565507|00000000||我有個主意，但這件事需要狩魔獵人的協助，蘭伯特已經同意要幫我了。
    565509|00000000||嗯，萬事順利，再次感謝。
    565511|00000000||我們扯平了。
    565502|00000000||一起走嗎？
    565523|00000000||我很高興能幫得上忙，但只要蘭伯特一好轉，我就會馬上離開。
    558916|00000000||謝謝你為我和希里做的一切。
    558917|00000000||要我說實話嗎？如果我知道今天會發生這些事，我當初怎麼樣也不會來凱爾莫罕。
    572963|00000000||節哀順變，傑洛特。
    572964|00000000||我現在什麼都不想說。
    566035|00000000||這牆是誰修的，也太爛了吧。
   1062930|00000000||你為何要讓瓦斯漏出來？
   1062932|00000000||瓦斯是要幹嘛用的？
   1062934|00000000||瓦斯很容易燃燒。我打算點燃瓦斯，把幾個狂獵騎士燒到升天。
   1062936|00000000||城牆不會被燒出洞吧？
   1062938|00000000||堡壘的牆壁原本狀況就糟了，再怎麼燒都不會比現在更慘。
    319685|00000000||我們不是水泥匠。
    319687|00000000||糟糕了，這樣我們是沒辦法把狂獵擋在堡壘之外的。
    319689|00000000||沒有堡壘也無妨，反正我們也不擅長突破重圍。
    319691|00000000||就直接在院子交戰吧。
    566036|00000000||築牆實在不是我們的專長。
    566037|00000000||我們應該把這些洞補起來。
    566055|00000000||或許我們還是可以把這些洞補起來？
    566057|00000000||我們已經有材料了。
    566059|00000000||如果你需要的話，我可以幫忙。
    566061|00000000||蘭伯特呢？
    566063|00000000||嗯，我想他應該不喜歡砌磚頭吧。
   1062927|00000000||沒想過瓦斯會臭成這樣。我們要警告其他人別拿著火焰走過這兒。
   1062929|00000000||接下來呢？
    465239|00000000||我想喝酒。
    551709|00000000||我也是，不過會議結束後還得幹活。
    541760|00000000||不錯不錯，你召集了一支挺像樣的團隊。
   1062924|00000000||（咒語）Anair, anadar, vallanda!
   1062914|00000000||我希望這瓦斯會有用。
   1062916|00000000||絕對有用，我們要選對時機點燃它。
   1062918|00000000||那個洞…永遠都不會消嗎？
   1062920|00000000||結束之後要擔心再擔心吧。退後吧，狩魔大師。
    550680|00000000||我不確定希里會同意。
    550695|00000000||希里還沒有同意。
    550750|00000000||沒有吧？
    550816|00000000||是嗎？
    550818|00000000||會有人不想當尼弗迦德皇帝嗎？
    550784|00000000||你能想像嗎？我以為只有醉得糊塗的吟遊詩人和詩人編得出這種故事。
    552371|00000000||這片大陸史上最強大的統治者之女，在父親取得最後勝利的前夕，回到他的身邊並繼承一切。
    550815|00000000||凡夫會有像崇拜公主般地崇拜這個故事。他們將歌頌她永恆的美麗、優雅，公主將是他們的…
    550776|00000000||確實如此。
    550749|00000000||確實如此。
    550747|00000000||當然，她很精明，不會在事成之前大肆宣揚。沒有人能抵擋王位的誘惑的。
    550681|00000000||當然。
    550694|00000000||說到這個，不知我們未來的統治者如何？我得承認，我很好奇當她聽到王位將會傳給她時會有什麼反應。我敢說她一定會感到非常高興。
    550752|00000000||話別說得太早。
    550664|00000000||是啊，一點也沒錯。
    547869|00000000||白狼！真高興見到你！
    550649|00000000||將軍，您好。
    550644|00000000||橫渡龐塔爾河時沒有遇到麻煩吧？
    547871|00000000||沒有。
    550652|00000000||我想你應該是從班葛林附近的淺灘過來的。
    550657|00000000||幸好你不是從林德過來。那裡情勢仍然動盪不安，拉多維德還在設法突破西部前線。
    550662|00000000||但是他不會成功的。在公主繼位為王、我們穩定這個地區之前，他都別想得逞。
    524739|00000000||（異族語）殺光他們！
    524776|00000000||（異族語）別讓他們逃了！
    524777|00000000||（異族語）攻擊！
    524775|00000000||（異族語）保持陣型！
    524355|00000000||不能再拖延了，和黑衣者的戰爭就要開始了。
    524360|00000000||我永遠支持你，別忘了，知道吧？
    524362|00000000||我知道，謝謝。
    565580|00000000||再會。
    566135|00000000||再會，哈爾瑪。
    524358|00000000||責任使然啊。
    524369|00000000||畢竟，傑洛特，你的朋友身為國王。不是每個人都能說這種話的。
    524471|00000000||無論是你或希里，還是你們兩個…只要你們需要幫忙，凱爾卓的大門永遠為你們而開。
    565588|00000000||謝謝，我會銘記在心的。
    565582|00000000||你要直接回去史凱利傑群島嗎？
    565579|00000000||你要直接回去史凱利傑群島嗎？
    321589|00000000||嘿。
    321591|00000000||維瑟米爾的事，我很遺憾。
    321593|00000000||謝謝你的幫助。
    524342|00000000||欠了人情總該還的。
    572962|00000000||可惜了，這麼勇敢的人。
    564544|00000000||我會銘記在心。
    564546|00000000||感謝，我會銘記在心。
    564548|00000000||我應該要再去看看受傷的同伴的，可是真的該上路了。我留了一些藥給你們。
    564550|00000000||保重身體，爾米亞。
    564552|00000000||我們下次再見。
    564554|00000000||其實我也不知道接下來該怎麼辦。
    564556|00000000||當你心中有疑惑的時候，跟著直覺走就對了。
    564558|00000000||就算直覺引領你走的路崎嶇難行，你也會走得安心自在，這才是最重要的。
    564560|00000000||很受用。
    564562|00000000||那還用說！我可是司祭啊，對吧？
    564564|00000000||我真的得啟程回去了，好好照顧自己和希里。
    564566|00000000||再次感謝你做的一切。
    564543|00000000||我不知道接下來該怎麼辦。
    321491|00000000||謝謝你。
    321493|00000000||謝什麼，她也曾幫助過我。我們這些老傢伙總是得守在孩子身邊保護他們。
    321495|00000000||你知道事情還沒結束吧？
    321497|00000000||我知道。
    321501|00000000||不管你接下來要做什麼，我們史凱利傑群島的人永遠願意為你挺身而出，有我、克拉奇和他的孩子…
    572957|00000000||真後悔自己從沒好好瞭解他。
    542689|00000000||情況不妙。
    564393|00000000||我該怎麼報答你們？
    564399|00000000||謝謝你們冒著生命危險來幫我，我該怎麼報答你們？
    564401|00000000||我們再想想吧，一定會想到的吧？
    564403|00000000||當然。
    564404|00000000||接下來怎麼打算？
    564405|00000000||我們會前往諾維格瑞，去打下一場仗。
    564406|00000000||想念我們的話，就來營地找我們。
    564395|00000000||感謝你們冒著生命危險前來相助。
    564397|00000000||好好照顧那女孩，別讓別人傷害她。
    564392|00000000||謝謝你們的幫忙。
   1071971|00000000||感覺如何？說來聽聽。
    321386|00000000||我總算是大開眼界了。
    321388|00000000||我還是無法相信這些經歷是真的。
    572958|00000000||太遺憾了。
    572959|00000000||唉。
   1076904|00000000||準備好了，佛倫。狂獵要來了。
    520063|00000000||摩霍格的妖靈算什麼？哈爾瑪和我以前料理過更難纏的傢伙。
    520062|00000000||所以終末之戰就要展開了。
    548042|00000000||傑洛特！走了！
    548044|00000000||我的女士，非常高興見到您。
    548052|00000000||彼此彼此。
    550579|00000000||我們該上路了。
    550600|00000000||真可惜妳不能留下來。希望我們改天能繼續聊聊。
    550602|00000000||我可不希望。
    575458|00000000||該死！
    575460|00000000||傑洛特！
   1061955|00000000||回去！
   1061957|00000000||（口哨）
    533413|00000000||你應該待在裡面，乖乖坐著的。
    533414|00000000||哎喲，那這樣誰來救你啊？
    533425|00000000||謝謝！
    533426|00000000||我們得幫他們開門！
    524548|00000000||你看到了嗎？
    524550|00000000||要開戰了。馬上前往樹林！
    533349|00000000||剛好趕上！
    575408|00000000||（長哨音）
    575412|00000000||看吧？我也會。
    533353|00000000||艾斯凱爾怎麼了？！我們必須撤退！
    533354|00000000||他有麻煩了！我要去幫他！
    562633|00000000||記得我給你的護身符！
    533350|00000000||還好嗎？
    533351|00000000||嗯，謝啦，還好有你…情況不太樂觀。
    533352|00000000||我們必須撤退，他們一直想要衝破大門，我怕他們下次就會得逞。
   1055661|6bf543da||麻雀
    533661|00000000||他們正從縫隙中穿過來！
    534386|00000000||用反魔法金屬炸彈。
    546099|00000000||牆邊的箱子裡面還有更多炸彈。
    321106|00000000||你不應該過來這裡的！
    321108|00000000||來不及啦。
    533655|00000000||艾斯凱爾已經把大門打開了！我們可以直接撤退！
    533656|00000000||撤退！
    465851|00000000||我難以想像沒有維瑟米爾在的凱爾莫罕。
    565472|00000000||我瞭解。
    565478|00000000||我瞭解。
    565480|00000000||我會去樓馬克碰碰運氣吧，有戰爭的地方就有工作，之後的日子就再說吧。
    565482|00000000||下次見。
    565484|00000000||再見，白狼。
    565474|00000000||兄弟，留下來吧，這裡是我們唯一的家。
    565476|00000000||聽著，傑洛特，這個家已經沒了。從今天的葬禮之後，這裡也跟著死去了，我們要接受事實。
    565153|00000000||留下來。
    524892|00000000||我很快就會前往山谷方向，找個地方過冬。
    465853|00000000||再也沒有回來這裡的理由了。
    465849|00000000||你有什麼打算？
    572942|00000000||再也沒有回來這裡的理由了，凱爾莫罕彷彿從今天起也跟著死去。
    466232|00000000||快來啊！
    466230|00000000||來抓我啊！
    466228|00000000||哈！
    466372|00000000||他們進院子裡了！
    466095|00000000||我的老天，你老娘生了幾個啊？
    466091|00000000||該死。
    466093|00000000||啊！
   1074926|00000000||那混帳想闖進來，快進去！
   1063029|00000000||以後如果你覺得我快把梅莉葛德惹毛了，記得提醒我一聲。
    520509|00000000||我不是不相信這個隱形魔法的效力，但我們最好還是離那些畜生遠點。
   1074961|00000000||她是我們的一份子，傑洛特。我們不可能眼睜睜看著他們把她帶走。
    464404|00000000||過來啊。
    464406|00000000||對，繼續走。
    464402|00000000||哈。
    558820|00000000||你太棒了。謝謝。
   1074929|00000000||他進來了！
    564505|00000000||接下來有什麼打算？
    564513|00000000||接下來有什麼打算？
    564515|00000000||可能會翻山越嶺去東方吧。
    564517|00000000||之後呢？就再說吧。
    564519|00000000||再會。
    564507|00000000||有考慮留在凱爾莫罕嗎？
    564509|00000000||太好了，那我留一段時間，等到我想清楚下一步再離開。
    564511|00000000||很好，就這麼做吧。
    564476|00000000||要留在凱爾莫罕嗎？
    321440|00000000||真是場硬仗。
    321442|00000000||我們挺過來了。
    564502|00000000||感謝前來相助。
    564504|00000000||不用客氣。
    572960|00000000||狩魔獵人沒有安然離世的命。
    550900|2b0e5344||尼弗迦德弄臣
   1063565|00000000||喂！妳作弊！
   1063567|00000000||膽小鬼！
   1063569|00000000||我們等著瞧！
   1063571|00000000||哈哈哈，來抓我啊！
    520100|00000000||可惜維吉和佛倫不在這裡。
    523431|00000000||感謝前來相助。
    520113|00000000||打從我們出娘胎起，就等著迎戰摩霍格的闇影。
    569882|00000000||我們既然能殺死巨人，就能殺死妖靈。
    569884|00000000||呸！
    523422|00000000||感謝前來相助。
    520101|00000000||我們怎麼可能會錯過這樣的盛會？門兒都沒有！
    549786|00000000||可惜佛倫不能和我們一起。
    523426|00000000||感謝前來相助。
    520110|00000000||我們怎麼可能會錯過這樣的盛會？門兒都沒有！
    520111|00000000||只是想到維吉不能和我們一起，不禁有點難過。
    541556|00000000||很高興見到你！
    531907|00000000||你覺得他死了嗎？
    531908|00000000||你說伊勒瑞斯？我也不知道。
   1063050|00000000||葉奈法的咒語在消退！暴風雪快吹到堡壘了！
   1063052|00000000||再跑快點，蘿蔔！
   1063054|00000000||別停下來！梅莉葛德會保護我們！
    524786|00000000||梅莉葛德怎麼了？！
    524787|00000000||糟了。
    523714|00000000||傑洛特！過來！
    523716|00000000||你看，他們的軍隊又重整了。
    523717|00000000||你看到指揮官了嗎？他叫伊勒瑞斯。我有印象他當初跟我一起在狂獵裡。
   1074756|00000000||可惡，咒語的法力在消退，我們要現身了。
    523723|00000000||我們要殺他嗎？
    562436|00000000||太冒險了。
    573029|00000000||扭扭捏捏的。
   1076921|00000000||羅契…
    572658|00000000||傑洛特，我現在不想跟你說話。
    546841|00000000||這算哪門子堡壘？這根本是廢墟，是我要怎麼鞏固防線？！
    575685|00000000||啊！
    575687|00000000||哼，史凱利傑的冬天更冷。
   1076919|00000000||爾米亞，有什麼建議嗎？
    520131|00000000||我們比武力絕對屈居下風，所以得靠智取。
    520130|00000000||我們必須鞏固防線。
    522824|00000000||敵人非常危險，而且我們掌握的敵情不多。
    554484|00000000||我要認真了 ！
    554485|00000000||妳會後悔的！
    554483|00000000||哦！丟得好！
    561026|00000000||希里的安危是最重要的。
    561028|00000000||別忘了，希里的安危是這場戰鬥中最重要的任務，狂獵的目標是她，我們一定要不惜一切代價保護她。
    561030|00000000||那我要做什麼？
    561032|00000000||妳待在這裡，如果他們攻破堡壘，就往裡面跑，我們全部的人都會來幫妳。
    566159|00000000||這是不可能發生的，我可以照顧自己。
    566160|00000000||這點我們都知道，孩子。但妳一定要記得，獵殺怪物時最重要的是什麼？
    566164|00000000||「等待時機。」
    566166|00000000||會議結束後，我會給妳一個護身符。當妳使用這個護身符時，馬上會有一團火球朝妳附近掉下來。以防萬一。
    566168|00000000||我們必須團結一致。
    566172|00000000||切記，我們的人不多，所以必須互相支援，團結一致。
    566174|00000000||萬一情勢不對，狂獵把我們節節逼退，我們就要馬上撤退，誓死守住堡壘大門。
    566176|00000000||內院是最後一道防線，如果守不住，我們就完了。
   1062490|00000000||去把大家叫來，該好好談談了。
    524316|00000000||感謝各位前來相助。
    549991|00000000||狂獵馬上就會追到這裡，他們要來抓希里。我們要盡全力阻止他們。
    524318|00000000||你怎麼知道狂獵一定會出現？
    535815|00000000||無論我傳送到哪裡，他們都會知道，而且他們還可以瞬間移動。
    550012|00000000||那我們有什麼計劃？
    561013|00000000||狂獵之王艾瑞汀自信十足，他一定會全力猛攻，希望能一舉把我們殲滅，我們必須主動出擊，先發制人，不能讓他的計謀得逞。
    561014|00000000||我會製造魔法屏障罩住堡壘，藉此打散他們陣型，迫使他們在樹林裡降落。
    561011|00000000||我們必須主動出擊。
    561012|00000000||我們每個人各司其職。
    561015|00000000||雖然我們人不多，但我相信在座的每一位。只要我們團結一心，就能集敗狂獵。
    561016|00000000||他們發動攻擊的時候，葉奈法會用魔法屏障把堡壘罩住，到時候狂獵就只能被迫在城牆外降落。
    561017|00000000||如果他們散落在樹林裡，我們就能打游擊戰，獵殺騎士散兵。
    561018|00000000||目前已經有一位勇士率先自願加入狩獵隊伍，我是第二位。
   1062847|00000000||算我一份。我一向認為攻擊是最好的防守。
    561023|00000000||狂獵一定會試圖透過導引傳送門穿越魔法屏障，我沒辦法解除這種魔法，所以你們在樹林裡獵殺的時候，必須尋找這些傳送門，能關多少就關多少。
    562123|00000000||蘭伯特會幫我們製作反魔法金屬炸彈，還記得方法嗎？
    562125|00000000||當然。
    562127|00000000||很好，亞登之印也能摧毀傳送門。我也會給你每人一個護身符，折成一半就能隱形，但是你們必須靜止或慢慢移動。動作太快、攻擊敵人、撞上敵人，就會被看到。
   1062897|00000000||除此之外，敵人聽得到你們的聲音和聞得到你的氣味。如果你們碰到大量敵人，不要逕自攻擊。給特莉絲信號，她會幫助你們。
    561024|00000000||我會注意你們的信號，一旦你們發送信號，我就會馬上火燒森林。
    561025|00000000||現在來討論計劃的其他部分。
    561033|00000000||我們還用得上什麼？
    520448|00000000||如果你們要在樹林裡埋伏攻擊狂獵，那我可以設置一些藍衣鐵衛風格的陷阱。
   1062493|00000000||意思是？
    520449|00000000||深不見底，底部全是尖銳的木樁。
    520435|00000000||我帶了瑪哈坎特調炸藥。這玩意跟乾硝石一樣易燃，而且一被黏上就甩不掉。
    545958|00000000||我們可以把火藥裝進木桶，設置在窄道裡，時機一到就點燃。
    520454|00000000||你們知道我們腳下蘊含著超大量的天然氣嗎嗎？
    545962|00000000||如果有必要，我可以鑿地製造大爆炸，不過我需要準備一下。
    520430|00000000||這裡有一間實驗室…還有一間工作室。
   1062888|00000000||記得清楚了，我們資源有限，時間更少。我們要盡快決定哪種武器對狂獵最有用。
   1062890|00000000||沒問題。我們要各把一種武器分配到實驗室和工作室。
   1062878|00000000||交給傑洛特決定吧。誰被分到實驗室，我就加入他的行列。我只要一點原料、燒瓶和火爐就好了。
    520452|00000000||我們解決了卡拉丁之後我做了點實驗，我想收個尾。
   1062859|00000000||我好像快研究出白色拉法達煎藥的加強配方了。
    520462|00000000||我們人不多，所以設的陷阱要越多越好。
    520456|00000000||狩魔獵人陷阱這主意太棒了。
    520455|00000000||藥水最實用。
    520463|00000000||我們一向很仰賴藥水，所以必須盡量製作多一點。
    577623|00000000||我們來討論一下工作室。
    589008|00000000||蘭伯特和傑洛特會在樹林裡待命，他們會利用反魔法金屬關閉航行師的傳送門，全力阻止戰士進入堡壘。
    561068|00000000||我們來談談可能會發生的情況。
    561071|00000000||要不要來談談可能會發生的情況…
    561073|00000000||不了，我沒興趣。你可以去和希里聊聊，她心情好像不錯。
    320912|00000000||這是你的藥水。
   1067621|00000000||我讓你們所有人都深陷危險，明明沒這個必要。
   1063130|00000000||你擔心太多了。別再愁眉苦臉了，我們肯定能獲勝的。
    572362|00000000||跟雷索一起出發吧。
    572392|00000000||你知道我對這件事的立場。
    311653|00000000||謝謝你所做的一切。
    320926|00000000||我會把馬匹備好。等你準備好進入樹林，就過來吧。
    320918|00000000||我擔心也情有可原，我們還缺隕鐵劍。
    320920|00000000||每個人都有份。這個是維瑟米爾為你準備的。
    562442|00000000||這把劍的刀刃由侏儒所鑄造，劍柄則是精靈的傑作，絕對削鐵如泥。
    320914|00000000||幫你製作了一種新藥水。強化過的白色拉法達煎藥，拿去。
    561069|00000000||準備妥當了嗎？
   1067619|00000000||我還沒什麼時間準備，老實說還差得遠咧。
    561067|00000000||準備得如何？
    320904|00000000||總覺得我們好像漏掉了什麼重要的環節。
    320910|00000000||別想了。
    520466|00000000||記住，不能讓艾瑞汀動到希里一根寒毛，這是最重要的任務。
    520467|00000000||我們來看看堡壘地圖，研擬一下細節。
    589009|00000000||特莉絲會等他們的信號，然後一舉送這些騎士上西天。
    589010|00000000||其他人要負責擊退衝破堡壘城牆的敵人。
    589464|00000000||萬一情勢不對，我們要棄守外院，全部撤退全力防守堡壘。
   1062844|00000000||蘭伯特、傑洛特和雷索會在樹林裡待命，他們會利用反魔法金屬關閉導航員的傳送門，全力阻止戰士進入堡壘。
    577675|00000000||我們再重複一次：葉奈法負責建立魔法屏障，抵擋敵人的主要攻擊。這樣應該能把敵軍逼到樹林裡。
    577572|00000000||很好，就這麼辦，我們時間不多，要趕快行動。
    577555|00000000||沒錯，開始幹活吧。
    577556|00000000||我想再做些更動。
    577583|00000000||嗯，不行，這樣行不通。
    577600|00000000||你想改什麼，白狼？
    577610|00000000||實驗室應該用在別的地方。
    577584|00000000||關於實驗室…
    577585|00000000||關於工作室…
    577635|00000000||工作室應該用在其他地方。
    577632|00000000||我們需要能刺穿狂獵盔甲的武器。我們來清理軍械庫裡的瓦礫吧。
    577627|00000000||來把軍械庫裡的瓦礫清掉吧。
    577626|00000000||修補牆壁。
    577630|00000000||我們必須先修補牆上的裂縫，這要使用整個工作室才能完成。
    577634|00000000||那實驗室呢？
    577607|00000000||我們人不多，所以設的陷阱要越多越好，我們要全力以赴。
    577604|00000000||狩魔獵人陷阱這主意太棒了。
    577603|00000000||藥水最實用。
    577602|00000000||我們一向很仰賴藥水，所以必須盡量製作多一點，這是我們最重要的裝備。
    577554|00000000||一切都準備好了？
    577482|00000000||我們沒什麼時間加強其他部分了。
    520465|00000000||我們來討論一下工作室。
    520445|00000000||我一直想把牆上的裂縫修補一下。但那些工具要拿去清理軍械庫的瓦礫。
   1076851|00000000||瓦礫…？
   1076853|00000000||你沒聽說嗎？屋頂幾年前塌了下來…裡面有些頂級好劍，我們可以拿來用。
   1076855|00000000||修補牆壁也很重要啊。如果他們從裂縫攻進來，圍城一眨眼就會結束了。
    520443|00000000||我們需要能刺穿狂獵盔甲的武器…來清軍械庫吧。
    520438|00000000||來清理軍械庫吧。
    520437|00000000||修補牆壁。
    520440|00000000||修補城牆裂縫是首要任務。
    520446|00000000||別忘了還有實驗室。
    520451|00000000||我已經開始製作藥水了，不介意的話，我想把工作完成。
   1062876|00000000||我可以製造更多狩魔獵人陷阱…但我需要實驗室的設備。
    520447|00000000||誰需要用到實驗室？
    520431|00000000||實驗室可以做什麼？
    520432|00000000||我們來討論一下工作室。
    520433|00000000||關於工作室大家有什麼想法？
    466202|00000000||守住！
    466206|00000000||殺死你們這群龜兒子！
    466204|00000000||再來啊！
    546067|00000000||希里！小心！
    564598|00000000||怎麼了？
    564600|00000000||怎麼了？
    564602|00000000||你真的不知道？
    564604|00000000||算了，我不想再繼續這愚蠢的對話了。
    564606|00000000||祝你早日康復。
    564608|00000000||讓我一個人靜一靜。
    564597|00000000||好好休息，早日康復。
    321510|00000000||你還好嗎？
    321512|00000000||別說了。
    321514|00000000||謝謝你所做的一切。
    321516|00000000||應該的。
    572967|00000000||謝謝你在戰場上的幫助。可惜，維瑟米爾就沒這麼幸運了。
   1076917|00000000||有場硬戰在等著我們。大家士氣如何？
    546839|00000000||還記得那次和他們在吊死者之樹交手嗎？
    549678|00000000||這次我們一樣可以把他們打得滿地找牙。
    522215|00000000||交叉射擊，還記得這老辦法嗎？
    524938|00000000||我們來看看這弩砲還能不能用。
    522532|00000000||把他們引進來，然後在牠們身上多打幾個洞。
   1074995|00000000||{Mae rhyvin in lenu! Unds sinhviro ie folt! } [有人靠近了！獵犬感應到了！]
   1074993|00000000||{Unds sinvir in riven! Arpha in barodd! } [獵犬感應到有人了！拿好武器！]
   1074999|00000000||{Enkillio. } [他們撤退了。]
   1075002|00000000||{Laet ihew! } [殺了他們！]
    466152|00000000||這群雜種來個沒完！
    466150|00000000||小心！
    466148|00000000||該死！
    550486|00000000||是因為希里，我們才來的。
    550491|00000000||希里想聽聽你有什麼話要說。
    550495|00000000||她會的。
    547575|00000000||我不是為了錢而做這件事。
    581817|00000000||我不是來拿獎賞的。你要我帶你的女兒來，我就把她給帶來了。
    581939|00000000||希里會聽你說話，聽完我們就走。
    581942|00000000||你確定嗎？
    581944|00000000||拿了錢以後就不用整天鑽進下水道、跟蹤怪物了噢。
    581946|00000000||我確定。
    581948|00000000||我能諒解。你為了榮耀感不願意拿金幣。
    581951|00000000||這樣的話，去馬廄裡拿匹尼弗迦德養的純正種馬吧。就把牠當作我的謝禮。
    581954|00000000||謝謝。
    550513|00000000||無意冒犯，但我想和我女兒談談。
    550557|00000000||先生，請跟我來。
    581800|00000000||謝謝。
    581803|00000000||傑洛特…
    581806|00000000||十...
   1069330|00000000||二十...
   1069332|00000000||三十...
    581809|00000000||四十...
   1069334|00000000||五十...
   1069336|00000000||六十...
    581811|00000000||七十...
   1069338|00000000||八十...
   1069340|00000000||九十...
    581814|00000000||…總共一百枚整。就這樣了，請在這兒簽名。
    547574|00000000||謝謝。我絕對比你更需要這些錢。
    550595|00000000||你的獎賞。
    550487|00000000||我總是信守承諾。
    550490|00000000||我也是。
    550485|00000000||我總是信守承諾。
    550471|00000000||皇帝陛下，利維亞的傑洛特和…
    550473|00000000||希里雅·菲奧娜·愛倫·瑞雅倫、辛特拉女王、 布魯吉公主暨索登女爵、大、小史凱利格島之繼承人、亞卓和亞伯·亞拉的領主。
    550477|00000000||妳要慢慢習慣這些稱號。不久以後，從尼弗迦德到巨龍山脈的所有人都會臣服於妳。
    550480|00000000||狩魔獵人，我沒想到你會信守承諾。
    466258|00000000||氣勢不錯！
    466256|00000000||交給我！
    466254|00000000||注意！
   1076933|00000000||狂獵很快就會來了。
    520067|00000000||現在我們只能靜待漢姆多爾的號角聲響起。
    520066|00000000||提德．德雷赫快來臨了，也就是最終紀元，時間的終點。
    566109|00000000||我會盯緊他的。
    566120|00000000||我會盯緊雷索。
    566122|00000000||我保證不會亂來。
    566124|00000000||狗屁，你滾開。
    566126|00000000||傑洛特，千萬不要輕忽這個問題。
    566111|00000000||我需要雷索。
    566113|00000000||我們也有自己的看法。
    566116|00000000||我需要大家團結起來抵禦狂獵的騎士，我不管你們喜不喜歡，都沒有眼下的危機重要。
    566118|00000000||你會後悔的。
    566071|00000000||我需要雷索。
    319746|00000000||你應該拒絕的。
    319748|00000000||這不關你的事。
    319750|00000000||不對，這和我跟他都有關，絕不能讓你伺機在戰場上偷襲我們。
    319752|00000000||怎麼了？
    319754|00000000||你為什麼要把他帶來？
    465214|00000000||想走的話現在還來得及。
    523502|00000000||我知道，但我不想走。
    465216|00000000||好好想想吧。
    465218|00000000||好，我獨處的時候比較能釐清思緒。
   1076923|00000000||我認得你的那個表情，在煩惱什麼嗎？
    465194|00000000||我們絕對不會放棄希里。
    465192|00000000||狂獵隨時都有可能出現。
    548632|00000000||嗯，我是不懂什麼香草布丁，但是蘭伯特的私釀好酒對我真的很有用。
    548634|00000000||反正也喝不死人吧，那就試試看吧…
    547453|00000000||放輕鬆，妳不用把每件事都做到完美。
    584090|00000000||嗯…有一種古老的方法…當初是巴爾敏傳給維瑟米爾，而維瑟米爾又教給我的…
    584092|00000000||不會是帶我到山上，逼我喝毒芹汁吧？
    584095|00000000||這方法史凱利傑的德魯伊用了好幾百年，屢試不爽…
    584098|00000000||嘿！
    584101|00000000||等著後悔吧！
    547454|00000000||我應該知有什麼可令妳提起精神。
    548521|00000000||完全沒有用，你看不出來嗎？
    547445|00000000||吉薇艾兒，妳才試八次妳就想放棄了？
    547447|00000000||我到底得試幾次？
    548524|00000000||直到成功為止。
    548535|00000000||可是我一點進展也沒有。
    547449|00000000||我們等等再談。
    547451|00000000||妳第一次接受試煉挑戰時也撐沒多久。
    581716|00000000||傑洛特，拜託。現在不是時候。
    548798|00000000||跟這個相比，試煉挑戰簡直就像在公園散步一樣輕鬆。但那不是重點。
    548627|00000000||那重點是什麼？
    548623|00000000||阿瓦拉克要我停止思考戰鬥的事，才會有成果。
    548625|00000000||但我現在就是沒辦法去想些小貓和香草布丁之類的東西。
    552141|00000000||告訴我，你是怎麼做到的？
    552146|00000000||什麼？
    552148|00000000||不管發生什麼事，你總是能振作、專注。
    543218|00000000||你是我永遠的好友，蘭伯特。
    543217|00000000||我會永遠記得你的諄諄教誨，也會把你做出的犧牲永遠放在心上。
    575404|00000000||小心上方！
   1076588|00000000||這是羅契挖的坑…真是太完美了。
   1076592|00000000||你在開玩笑吧？我們沒掉進去算幸運了。
   1076594|00000000||別緊張。羅契很擅長打這種仗。我們的重量不會掩護掉下去，但穿著全套鐵甲的狂獵騎士可不一樣了。
   1076897|00000000||希望你摔斷脖子，王八混帳！
   1076899|00000000||好。我們就把騎士給引過來看看吧。
   1076895|00000000||來實際試驗看看吧，把一個狂獵騎士給趕過來看看。
   1076941|00000000||很高興看到你心情好啊，卓爾坦。
    465186|00000000||小希里長得比我們還高囉！
    465184|00000000||看到你把她帶回來，我真的很高興。
   1076938|00000000||沒什麼問題吧？
   1062909|00000000||哼，這下連在這些桶子旁打噴嚏都得小心了。
    541507|00000000||你找到她了！太好了！
   1062905|00000000||他們跟我說狂獵在追她，那些幽靈可能會不請自來。
   1062907|00000000||所以我做了瑪哈坎特調炸藥。這東西一爆炸，威力可不得了。
   1075245|00000000||你把工具都帶來了嗎？
   1074867|00000000||我想說戰爭要開打了。劍要磨，胸板也要敲平。總會有這些需求。
   1074869|00000000||你想得沒錯。謝了，卓爾坦。
   1074871|00000000||我還想自己做些瑪哈坎特調炸藥。那玩意可容易爆炸囉，你只要瞪個一眼，它就會像屁一樣燒起來。在圍城的時候有用的咧。
   1074883|00000000||好啦。我們晚點再聊，卓爾坦。
   1074881|00000000||晚點再聊。
   1074880|00000000||可以幫我打造個東西嗎？
   1074891|00000000||可以幫我打造個東西嗎？
   1074893|00000000||當然了，只要你有藍圖就行。
   1074879|00000000||傑洛特，還好嗎？
    321094|00000000||艾斯凱爾人呢？
    321096|00000000||可惡。我原本叫他去開門的。
    321098|00000000||到現在還沒開好，表示…
    321100|00000000||他不會有事，我們現在要擔心的是特莉絲。
    311703|00000000||你喜歡嗎，混帳？哼？
   1076901|00000000||卓爾坦向你們問好，混帳！
    563002|00000000||看來我們別無選擇。
    563018|00000000||我實在信不過集會所的人，不過我們似乎別無選擇。
    563019|00000000||確實別無選擇。
    563163|00000000||你說得沒錯。
    563194|00000000||你說得沒錯。你今天已經證明可以自己照顧自己了。
    563327|00000000||拍拍別人的肩，然後以為事情就會順其自然解決，這樣是比面對現實容易多了。
    563329|00000000||吉薇艾兒擁有那麼強大的力量，自己卻無法控制，對她本身和別人而言都十分危險。在她學會駕馭這股力量之前，不可以讓她出去。
    563331|00000000||第一，你說的都是廢話。第二，如果你想講什麼關於勇氣的屁話，請直接告訴我，不要透過傑洛特。
    563332|00000000||我先走了。
    564205|00000000||讓她去吧。
    564211|00000000||希里需要時間。
    564213|00000000||沒錯，但她也需要訓練，她必須學會如何控制自己的能力。
    564215|00000000||真的有必要進行訓練嗎？
    564217|00000000||你自己也看到了，她的力量可能會是比狂獵更強大的威脅。
    564219|00000000||好吧，我們會在這裡多待一段時間，然後再去諾維格瑞找你和特莉絲。我們在丹德里恩的旅店會面。
    564220|00000000||走吧，葉奈法，我們越快啟程越好。
    564222|00000000||再見。
    564207|00000000||我還是去追她吧。
    564209|00000000||不用，她需要時間想想，她的悲傷要靠自己去克服。
    575276|00000000||然後我們必須盡快開始訓練她，讓她學會控制自己的能力。
    564204|00000000||我去追她。
    563195|00000000||你不能暴露行蹤。
    563197|00000000||難道我就只是一面高掛起來的軍旗，不准和敵人交手嗎？你們就是這樣對待我的。你們所有人都沒有勇氣去面對這個威脅！
    563198|00000000||我們必須殺了他們，否則我遲早也會沒命。
    563164|00000000||我們必須保護你。
    575167|00000000||我已經和大帝達成協議，他答應特赦集會所的人，讓她們可以在尼弗迦德尋求庇護。這就是我們的談判籌碼。
    563020|00000000||特莉絲，我今天就想啟程去找女術士，你可以幫我嗎？
    563021|00000000||沒問題，我還幫你想好了該從誰先找起。
    563158|00000000||可惡！
    563160|00000000||你們又來了，沒問過我的意思就擅自決定！我真的受夠了！
    563162|00000000||我不會像個…貨物一樣被你們搬來搬去！我不要再坐在那邊無所事事！我已經受夠無止盡的等待和躲藏了！
    563013|00000000||我不想讓集會所的人靠近希里，我實在無法相信那些女人。
    563015|00000000||那你說我們要怎麼做？孤軍奮戰，然後英勇卻毫無意義地戰死嗎？
    563017|00000000||不行，傑洛特，雖然我們從那場戰役中奇蹟生還，勉強算是戰勝，卻付出了極大代價。我們不能再打游擊戰了，這次必須正面對決。
    563001|00000000||我不想跟集會所扯上關係。
    563003|00000000||集會所已經四分五裂了。
    563005|00000000||集會所大部分的成員都死了，倖存的那些人都躲了起來。
    563007|00000000||菲麗芭．艾哈特、瑪格麗塔．露克斯安提爾和芙琳吉拉．薇歌應該還活著。
    563009|00000000||那法蘭茜絲卡和艾達呢？他們應該會同意吧？
    563011|00000000||我們應該可以說服她們。你要和凱拉單獨談談嗎？
    579417|00000000||能單獨談最好。
    535737|00000000||都還沒有機會和你說話，謝謝你的幫忙，也謝謝你照顧希里。
    534850|00000000||你晚點再謝我也不遲，現在最重要的是把希芮歐帶離這裡，把她藏好，然後再召集更強大的戰力。
    535739|00000000||可是，我們已經把所有信得過的人都找來凱爾莫罕了。
    535741|00000000||所以我們必須向敵人尋求援手。魔法是抵抗狂獵最好的方式，我們需要去找女術士，那群魔法的女大師。
    535743|00000000||你是說集會所？
    572977|00000000||吉薇艾兒可以駕馭巨大的力量，為什麼沒有人教她如何控制？
    579390|00000000||我們有教她。
    572978|00000000||顯然一點成效都沒有。
    579393|00000000||我很樂意和你討論這個問題，但現在不是好時機。
   1003639|00000000||穿梭不同世界的感覺如何？
   1003641|00000000||感覺…不錯。
   1003643|00000000||會很困難嗎？
   1003645|00000000||一開始有點難，但後來越來越自然，就像騎馬一樣。
   1003647|00000000||一定有很多法師想學會穿梭的方法。
   1003649|00000000||一定的…但是阿瓦拉克說他們知識不足、才能也不足。他花了四個世紀的時間研究，還是只能透過現有的傳送門穿梭。
   1003653|00000000||我想去哪兒就去哪兒，隨時都可以動身。
   1003636|00000000||穿梭不同世界的感覺如何？
   1127038|00000000||我臉上的印記很明顯嗎？難看嗎？
   1127041|00000000||嗯…一點，但你別為了這件事擔心。
   1127044|00000000||常常會有人盯著我臉頰上的疤痕看，我以前很討厭這樣。
   1127046|00000000||然後呢？
   1127048|00000000||後來我襯衫少扣一顆，問題就解決了。
   1127049|00000000||我臉上的印記看起來很醜嗎？
   1127066|00000000||不確定你聽說了沒，但…一切結束之後，我要去科維爾。
   1127068|00000000||跟特莉絲一起去？
   1127070|00000000||沒錯。
   1127072|00000000||那地方很有趣，說不定你會接到些稀有的雪怪委託。像是巴貝加奇、凡敵歌…或是…呃…阿馬洛克。
   1127074|00000000||或許我會收劍退休。
   1127076|00000000||她可以接受嗎？
   1127078|00000000||她可期待的呢。
   1127063|00000000||聽我說…事情結束之後，我要去科維爾。
   1127081|00000000||我…需要你的建議，跟葉奈法有關。
   1127083|00000000||很好，儘管問吧。
   1127086|00000000||其實…等到一切風平浪靜後，我打算帶她去其他地方。希望那裡夠漂亮…如詩如畫，好讓我們好好休息。
   1127088|00000000||你幾乎哪裡都去過，而且又很瞭解葉奈法。有什麼想法嗎？我在想史派拉，或者是多爾布雷坦納…？
   1127090|00000000||帶她去隨便一間路邊的旅店。先付清一個月的費用，在房門上刻「切勿打擾」，然後把門給關起來。
   1127092|00000000||就這樣？
   1127094|00000000||就這樣。
   1127064|00000000||我需要你的建議，跟葉奈法有關。
   1003655|00000000||艾瑞汀不斷找到妳的所在地，他是怎麼辦到的？
   1003573|00000000||我穿梭不同世界時，會產生震波，受過正當訓練的人都感應得到。至少阿瓦拉克是這麼說的，他也感應得到。
   1003666|00000000||所以妳其實不該用妳的力量…
   1003574|00000000||不是這樣的。我「旅行」的距離越長，震波就越強；如果距離短，震波幾乎感應不到。
   1003637|00000000||艾瑞汀是怎麼找到妳的？
    308532|00000000||我該走了。
   1003486|00000000||好，回頭見。
    308530|00000000||再見。
   1003482|00000000||妳回來之前去了哪裡？在幹嘛？
   1003394|00000000||妳在亞瓦隆島上跟我和葉奈法分開後…碰上了什麼事？妳怎麼了？
   1003395|00000000||我四處漫遊…穿梭時間、空間、不同世界…我見到玻璃屋，在世界的盡頭跟獨角獸賽跑，甚至還在海底王國住過一段時間。
   1003397|00000000||嗯…真自由。妳一向喜歡自由的生活。
   1003398|00000000||現在還是一樣。
   1003399|00000000||那妳怎麼會回來？
   1003400|00000000||我承受不了，幾乎快要沉迷在其中。一切都變成可能之後，感覺就沒那麼吸引人了。
   1062485|00000000||我以前好怕用這個來訓練。
   1062487|00000000||唉，搞得到處瘀傷…
   1003372|00000000||有空嗎？
   1003374|00000000||當然。
   1076931|00000000||你看起來心情似乎滿好的…
    465166|00000000||我們做得到的。
    465164|00000000||如果他們會流血，就表示可能也殺得死。
   1076929|00000000||維瑟米爾。
    541560|00000000||歡迎回家。
   1062943|00000000||我找到幾把舊劍，全是用隕鐵打造的。
   1062945|00000000||在你手中肯定能發揮作用，它們應該能刺穿狂獵騎士的裝甲。
    562491|00000000||我也想和他們打。
    562497|00000000||我不能眼睜睜看你們為我賣命卻坐視不管。
    562499|00000000||回去裡面！
    575678|00000000||（矮人語）該死的！
    562501|00000000||不！傑洛特已經從樹林發送信號了，特莉絲卻還沒施展魔法！
    562503|00000000||該死！快去找她！
    562493|00000000||我不能躲一輩子，我必須面對他們！
    562495|00000000||馬上回去裡面！
    562490|00000000||我必須自己面對他們。
    529468|00000000||妳應該要待在裡面的！
    529686|00000000||等一下，特莉絲！
   1077974|00000000||（咒語）Gvaed, gvaed uncym, cym’morth!
   1077970|00000000||{Emitting a mind-piercing, ear-bleed inducing shriek.}
   1077942|00000000||傑洛特…他在哪裡…？我們要…
   1077944|00000000||呃！
   1077946|00000000||這次你別想逃過我的手掌心！
   1077948|00000000||啊！！！
   1077950|00000000||伊勒瑞斯！
   1077952|00000000||快跑！
   1077954|00000000||她才不會拋下你。
   1077956|00000000||你們人類真是…不實際。
   1077958|00000000||希里！不要！
   1077960|00000000||不准！
   1077962|00000000||你小時候就不愛聽話。
   1077964|00000000||我就喜歡你的任性。
   1077966|00000000||翱翔吧。
   1077968|00000000||不！！！！！！！！！！
   1077938|00000000||快來！
   1077940|00000000||啊！
   1076935|00000000||可惡…跟龍作戰的時候我都沒那麼緊張。
    465190|00000000||只有我們兩人確切明白，我們不久後要面臨的敵人有多強大。
    465188|00000000||你曾經打敗過他們，我相信這次一定也沒問題。
    550425|00000000||等一下，我有事情忘了做。
    550427|00000000||快點。
    547548|00000000||等我一下。
    547547|00000000||好了。
    547554|00000000||我們走。
    550421|00000000||準備好了嗎？
    582097|00000000||呼，還真烈。
    548945|00000000||也許妳可以試試其他方法。
    548947|00000000||我們已經試過至少二十種方法了。
    548949|00000000||別想太多。妳並不需要精通每一件事情。
    549147|00000000||妳善於用劍，也是個優秀的弓箭手。魔法就留給法師去用吧。
    582102|00000000||好啦…再幫我倒一杯。
   1062964|00000000||手肘舉高點。
   1062966|00000000||已經夠高了。
   1062968|00000000||每次你放開繩子的時候都會往下掉。
   1062970|00000000||而且，射出燃燒物體的時候也要調整軌道。
   1062984|00000000||燃燒箭有什麼好的？
   1062986|00000000||可以把東西燒起來啊。
    463213|00000000||感謝兩位前來相助。
    524215|00000000||無需客套，對了，你好像忘了邀請我。
    524219|00000000||最好不要狡辯，傑洛特，薇絲整路都拿我出氣，現在氣就快消了。
    524221|00000000||我們真的就這麼點人嗎？
    561010|00000000||我們會四處看看，我得讓自己先熟悉戰場環境。
    561004|00000000||我們重質不重量。
    561006|00000000||但這是狩魔獵人的戰略，對於獵殺怪獸有用，卻不一定能在這種規模的戰場上奏效。
    561008|00000000||我希望你知道自己在做什麼。
    561002|00000000||沒錯，但我們會贏的。
    561001|00000000||沒錯。
    560998|00000000||沒錯。
    561000|00000000||我希望你知道自己在做什麼。
    542224|00000000||你來了。
    550634|00000000||他有什麼具體的提議嗎？
    547836|00000000||有，非常具體，而且非常荒謬。
    547842|00000000||抱歉。我不想講，現在不想。
    547843|00000000||我不會逼妳，等妳想說再說吧。我們走吧。
    547838|00000000||對了，剛剛那個獎賞是怎麼回事？
    547839|00000000||皇帝有很多財富，分一點給我們又不會怎樣。
    547840|00000000||難道從一開始，你就是為了這個？
    550609|00000000||當然不是。我一直都是為了妳，也只為了妳。
    581839|00000000||剛剛在裡頭你看起來倒是為了拿錢…
    550612|00000000||希里，我…
    581882|00000000||如果你不是為了錢，那你就不應該拿。
    550614|00000000||別說了。抵達威倫前，我就會釋懷了。
    547835|00000000||如何？
    550632|00000000||如果他以為可以收買我，那他就大錯特錯了。
    546415|00000000||傑洛特，擋住他們！
    546416|00000000||我必須施放一個生命之環！
    575674|00000000||（咒語）Azar！Anatha！Vellos！
   1075126|00000000||牆撐住了！哈爾瑪把裂縫封住了！
   1075307|00000000||幹得好！
    466366|00000000||那道牆擋住他們了！
   1063022|00000000||可惡的獵犬，早知道我們就把牆補起來了！
   1075121|00000000||哈爾瑪把傳送門封起來了！
   1075090|00000000||我們要把傳送門關起來！否則我們就沒命了！
   1075108|00000000||越來越多了！
   1075110|00000000||幫幫我！我在垂擺機附近！
   1075112|00000000||馬上過去！
   1075130|00000000||傑洛特！我撐不了多久了！
   1075132|00000000||他們從大門湧進庭院了！
   1075102|00000000||傑洛特！他們從薩佛拉的裂縫闖進來了！
   1075104|00000000||協助艾斯凱爾！大家快移動！
    565955|00000000||你救了我們。
    565974|00000000||如果不是你，我們大家全都活不了。
    565976|00000000||不，傑洛特，如果我沒有來凱爾莫罕，狂獵也不會來。
    465711|00000000||我們應該幫維瑟米爾辦喪禮。
    571205|00000000||你根本不明白我的感受，眼看著自己深愛的人…為了自己死去。
    571207|00000000||我們每個人都明白自己可能會有什麼下場。
    571209|00000000||對，你們這次救得了我，但還能保護我多久？一個星期？還是一個月？
    575122|00000000||我們會把你藏起來，掩護你的行蹤…
    575124|00000000||不要，我不想再逃了。
    571203|00000000||你不要自責，狩魔獵人沒有在床上安然辭世的命。
    565925|00000000||向我們的朋友致上最後的敬意。我們等等必須開會了。
    565922|00000000||向我們的朋友致上最後的敬意。我們等等必須開會了。
    535609|00000000||（古代語）再見了。
    535611|00000000||逝者已矣，生者如斯。各位請節哀。
    465713|00000000||我們要讓維瑟米爾和蘭伯特有尊嚴地離開，我們要幫他們籌辦喪禮。
    575112|00000000||不知道為什麼，我就是哭不出來…
    575101|00000000||我不怪任何人，我只是悲痛。
    535599|00000000||我差點就害死你…害死大家…
    465701|00000000||阿瓦拉克還有生命跡象，但很虛弱。特莉絲在照顧其他人。
    565918|00000000||蘭伯特…會死掉都是…因為我。
    535489|00000000||都是我…我來不及…救他。
    535491|00000000||這不是你的錯。
    535493|00000000||我根本就不應該逃到凱爾莫罕。
   1076888|00000000||他們到了…該去打招呼了。
   1076891|00000000||先慢著，出其不意最重要了。先躲起來，給特莉絲一個機會大顯身手，然後我們再出擊。
    543267|00000000||喔對了，這些炸彈做得很棒。
    543268|00000000||記得瞄準傳送門，一定要丟中喔，我已經把反魔法金屬用光了。
   1062886|00000000||葉奈法說過要朝裂縫施放亞登之印，法印可以封印傳送門。
    520505|00000000||結束後一定要好好謝謝葉奈法，這法咒太厲害了。
    561945|00000000||這個隱形魔法也真不賴。
    520508|00000000||他們的獵犬會嗅到你的味道，盡量不要靠牠們太近。你一開戰、透明效果就會消失，記清楚了。
    520507|00000000||他一向這麼多話嗎？
    573009|00000000||他緊張的時候就會這樣。
    543272|00000000||你是說梅利葛德可以召喚不止一群蝴蝶？
   1076894|00000000||不止這樣呢，等著瞧吧。
   1076879|00000000||艾斯凱爾。
   1076881|00000000||你好，白狼。
   1062956|00000000||我要安靜獨處，做好準備。
    465105|00000000||狂獵？那事情可精彩了。
    465107|00000000||很高興見到你。
    465097|00000000||還好嗎？喜歡凱爾莫罕嗎？
   1076909|00000000||比威倫還討我歡心，但這沒什麼難的。
   1076906|00000000||你一路上還好嗎？平安抵達這兒了吧？
    465099|00000000||我費盡千辛萬苦跋山涉水，總算是到了。
    542422|00000000||嗨，傑洛特。
   1062989|00000000||如果我今天不幸死了，那我也想死得漂亮點。
    573755|00000000||把這當自己家吧。
    573765|00000000||這裡是談不上舒適，不過你別拘謹，就把這當自己家吧。
    573757|00000000||我還以為你會早點到。
    573759|00000000||我本來是壓根就沒打算過來的，但最後還是掉頭了。
    573761|00000000||是什麼讓你改變心意的？
    573763|00000000||有時候女人不需要說明自己的決定，對女術士來說尤其如此。
    573754|00000000||我還以為你會早點到。
   1062992|00000000||在為了迎接狂獵而打扮嗎？
   1062994|00000000||女人打扮都是為了滿足自己。
    572599|00000000||很開心你來了。
    572600|00000000||真的很高興再見到你。
   1062997|00000000||別碰我的梳妝台！
    521492|00000000||是隻蟹蜘蛛。
    521493|00000000||我們必須把牠引誘過來。
   1063043|00000000||幫我顧一下，我放些鮮肉當誘餌。
   1063039|00000000||我前一陣子在這兒看到蟹蜘蛛的足跡。
   1063041|00000000||如果那怪獸還沒離開，我們可以去找找看，用牠來對付狂獵士兵。
    521435|00000000||看到這些傷口了嗎？
   1074969|00000000||看來那些蟹蜘蛛的故事可信度大增了。
   1063047|00000000||嘿嘿嘿。物競天擇。
    464415|00000000||我們的殺敵速度得再快一點。
    464411|00000000||（古代語）再見了！
    464413|00000000||身手不錯。
    466087|00000000||（古代語）吃屎吧你。
    466083|00000000||去你的。
    466085|00000000||他們人真多。
    520473|00000000||我愛極了這一刻。開戰前的氣氛，沒有什麼比這時候的空氣更清新的了。
