;meta[language=hu]
; id      |key(hex)|key(str)| text
    581146|00000000||Aaaaaa!
    581147|00000000||Kegyelem!
   1061012|00000000||Oldozz el! Gyorsan!
    581145|00000000||Segítség!
    581222|00000000||Köszönöm…
    584339|00000000||El kell látni a sebeid?
    581225|00000000||Elboldogulok.
    584342|00000000||A vadászok visszajöhetnek…
    584344|00000000||Nem várom meg itt őket.
    584346|00000000||Sok szerencsét.
    584348|00000000||Szükségem lesz rá.
    584658|00000000||Visszavonulás? De hát nem vesztettük el a háborút.
    584660|00000000||Csendet.
    584662|00000000||Egész Észak a lábunk előtt hevert. Mi történt?
    584712|00000000||Hallgass, mert még megvádolnak lázítással.
    580688|00000000||A redaniak nem sokára itt lesznek.
    577580|00000000||Most kell döntenünk. Ha a császár visszautasítja, valaki másnak kell megtennie.
    577582|00000000||Hogy merészelsz?!
    577589|00000000||Őfelsége csak egy kihűlt tetem lenne, ha az embereim nem állítják meg az orgyilkost tegnap éjjel.
    577591|00000000||És úgy véled, ez feljogosít arra, hogy arrogáns legyél?
    577593|00000000||Én úgy vélem, nagy esélye van, hogy újra próbálkoznak és nem lehetek benne biztos, hogy meg tudjuk állítani.
    577597|00000000||Mi van Novigrad főpapjával?
    577599|00000000||Mi lenne vele?
    577613|00000000||Nos jól megérdemelt pihenését tölti vagy egyenesen Darn Ruachba küldték?
    577615|00000000||Az ő korában egy ilyen út ellenjavallott volna. És költséges.
    577617|00000000||Mhm.
   1068673|00000000||Jól van. Menjünk.
    578175|00000000||Ezt ki tanította neked?
    553330|00000000||Vesemir. Nagyon régen.
    562382|00000000||Mennyire régen?
    553331|00000000||Nagyon. Amikor még azt akartam, hogy a nevem Geralt Roger Eric du Haute-Bellegarcie legyen.
    572394|00000000||Mi? Hahaha.
    578177|00000000||Este elmesélem.
   1068675|00000000||És amikor eltörted a lábad, miután fogadtál, hogy leugrasz Kaer Morhen tetejéről, és pont a lovadra érkezel?
   1068677|00000000||Hm, ezt egyáltalán honnan tudod?
   1068679|00000000||Eskel mesélte. De én tőled szeretném hallani. Biztos vagyok benne, hogy van rá ésszerű magyarázatod.
    584083|00000000||Friss nyom… A medálom remeg. Talán megpróbálhatnám…
    172329|52a3f146||Paraszt
    577437|00000000||Szenved…
    577438|00000000||Öreg nőstényfarkas…
    578820|00000000||De még küzd.
    578821|00000000||Tuggya, hogy e'pusztul.
   1030982|d9a6387b||Temeri katona
   1051892|00000000||Lábnyomok. Egy törpé…
    579138|00000000||Valaki vár rám.
    579129|00000000||Valaki vár rám.
    579130|00000000||Triss Merigold? Ne félj – nem akarom, hogy üldözzék.
    579126|00000000||Yennefernek szüksége van rám. Nem hagyhatom el.
    579127|00000000||Megértem.
    579897|00000000||Semmi köze hozzá.
    579901|00000000||Semmi köze hozzá. Többé már nem.
    580118|00000000||Hmmm.
    579142|00000000||Ön nem volt jó apa…
    579144|00000000||Felség, ön nem volt jó apa Ciri csak fenyegetést látott önben.
    580462|00000000||Még ha rám is bízott valamilyen üzenetet, kétlem, hogy felség hallani akarná azokat a szavakat.
    579145|00000000||Értem.
    579143|00000000||Önről nem szólt.
    579148|00000000||Önről nem beszélgettünk.
    580471|00000000||Értem.
    579135|00000000||Ha semmi más nincs…
    577341|00000000||Van. De elmehetsz.
    579136|00000000||Witcher. Nem akarlak viszontlátni. Soha többé.
    579146|00000000||Sajnálta, hogy nem volt esélye elbúcsúzni.
    579147|00000000||Ezt tényleg ő mondta?
    580421|00000000||Nem kellett neki. Békét akart, tudom.
    579141|00000000||Sajnálta, hogy nem tud elbúcsúzni.
    579140|00000000||Mondott Cirilla… Nem üzent semmit?
    579123|00000000||Sok munka vár egy witcherre a háború után. Keletre utazom, talán északra…
    579137|00000000||Van munkám a háború után.
    576114|00000000||Hol a holttest?
    576122|00000000||Kétlem, hogy valaha is megtalálnánk.
    577275|00000000||Ki tudja még?
    577277|00000000||Avallac'h, a tünde bölcs… De azt is kétlem, hogy őt megtalálnánk.
    579115|00000000||És Yennefer?
    576167|00000000||Úgy döntött Északon marad. Feltéve, ha őfelségének nincs kifogása.
    579116|00000000||Nincs. És te?
    573735|00000000||Beszélj.
    575807|00000000||Ciri halott.
    575833|00000000||Hogyan történt?
    576006|00000000||A Fehér fagy – ismeri a próféciát? Ciri megpróbálta megállítani. Sikerült, de nagy árat fizetett érte.
   1058925|00000000||Elég.
    582651|00000000||A törpök a csalitosban bujkálnak.
    582644|00000000||Hol vannak a törpök?
    583360|00000000||Törpök?
    583362|00000000||Nincs időm a kisded játékaidra. A parancsnoknak vissza kell kapnia az ellopott kelyhét.
    583364|00000000||A tolvajok – hol vannak? Beszélj, vagy…
    582653|00000000||Itt nincsenek törpök.
    582638|00000000||Itt nincsenek törpök.
    582645|00000000||Hol vannak a törpök?
    583424|00000000||Törpök?
    583425|00000000||Ne játssz velem, witcher. Ezek tolvajok, ellopták Lord Dagborg arany kelyhét.
    583437|00000000||Dagborg? Az meg ki?
    583438|00000000||Ennek a földnek az új kormányzója.
    583442|00000000||A kelyhet meg kell találni. Mondd el, mit tudsz, vagy kénytelenek leszünk kiszedni belőled.
    582654|00000000||Tudtam! Az Örök Tűz megjutalmaz. Kapjátok el őket!
    583472|00000000||El se hiszem! A rohadt kurva witcher!
    582656|00000000||Kösz, witcher. Kapjátok el őket!
    582655|00000000||Köszönöm, witcher. Kapjátok el őket!
    582641|00000000||A törpök a csalitosban vannak.
    583340|00000000||Fenyegetsz?
    583336|00000000||Fenyegetsz?
    583366|00000000||A witcher nem együttműködő. Kapjátok el.
    583358|00000000||Fenyegetsz?
    583445|00000000||Úgy látom, nem válaszolsz az udvarias kérdésre.
    583447|00000000||Fogjátok le!
    583348|00000000||Nem tetszik a stílusod, mutáns. Kényszerítesz, hogy megtanítsalak tisztelni azokat, akik az Örök Tüzet szolgálják?
    583350|00000000||Tégy egy próbát.
    583439|00000000||Fenyegetsz?
    582642|00000000||Itt nincsenek törpök.
    582661|00000000||Tehát azt mondod, ez a te táborod? Öt kupa, öt nyereg? Mind a tiéd?
    583410|00000000||Már követem ezeket a törpöket egy ideje. Úgy két napnyira járhatnak előttem. Eléggé sietősen hagyták itt ezt a táborhelyet, valami biztos megijesztette őket.
    583413|00000000||Miért vagy a nyomukban?
    583415|00000000||Loptak tőlem.
    583417|00000000||Okos kis rohadékok, hogy egy witchertől lopnak…
    583419|00000000||Mennünk kell. Ha elkapod őket… Áh, mindegy is. Holnap indulunk.
    582662|00000000||Szóval, azt mondod, ez a te táborod? Öt kupa, öt nyereg – mind a tiéd?
    583450|00000000||Már követem ezeket a törpöket egy ideje. Úgy két napnyira járhatnak előttem. Eléggé sietősen hagyták itt ezt a táborhelyet, valami biztos megijesztette őket.
    583452|00000000||Miért vagy a nyomukban?
    583454|00000000||Tőlem is loptak.
    583456|00000000||Loptak egy witchertől… ravasz kis seggdugók.
    583458|00000000||Tovább megyünk. Kapd el őket.
    583421|00000000||Úgy érted, ez a te táborod? Öt kupa, öt nyereg – mind a tiéd?
    582660|00000000||Már követem ezeket a törpöket egy ideje. Úgy két napnyira járhatnak előttem. Eléggé sietősen hagyták itt ezt a táborhelyet, valami biztos megijesztette őket.
    583344|00000000||Hm…
    583346|00000000||Talán hallottak Michelis atya haragjáról.
    583407|00000000||Menjünk. És te, mutáns – jobb, ha nem kerülsz az utunkba.
    582640|00000000||Itt nincsenek törpök.
    582639|00000000||A törpök a csalitosban vannak.
    582637|00000000||A törpök a csalitosban vannak.
    583321|00000000||Michelis atya? Az meg ki?
    583323|00000000||Ki ez a Michelis atya?
    583325|00000000||Utazó prédikátor, szent ember, akit maga a főpap kent fel. Már lelkek ezreit purgálta meg.
    583327|00000000||A, ööö, purgálás alatt azt értitek, hogy a máglya tüzével tisztította meg őket?
    583329|00000000||Tudsz más módot?
    582643|00000000||A törpök – hol vannak?
    583297|00000000||Törpök?
    583299|00000000||Ne tettesd magad hülyének. Tegnap óta a nyomukban vagyunk, miután ellopták Michelis atya arany kelyhét.
    583300|00000000||Bárki, aki segítséget nyújt bűnözőknek, az Örök Tűz Szent Törvényszéke előtt felel.
    170734|00017dcc||Fiú
   1061202|7baad1c6||Temeri katona
    583647|00000000||Egy witcher ezüstkard…
    583648|00000000||Tetszik?
    583649|00000000||Gyönyörű. Kipróbálhatom?
    583650|00000000||Ne itt. Hamarosan lesz rá bőven alkalmad, witcher.
    583651|00000000||Mi ez a felirat?
    583652|00000000||Régi witcher jelmondat. Valaha nekem is hasonló kardom volt. De ez jobb… Sokkal jobb.
   1077577|00000000||Akkor próbáljuk ki.
    583641|00000000||Egy witcher kard… Hűha.
    583642|00000000||Óóóóó.
    583643|00000000||Gyönyörű. Kipróbálhatom?
    583644|00000000||Ne itt. Hamarosan lesz rá bőven alkalmad, witcher.
    575132|00000000||Elvégezve?
    575133|00000000||Igen.
    576809|00000000||Elhitte?
    576811|00000000||Fogalmam sincs.
    576799|00000000||A kukorixért. És van új megbízásunk. Nem fizet sokat, de azt hiszem, megéri a fáradságot.
    576801|00000000||Elfoglalt voltál.
    583639|00000000||A tiéd.
    579151|00000000||Triss vár Ellanderben.
    579152|00000000||Két nap múlva találkozhatunk vele, ha sietünk.
    579149|00000000||Yen vár Ellanderben.
    579150|00000000||Két nap múlva találkozhatunk vele, ha sietünk.
   1077618|00000000||Vár az út, gyerünk.
    579054|00000000||Az Örök Tűz szolgálóit és őfelségét rágalmazta, ugye?
    579055|00000000||De még hogy!
    574781|00000000||A sógorom Nilfgaardi kémeket rejteget.
    582006|00000000||Hmmm…
    582008|00000000||Csak el ne mondja a húgomnak, hogy én szóltam, jól van?
    582010|00000000||A húga is nyilván benne van. Őt is bevisszük.
    582015|00000000||Ellenőriznünk kell az állításod.
    582025|00000000||Egen, egen.
    582027|00000000||Tudjuk, melyik az a ház, elmehetsz.
    582029|00000000||Hm, tuggya, hallottam, ahogy emlegetik a… hogy valami jutalom van ha beszélek… egy kis pénz…
    582031|00000000||Rosszul hallottad. Az új adókat említették.
    574783|00000000||Láttam, amit láttam. Egész télen a nilfgaardiakkal hetyegett.
    582046|00000000||Ciril is látta. Gyerünk, mond el nekik, Ciril.
    582043|00000000||Mhm.
    582072|00000000||Imádott nilfgaardi bálványokat és az isteneiket?
    582074|00000000||Azt meg honnét tudnám? Én rendes asszony vagyok.
    582076|00000000||Azt majd ő maga elmondja. Biztos megteszi, ha megszurkálják tüzes vassal.
    582047|00000000||A nilfgaardiak elmentek.
    582051|00000000||De ő itt maradt! Ki kellene penderítenünk innen!
    579073|00000000||Nincs rajta a listán. Mit tett? Pontosan.
    579075|00000000||Behízelegte magát nekik! Nekik dógozott! Ármánykodott! Cselszövött! A király ellen!
    579083|00000000||Pelko Sambor, ötven éves, két gyerek, egy rozsmező és egy kecske…?
    579084|00000000||Csináljanak, amit akarnak én csak úgy mondtam.
    579046|00000000||Igen, ahogy mondtam. A Feketéknek dolgozott. *Pfuj!*
    595889|83463c36||Páncélkovács segédje
    575034|00000000||Erre, uram! Ez ő!
    575055|00000000||Megtébolyodtál?
    575023|00000000||Rögvest tudtam, hogy nilfgaardiak! Kémek, úgy értem. Egy hónapja bujtatja őket.
    575025|00000000||Biztos?
    575026|00000000||Naná hogy – Skaro mindig is egy patkány vót. Eccer learatta magának az egész földem, a tolvaj. Megmutatom nektek, megmutatom, hol lakik. Gyertek!
    577991|00000000||Gyere. Mutatok valamit.
    572153|00000000||Mit ajánlasz?
    572421|00000000||Viszlát.
    572154|00000000||Ég veled.
    572152|00000000||Mit ittunk tegnap?
    572155|00000000||Mi volt, amit tegnap ittunk? Az égetett tölgyfaszesz utáni.
    572156|00000000||Saját háromszor párolt szilvapálinkám. Mindenki odavan érte, pedig csak nemrég vertem csapra a hordót.
    572644|00000000||Most még több pártfogód lesz.
    572647|00000000||Az igazat megvallva jó sok munkát adtok. De persze lesznek még többen is estére.
    572862|00000000||Fel nem foghatom, miért hagyta itt a régi fogadósné ezt az ivót, hogy Rustone-ba költözzön.
    572151|00000000||Sajnos kifogytam az aludttejből… Mármint ha zúg a fejed, vagy ilyesmi.
    577752|00000000||Hmm.
    577753|00000000||Pech.
    577751|00000000||Régi nyomok, de…
   1044165|002e13b4||Medve
    575125|00000000||Ezt a grófi dolgot csak kitalálod? Elég élénk képzelőerő olyan valakitől, aki józan.
    575503|00000000||Geralt is tanúsíthatja. Mondd csak meg neki – mindig is mondtam, hogy gróf vagyok.
    575505|00000000||Igaz. Mindig azt mondtad.
    575507|00000000||Csak éppen senki sem vette a fáradságot, hogy ellenőrizze, hehehe.
    575509|00000000||Mi ez a grófi dolog most nagy hirtelen?
    575527|00000000||Hát, amikor majd elhagyjuk ezt az istenek verte trágyadombot, azt tervezem, hogy visszakövetelem az örökségem – a címeket és a birtokokat, amelyek jog szerint engem illetnek.
    575588|00000000||És mihez kezdesz velük?
    575590|00000000||Van valami terved a földdel és a ranggal?
    575592|00000000||Birtokba veszem őket. Persze még itt van az utódlás kérdése is…
    575594|00000000||Valóban? Úgy érted, végül találtál egy olyan lányt, aki elég jó a nagy Dandelionhoz?
    575595|00000000||Kedves barátom és útitársam, miért tartozik szívem az egyetlen Priscillához, akit Calmonettaként is ismernek.
    575617|00000000||A szíved talán igaz… de a többi testrészed…
    575619|00000000||Visszautasítom e sértést! És emlékeztetnélek, hogy egy grófhoz beszélsz!
   1075523|00000000||Nem kell a grófnak felkapnia a vizet. Inkább mondd el, hogy van a kedvesed.
   1075532|00000000||Felépült, testileg teljesen egészséges, elméje pedig majdnem…
   1075534|00000000||Felépült? Miről maradtam le?
   1075536|00000000||Jó ég… Nem is hallottál róla.
   1075538|00000000||Megtámadták. Körülbelül akkor, mikor Novigradban voltál. A mocsok valami borzalmasan helybenhagyta.
   1075540|00000000||De mint mondtam, már jobban van. Újra elkezdett fellépni is. Az isteneknek hála.
   1075529|00000000||Nagyjából rendbe jött. Még énekelni is megint elkezdett. A hangja kissé mélyebb, reszelősebb… Igazából jobban is szól.
   1075546|00000000||Köszönöm, hogy akkor régen segítettél, Geralt. Sokat jelentett. Igazán.
   1075548|00000000||Mire valók a barátok…?
   1075542|00000000||Sajnos nem tudtam segíteni. Muszáj volt…
   1075544|00000000||Felejtsd el, Geralt. Megvolt, így alakult.
   1075550|00000000||Minden jót kívánok neki.
   1075552|00000000||Átadom, ne aggódj. Még egy csókot is átadok – kicsit tőled, de főképp tőlem!
    570444|00000000||Megyek vadászni.
    571969|00000000||Megyek nyúlra vadászni. Dandelion?
    571971|00000000||Jól esne egy kis nyúlragu. De hogy befagyjon a seggem, miközben a hozzávalókkal szarakodom? Abból nem kérek.
    571973|00000000||Én összegyűjtöm a fűszereket. Nincs igazi ragu napon szárított kakukkfű és egy kis rozmaring nélkül…
    571975|00000000||Ahem, a mező tele van rozmaringgal, ami virágzik, mintha mindjárt Yule lenne, nemdebár?
    571977|00000000||Na ezért gyűjtöm a fűszereket a konyhában.
    575654|00000000||Jól van, menj csak.
   1061558|00000000||Szívtelenek vagytok mind! Még a Feketék is több könyörületet mutattak!
   1061560|00000000||Oh, a Feketék sok mindent mutattak, lefogadom, tán még fizettek is érte, he? Láttam már rondább…
   1061562|00000000||Befelé asszony. Nem bölcs dolog veszekedést szítani.
   1061564|00000000||Hehehe.
   1061553|00000000||Két zsák árpa, egy zsák hajdina, három nem túl hízott tyúk és egy csontsovány kecske.
   1061702|00000000||Ennyi az összes?
   1061704|00000000||Igen, uram. Kétszer is átnéztem, hogy biztos legyek benne, nem dugtak el semmit.
   1061555|00000000||Akkor nézd meg harmadszor is. Kétszeres figyelemmel!
    574465|00000000||Aszongya, megégetik a boszorkákat.
    574466|00000000||És hol találnak boszorkákat errefelé?
    574485|00000000||Oh, ne aggódj, megoldják.
    584377|00000000||Ez Lord Dagborg, ki ez? Valami rokona annak a nemesnek, aki eddig itt volt?
    584379|00000000||Azt meg honnan tudjam?
    575975|00000000||Mit mond?
   1008572|00000000||Aszongya új adók lesznek.
    578012|00000000||Tényleg érdekel?
    578015|00000000||Valóban érdekel?
    578018|00000000||Nagyon is. Te magad mondtad – egy királyi griff ritka látvány.
    578020|00000000||Annyira nem ritka. Megkockáztatom, még néhányat meg kell ölnünk, mielőtt visszaérünk Kaer Morhenbe. De ha látni akarod a fészket, éppen a dombon van…
    578025|00000000||Gyere!
    578022|00000000||Össze kellene szednünk a hurkokat.
    578031|00000000||Mislaw begyűjti őket. És mi esetleg próbálhatnánk vadászni útközben.
    578065|00000000||Ma reggel még élet-halál kérdése volt a nyúlvadászat.
    578067|00000000||Igazából csak szerettem volna járni egyet veled.
    578069|00000000||Akkor menjünk. A griff fészke a dombtetőn van. Talán még a griff teteme is ott van.
    578071|00000000||Mmm, pompás!
    578011|00000000||Be kellene gyűjtenünk a csapdákat.
    577994|00000000||Nem akarsz már nyúlra vadászni?
    577996|00000000||Eh. Nem igazán.
    577998|00000000||Akkor mi lesz?
    578000|00000000||Semmi. Csak ülök és várok rád. Szép itt.
    578002|00000000||Várj csak, míg meglátod Dol Blathannát télen. És a Kék hegyeket.
    578010|00000000||Hamarosan keletnek indulunk, ahogy a hó elolvad. Azt hiszem, kicsit túl sokáig voltunk egy helyen…
    578004|00000000||Megígérted, hogy megmutatod nekem a griff fészkét, mielőtt elmegyünk. Nézzük meg most.
   1061583|00000000||Uram… A gabonám…
   1061585|00000000||Ne avatkozz bele. Katonai tevékenységet végzünk.
   1061726|00000000||Az én mezőmön? Az én gabonámban? Tudod mennyit ér az?
   1061587|00000000||Hát kiástunk egy láda nilfgaardi aranyat a határban. Fogadnál rá, hogy a gabonád többet ér?
   1061728|00000000||Namármost, ha eléggé alaposak vagyunk, talán találunk többet is. A te gabonád között…
   1061730|00000000||De…
   1061732|00000000||El innen! És maradj is a faluban. Majd váltanom kell veled egy-két szót.
   1061581|00000000||Mélyebbre! Ássatok mélyebbre!
   1061724|00000000||Minden egyes rögöt át kell rostálni, világos?! Minden kibaszott vakondtúrást!
    458124|f759b018||Nilfgaardi katona
    577129|00000000||Egy farkasember…
    552365|00000000||Brr, hideg van.
    563748|00000000||Gyerünk.
    579546|00000000||Hm?
    578145|00000000||Jó. Elég. Menjünk horgászni.
    578135|00000000||Ciri? Miről beszélsz?
    578138|00000000||Bocsánat. Csak… ez most nem a legjobb alkalom.
    578141|00000000||Vissza akarsz menni?
    578125|00000000||Mi van?
    577573|00000000||Ha csak egy hajszállal gyorsabb lett volna – csak ennyi hiányzott, hogy feltépje a vállad.
    577574|00000000||De nem volt és nem tette. Megöltük. Akkor most mi van?
    577575|00000000||Mérges vagy és ki akartad adni a dühöd. De ha óvatlan vagy, legközelebb…
    577576|00000000||Hát nem érted?! Nem lesz legközelebb!
    577680|00000000||Kitalálok valamit. Várj itt.
    577682|00000000||Bombákkal.
    577676|00000000||A francba…
    577677|00000000||Menjünk?
    577678|00000000||Nem. Semmiképp.
    578161|00000000||A tó biztos tele van sügérrel, dévérkeszeggel vagy ponttyal. Friss ponty – ahhoz mit szólnál?
    578165|00000000||Én nem bánnám, de ki akarjuk várni itt, amíg elmegy?
    578167|00000000||Nem, elijesztjük.
    578171|00000000||Hogyan?
   1061579|00000000||*Sóhajt* Szegény Milos.
   1061773|00000000||Nem látom okát, hogy sajnáljam. Nagyon összemelegedett a Feketékkel. Most megkapja.
   1061777|00000000||Hmm. Olyan furán nézett rám egy hónapja. Most mán tudom, miért.
   1061775|00000000||Nilfgaardi kincs! Nekünk meg egy mukkot sem szólt.
   1061779|00000000||Nagyon kíváncsi vagyok, hogy mit fognak kiásni.
   1061571|00000000||Láttad? Redaniak vannak Milos mezején – felássák az egészet?
   1061573|00000000||Most?! De hát elpusztítják az egész termést, letapossák a gabonát!
   1061575|00000000||Pfff, gabona! A népek aszongyák, a Feketék elástak ott valamit és ráparancsoltak Milosra, hogy vessen rá búzát, hogy elrejtse.
   1061769|00000000||Aaah!
   1061771|00000000||Na gyerünk. Nézzük meg, találtak-e valamit.
    575860|00000000||Ott, abban a kunyhóban!
    575853|00000000||Segíts, oldozz el…
   1059138|00000000||Állj meg uram! Könyörgök!
   1059141|00000000||Mi a gond?
   1059143|00000000||A katonák megkötözték őket! Ott! A kunyhóban!
   1062036|00000000||Kit kötöztek meg?
   1062038|00000000||A papámat! Meg Bogurt bácsit! És Klimkót! Segíts!
    578973|00000000||Talán hinnék neked, ha mutatnál egy monogramos pantallót.
    578986|00000000||Valószínűleg inkább azt mondanád, loptam.
    578988|00000000||Hehehe.
    578975|00000000||Seggfej.
    578978|00000000||Nem lenne valahol máshol dolgod?
    578980|00000000||Ühüm.
    578983|00000000||Na jó.
    579026|00000000||Hol találkoztok?
    579028|00000000||A vadászlaknál.
    579007|00000000||Talán hinnék neked, ha mutatnál egy monogramos pantallót.
    579009|00000000||Valószínűleg inkább azt mondanád, loptam.
    579011|00000000||Hehehe.
    579013|00000000||Seggfej.
    579016|00000000||Nem lenne valahol máshol dolgod?
    579018|00000000||Ott voltam.
    579021|00000000||Na jó.
    579030|00000000||Hol találkoztok?
    579032|00000000||A vadászlak közelében.
    579035|00000000||Hozhatok egy kört abból a kerítésszaggatóból, ami tegnap annyira bejött?
    579037|00000000||Nem, mennem kell. Megígértem, hogy a vadászlaknál leszek hajnal hasadtakor.
    579039|00000000||Aha, értem, nyúlvadászat.
    579041|00000000||Mhm.
    578990|00000000||Talán hinnék neked, ha mutatnál egy monogramos pantallót.
    578992|00000000||Hahaha. Valószínűleg inkább azt mondanád, loptam.
    578994|00000000||Hehehe.
    578996|00000000||Seggfej.
    578920|00000000||Örülök, hogy a lovat jó kezekben látom.
   1074799|00000000||A legjobb. A birtokosáé. Hiányzom, mi, Pengő? Hiányolsz?
   1074801|00000000||Bizonyára. Megbokrosodott, ahogy megérzett téged. Félrelökött az útból mindenkit.
   1074803|00000000||Öhm… És hallottál valakit utána szólni? „Turhás hónalj”, vagy ilyesféle?
   1075628|00000000||De akad itt valaki, aki igen furán káromkodik. A szomszédom, Mirko. Nála hagytam Pengőt, hogy gondozza, mikor elmentem… Meg kell látogatnom. Biztos aggódik.
   1075631|00000000||Tessék… Hálám jeléül. Amiért Pengő után szaladtál, hogy lásd, jól van-e.
    578904|00000000||Látom, a ló jó kezekben van.
    578951|00000000||A végén meg az az őrült Radovid győz. Az egyszerű katonák tuggyák, hogy nincs ki mind a négy kereke.
   1075606|00000000||De talán most fordulatot vesznek a dolgok. A népek szerint Dijkstra kancellár bölcs, ésszel kormányoz…
   1075608|00000000||Bölcs? A fortélyos talán pontosabb kifejezés.
    578953|00000000||De vajon mi vár otthon…?
    578955|00000000||Nem láttam, ahogy a császár elfoglalja Novigradot, de nem bánom. Gyönyörű város…
    578910|00000000||Soká voltál oda?
    578912|00000000||Nem egész egy évet. De sokkal többnek tűnik, annyit mondhatok.
    578924|00000000||Erőszakkal soroztak be?
    578914|00000000||Nem. Harcolni akartam. Aszittem, többet hozok haza néhány sebesülésnél.
    578922|00000000||De legalább világot láttam. Bazi nagy csatákat. Meg néhány híres generálist messziről. És egy rakás kurafit.
    578903|00000000||Soká voltál oda?
    578902|00000000||Melyik oldalon álltál?
    578906|00000000||Melyik oldalon harcoltál?
    578908|00000000||Mint legtöbben – a magamén. Küzdöttem a túlélésért.
    578918|00000000||A halál mindenütt egyforma – felzabálnak a férgek a redani sas alatt éppúgy, mint a császári nap alatt. Nincs abba' semmi dicsőség.
    578885|00000000||Nem hinném, hogy az a gebe megismerne, ennyi év után…
    578899|00000000||Okosak és ragaszkodók – kicsit, mint az emberek. Láttam katonát, aki megsiratta az elesett lovát…
    578901|00000000||De a visítozó asszonynép, meg a síró kölkök hidegen hagyták.
    578957|00000000||Aszongyák, a császár megmérgeztette a saját seregét. Ez a politika. Belefájdul az ember feje.
    582809|00000000||Oh, köszönjük, witcher. Montam a fiúknak odaát, hogy jó haver vagy és nem köllött vón elkötni azt a ladikot.
    583261|00000000||Úgy hallom befektetésben és vagyonkezelésben utaztok…
    583263|00000000||Aham, mozdítható vagyontárgyak befektetésében. Manapság nem tudhatod mikor…
    583265|00000000||Az a jó kis aranykehely még jól jöhet… értem.
    583267|00000000||Mit csináltok vele?
    583268|00000000||Há' má' nincs meg. Találtunk egy vevőt. Tüköry uraság, vagy hogyhíjják? Hülye neve van, de jól fizetett.
    583274|00000000||Megosztanánk veled, de tényleg, csakhát pont úgy nézel ki, mint aki helyteleníti a lopott szajréból származó bevételt.
    583276|00000000||Ühüm, pont olyan becsületes pofád van. De komolyan.
    583286|00000000||Nem akarom a pénzetek.
    583287|00000000||Na nézzék mán, hogy megsértődött! Még azt hihetné valaki, hogy valami pucér lányka képét mutogattuk neki.
    583290|00000000||A witchereknek megvan a hitvallása. Nem lehet csórni, nem lehet a lányok fenekét csipkedni és nem lehet utazókat buzerálni.
    583292|00000000||Néha kivételt teszünk. Különösen, ami az utazókat illeti.
    583294|00000000||Viszlát, witcher.
    583278|00000000||Ne aggódjatok. Nem akarom a pénzetek.
    583277|00000000||Ha ennyire akarjátok, elfogadom a pénzt.
    583279|00000000||Nem mondok nemet barátoknak. Tulajdonképpen örömmel elfogadok valamennyit abból a pénzből.
    583281|00000000||Witcher erkölcs. *Pfuj!* Egyre szarabb ez a világ.
    583284|00000000||Na legalább megfújtuk a ladikját.
    582142|00000000||Értünk jöttek! Bújjatok el!
   1059837|00000000||*Horkol horkant*… He?
    583252|00000000||Mi folyik itt?
    582143|00000000||Nem találkoztunk!
    583244|00000000||Hogyan keveredtetek ide?
    583246|00000000||Üzleti ügyek miatt kerültünk ide. Kemény idők járnak, tudod. Ott köll pénzt csinálni, ahol tudsz.
    583249|00000000||A népeknek errefelé földmérőkre van szüksége?
    583255|00000000||Profilt váltottunk. Most már befektetők vagyunk.
    583258|00000000||Befektetők?
    583179|00000000||Mit csináltok itt?
    583180|00000000||Elloptátok a csónakom.
    583184|00000000||Elloptátok a csónakom.
    583189|00000000||Kölcsönvettük. Tudtuk, hogy a tiéd volt, még most is az. Ne gondold, hogy ilyet teszünk egy ilyen jó haverral – ott hagyunk egy szál pöcsben, miközben a tivornyát hevered ki.
   1059839|00000000||*Horkol horkant*… Hm? Oh, az jó… Hehehe. *Horkant horkol*
    583192|00000000||Szóval akkor visszaadjátok a csónakom?
    583236|00000000||Mi a jó francnak kell neked egy csónak ebbe a csalitosba?
    583238|00000000||Jogos, felejtsétek el, hogy felhoztam a témát.
    583996|00000000||Rendben. Kifelé.
    583166|00000000||Milyen volt az út? Jó szél hozott?
    582136|00000000||Arra a lyukas teknőre gondolsz a Ködszigetről? Szerencséd, hogy te meg az a lány nem vótál benne velünk.
    583171|00000000||Amúccse férté' vóna belé. Annyira tökig volt pakolva, hogy alig bírtunk kikötni.
    583173|00000000||És bűzlött a hal ganéjtól.
   1059835|00000000||*Horkol*
    579282|00000000||Sosem játszottál velem lovacskásat Kaer Morhenben, emlékszel? Csak Vesemir volt hajlandó rá.
    579280|00000000||Ugh!
    579284|00000000||Mostanáig kellett várnod, hogy erre emlékeztess? Kicsit nehezebb lettél Kaer Morhen óta.
    579287|00000000||Hahaha.
    579289|00000000||Hahaha.
    579292|00000000||Ciri?
    579294|00000000||Vissza kellene mennünk.
    569886|00000000||Nagyon köszönöm! Egyedül sosem kaptam volna el.
   1074807|00000000||A turhás fülkagylóját! Ki ez? Hubrecht! Szóval emiatt volt Pengő olyan heves! Úgy hőkölt, mint akit bögöly csípett!
   1074809|00000000||Jó, hogy látlak, Mirko. Semmit se változtál. Fikarcnyit se.
   1074811|00000000||Kerülj beljebb. Dobd le a köpenyed, helyezkedj el a tűzhely mellett! Csak elkötöm Pengőt, és rögtön jövök a flaskával!
    578096|00000000||Elment.
    577477|00000000||Dühös volt, hogy várnia kellett?
    577478|00000000||Nem, akart egyet járni a mezőn. Elkészítette a szagálcát és beolajozta a farkascsapdákat egymaga.
    577479|00000000||Jó vadász lenne, nem?
    577480|00000000||Áhh. Túl türelmetlen fajta.
    578109|00000000||Szerintem megfogná a nyulat puszta kézzel, oszt betenné a csapdába, mert maguktól túl lassan sétálnak bele.
    577481|00000000||Hová ment?
    578103|00000000||Nem messze. Arrafele.
    578106|00000000||Viszlát.
    574033|00000000||Értetted?
    574039|00000000||Lehet a barátod, lehet a fivéred – nem érdekel.
    578814|00000000||A dezertőröket azonnal ki kell végezni. Tárgyalás nélkül.
    574037|00000000||A műtárgyak elrablása a templomokból vagy máshonnan, tilos. Minden esetet halálbüntetés sújt.
    578858|00000000||Minden ilyen tárgy hivatalosan elkoboztatik. Becsomagolják, lepecsételik és Nilfgaardba szállítják.
    578861|00000000||A jutalmak kiosztására ennek megfelelően kerül majd sor a visszatérésünkkor.
    172334|06c10782||Skelligi nő
    568547|00000000||Segítség!
    568544|00000000||Heeeejjj! A rohadt életbe! Jaj! A turhás fülkagylóját…
    595891|fbee3e23||Paraszt
   1061290|00000000||Két óra múlva menetelünk!
   1061734|00000000||Bárki, aki nem áll készen teljes menetfelszerelésben, dezertőrnek minősül.
   1061736|00000000||Ellustultatok szarzsákok, a temeri búzasört iszogatva!
   1061738|00000000||Majd én eszetekbe juttatom, mit jelent az, ha a császári sereg menetel!
    577221|00000000||Mit ártott neked a Fúria?
    577308|00000000||Ellopta a lányom medálját.
    577310|00000000||Fogadd meg a szavam. A Fúria küzdeni fog, mint a sebzett vad. Lehet, hogy megnyomorít, talán meg is öl…
    583061|00000000||Miért kockáztatsz? Keress a lánynak új medált. Idővel majd csak elfelejti.
    577312|00000000||Nem fogja. A lányom halott.
    577218|00000000||Jó.
    577223|00000000||Beszélj.
    577224|00000000||Van a közelben egy farkasalom. Kölykökkel. Vidd ki őket a mocsárból.
    577225|00000000||Miért?
    577226|00000000||Itt nem maradnak életben, vagy átalakulnak valami… gonosszá.
    578819|00000000||Megpróbálom.
    578948|00000000||Nem.
    577217|00000000||Nem.
    577141|00000000||Nincs. Hány embert öltél már meg? És hányat fogsz még megölni?
    577142|00000000||Nem tudom. Többnyire nem volt választásom. Kemény idők járnak.
    577143|00000000||Akkor ennyi volt.
    577182|00000000||Egy utolsó kívánság?
    577139|00000000||Nincs.
    577212|00000000||Van egy. Találd meg nekem a Fúriát. Vezess át a mocsáron hozzá.
    577213|00000000||És aztán?
    577214|00000000||Aztán meglátjuk.
    577215|00000000||Uh… Mit ártott neked a Fúria?
    577216|00000000||Ellopta a lányom medálját.
    577304|00000000||Ha megkérdezhetem… Miért kockáztatsz? A Fúria nem adja fel harc nélkül. Küzdeni fog, mint a sebzett vad. Lehet, hogy megnyomorít, talán meg is öl…
    583084|00000000||Keress a lánynak új medált. Idővel majd csak elfelejti.
    577305|00000000||Nem fogja. A lányom halott.
    577307|00000000||Menjünk.
    577140|00000000||Van egy.
    577130|00000000||Ki vagy te?
    577131|00000000||Tudod, ki vagyok. És hogy miért vagyok itt.
    577132|00000000||Igen. Nem kell, hogy… Már nem jelentek fenyegetést. Éhezem, mert a mocsár mérgező. Nincs erőm emberekre vadászni.
    577133|00000000||A Fúria idézett meg?
    577134|00000000||Álmomban… Valaha farkas álmaim voltak… Most éhségről, fájdalomról és vérről álmodom…
    577135|00000000||Hol a lány?
    577136|00000000||Ott… a mocsárban.
    577181|00000000||Nincs más módja?
    573702|00000000||Ez csak szóbeszéd. A császárnak semmi oka kifosztani Novigradot. Minta áttenné a pénzt egyik zsebéből a másikba.
    573703|00000000||Az apán azt mondja, van egy kincseskamra az Örök Tűz Temploma alatt. És a császár kiüríti, hogy zsoldosokat fogadjon fel.
    573704|00000000||Az más. A novigradi kereskedők nem hinném, hogy tiltakoznának, ha a császár szétkergeti a papokat a négy égtáj felé.
    516508|b0678eeb||Ló
   1061683|00000000||Minél messzebb kerülünk az Egyetlen Igaz Hit Szent Lángjától, annál nagyobb a sötétség és a babonaság.
   1061362|00000000||Itt vidéken még azt sem fogják fel, milyen gyakran káromolják a Szent Tüzet.
   1061684|00000000||Itt azért sokkal jobb. A novigradi eretnekek nagyon kiokosodtak.
   1061686|00000000||Mutasd meg nekik az izzó vasat, és a szukafattyak egyből behúznak az erkölcsi okfejtések útvesztőjébe.
   1061366|00000000||Én úgy látom, idekinn sokkal több az anyag a máglyákhoz. Jó helyre jöttünk, ahhoz kétség nem fér.
    577544|00000000||Ma gyakorolnunk kellett volna.
    577545|00000000||Aha.
    577546|00000000||Holnap napkeltekor?
   1068722|00000000||Keményen hajtasz, mint én tettem a régi szép időkben.
   1068724|00000000||Biztos van már egy ideje annak, hogy bárki is ráébresztett, mennyit kell még tanulnod.
    577547|00000000||Mhm.
   1068727|00000000||Ühüm. Már majdnem ott vagyunk.
    553394|00000000||Emlékszel, amikor az ingán tanítottál?
   1068716|00000000||Mennyire féltem, hogy sosem sikerül, de mégis megtiltottad, hogy feladjam?
   1068718|00000000||Gyakorlatilag egyfolytában kék-zöld voltam. Az az inga kész rémálom volt.
    553397|00000000||Hogy is felejthetném el?
    553398|00000000||Azok a hónapok Kaer Morhenben – olyan gyorsan elröppentek.
    562408|00000000||Bárcsak több időt töltöttünk volna együtt akkor.
    578869|00000000||Mi a neved, farkasember?
    578870|00000000||Berem.
    578871|00000000||Vezess a Fúriához, Berem.
    577227|00000000||Talán, valaha, más időkben… segítettem volna.
   1065298|00000000||Nem tudok ránézni… Meg kell halnod…
   1065300|00000000||Maradj ki ebből!
    579153|00000000||Egy kölyök él…
    579154|00000000||Gyerünk, nincs most erre idő.
    579155|00000000||Egyedül nem marad életben.
    579156|00000000||Vezess a Fúriához.
    578938|00000000||A közelben van. Valahol erre…
    578939|00000000||Térj vissza a farkas álmaidhoz, Berem. Mentsd meg a kölyköt. Menj el messzire. Találj magadnak egy farkasasszonyt. És élj.
    578940|00000000||Hadd segítsek.
    578941|00000000||Nem.
    578942|00000000||Emlékezz – úgy fog harcolni, mint a sebzett vad. Meg is ölhet.
    578943|00000000||Tudom. Most menj.
   1061689|00000000||Nem sokat beszélek a politikáról, mert nem értek hozzá. De mindent a maga idejében – neked ellátmány kell, mint mindig.
   1061691|00000000||Háromszázötven, háromhatvan…
   1061693|00000000||Ragadd meg őket az erszényüknél fogva és követni fognak, szívvel, lélekkel.
   1061695|00000000||Négyszáztíz, négyhúsz…
   1061697|00000000||A feketék elég sok mindent hátra hagytak. A láda, amit találtunk, az… mennyi is volt?
   1061699|00000000||Négyszáz… Nabazmeg, mondtam már! Mos' vagy én hagyom abba az ivást vagy te ne szakíccsá' má' félbe!
    583007|00000000||Felfal a kétségbeesés, mint férgek a dögöt.
    583009|00000000||A húsodat mérgek gyógyítják… édes a fájdalomtól.
    583011|00000000||Ő is szenvedett. Nyomorultul és egyedül, olyan egyedül…
    583013|00000000||Ez örökké kísérteni fog téged.
    579063|00000000||Már nem.
    582987|00000000||Meg akarsz halni, witcher? Véget akarsz vetni a szenvedésednek?
    578944|00000000||Megváltoztál. Szenvedsz.
    578946|00000000||A halált keresed, érzem. Ismerem az öngyilkosság leheletének illatát… Az ómenek nem hazudnak.
    578947|00000000||Az a kis ribanc, az átkozott vérével… Elpusztította a nővéreimet. Egyedül maradtam – te tetted ezt.
    584873|00000000||„A villám, ami átszakítja a sötétséget…”
    584867|00000000||„Dubhenn haern am glâdeal, morc'h am fhean aiesin.”
    584869|00000000||A villám, ami átszakítja a sötétséget, a fény, ami megtöri az éjt.
    584871|00000000||Pontosan.
    584855|00000000||Az Ősi Beszéd hagyományos rúnái. Semmi ciráda, egyszerű és pontos.
    584857|00000000||Szabad?
    584859|00000000||A tiéd. Ha ki karod próbálni… A szolgálóimmal kirakattam egy bábut.
    584861|00000000||Mhm. A fizetség – csak ékkövek, ahogy kérted.
    584863|00000000||Ha éppen munkát keresel, úgy hallottam, egy striga kószál a Maribor erdőben.
    584864|00000000||Köszönöm. Előbb el kell látogatnom a fogadóba, de aztán… ki tudja.
    584865|00000000||Sok sikert az utadon, witcher.
    584895|00000000||„Zireael.” Fecske.
    584872|00000000||„Zireael.”
    584875|00000000||Késtél.
    584877|00000000||Katonák…
    584879|00000000||…lezárták az utat, tudom. Nem számít. Nálad van?
    584881|00000000||Ahogy megbeszéltük.
    584883|00000000||Harmincnyolc és fél hüvelyk hosszú penge, épphogy kevesebbet nyom két és fél fontnál. Ezüst bevonatú, sziderites acél mag. Jelek és rúnák borítják a pengét végig és a markolatot.
    584885|00000000||Gyönyörű.
    584887|00000000||Három évtizede már benne vagyok a szakmában. Csak a legjobb kardforgatók engedhetik meg maguknak az árumat.
    584889|00000000||Ha azt mondom, nincs witcher, akinek valaha jobb fegyvere volt, akkor nem is túlzok.
    584891|00000000||A hírneved előtted jár, Ort mester. Sosem kételkedtem a szavadban.
    584893|00000000||A felirat, ahogy kérted…
    575206|00000000||Az öregem mindig jó volt hozzám. Érezte, hogy családosnak való ember vagyok, békeszerető… Jó természetű, akárcsak ő maga.
    575224|00000000||Sosem fordult volna meg a fejében, hogy kitagadjon, ha nem lett volna "a húgom", az a boszorka.
    575226|00000000||Mi is neved? Gróf Julian Alphonzo de hogyhíjják?
    575232|00000000||Julian Alfred Pankratz, Lettenhove vikomtja
    575233|00000000||Hehehehe.
    575234|00000000||Nem hiszel nekem? Na figyelj – rögtön lehervad ez a kételkedő fitymálás az arcodról, ha majd ellátogatunk a birtokaimra.
    575467|00000000||Hehehehe.
    577548|00000000||Óvatosan.
    577549|00000000||Ne most oktass ki.
    577550|00000000||Ciri, várj. Van valami a…
    577551|00000000||Igazán nem kell becserkészőst játszani.
    577552|00000000||Ciri!
    581646|00000000||Gyere szépen, add át őket és akkor lehet, hogy életben maradsz.
    581648|00000000||Ezt ő mondta?
    584960|00000000||Csak rajta! Kutassátok át a házat. Semmit és senkit se találtok.
    581649|00000000||Meglátjuk.
    576003|00000000||Kegyelem, uram…
    576004|00000000||Elég!
    584988|00000000||Én? Soha! Ezt ő mondta?
    581635|00000000||Gyere velünk.
    584991|00000000||Hehehe.
    584993|00000000||Te rohadék!
    585004|00000000||Vigyétek.
    575076|00000000||Azt mondják, nilfgaardi kémeket bujtatsz az otthonodban.
   1059136|00000000||Hej! Te ott! Kopj le! A király nevében!
    575878|00000000||Aszongyák a népek, hogy szentségtelen könyveid vannak.
    575867|00000000||Uram, d-de hát é-én még olvasni sem tudok.
    575879|00000000||Azt majd meglátjuk.
    575871|00000000||Minden istenekre esküszöm…
    575884|00000000||Aha! Istenkáromlás! Már egy ideje nem kötöttünk senkit a lovak mögé.
    575883|00000000||Kegyelem!
    575971|00000000||Kifelé.
    575986|00000000||Föl köll eztet takarítani.
    575987|00000000||És gyorsan.
    172316|3a2616f8||Boszorkányvadász
   1055084|06691856||Paraszt
    578825|00000000||Érzek egy farkast… és embereket.
    578826|00000000||Hányat?
    578827|00000000||Tízet, nem többet.
    578828|00000000||Maradj ki ebből.
    585744|00000000||Talán feltartották.
   1059036|00000000||Ort Mester!
   1061386|00000000||Hmm…
   1062260|00000000||Radovidnak számos hibája volt. Kegyetlen volt, lobbanékony és betegesen becsvágyó.
   1062262|00000000||Azonban egy taktikai zseni volt - ez kétségtelen. Ellensége súlyos számbeli fölényben volt a parancsnoksága alatt álló erőkhöz képest, mégis könnyedén legyőzte a délről érkező támadókat.
   1062264|00000000||A Redani Sas szárnya alá vette egész északot, beleértve Novigradot is.
   1062266|00000000||A harmadik északi háborúban két nagyszerű hadvezér nézett farkasszemet egymással: V. vagy más néven Zord Radovid, és Emhyr var Emreis.
   1062268|00000000||Mindkettő legyőzhetetlennek tűnt, ám mindkettő elbukott. A délről érkező nilfgaardi hódítót visszaverték a harcmezőn, míg az észak „legfőbb vezetője” orgyilkosok áldozata lett.
   1062270|00000000||A diadalmas Redaniában egy olyan ember vette kezébe a hatalom gyeplőjét, aki mindeddig az árnyak között tevékenykedett. Ez az ember Sigismund Dijkstra volt.
   1062254|00000000||A harmadik északi háború végén a déli hódító teljes diadalt aratott.
   1062256|00000000||Radovid taktikai zsenijének hiányában az északi királyságok képtelennek bizonyultak szembeszállni Emhyr megszámlálhatatlan légiójával.
   1062258|00000000||Novigrad és Redania felett fekete zászlókat lengetett a szél.
   1062273|00000000||Miután diadalt aratott a Nilfgaard elleni háborúban, Radovid úgy vélte, épp itt az ideje befejezni boszorkányvadászatát.
   1062275|00000000||Akárcsak korábban Novigradban, máglyák gyulladtak most Temeriában és Aedirnben, a redani uralkodó újonnan „felszabadított” területein. Az erkölcsi megújulás nevében ezrével ölték le az egyszerű füvesembereket, sámánokat, gyógyítókat és másfajúakat… ezeket az állítólagos eretnekeket.
   1062277|00000000||Sokak számára a szabadság Radovid jogara alatt tragikusabbnak bizonyult a szolgaságnál.
   1062279|00000000||Miután biztosan ült már a kancellári székben, Dijkstra a maga türelmesen cinikus és kegyetlen módján vezette a diadalmas északot.
   1062281|00000000||Jól tudta, a béke fenntartására csak úgy van lehetőség, ha felkészül a háborúra. Nilfgaard példáját követve betelepítés és iparosítás széles körű programjával óriási kiterjedésű területek fölött szilárdította meg hatalmát.
   1062283|00000000||Mindezt alattvalói javára… noha akaratuk ellenére.
   1062285|00000000||Emhyr var Emreis belefáradt a temeri gerillák rajtaütéseibe, és átengedte országukat, visszaállította a birodalom vazallusállamaként.
   1062287|00000000||A lázadók letették a fegyvert és a császár más harcterekre vezérelhette erőit.
   1062289|00000000||Így aztán Nilfgaard teljes győzelme révén kapták vissza a temeriek az országukat, miközben a történelem ismét bebizonyította, hogy nincs nála nagyobb szélhámos.
   1062291|00000000||Miután elbánt Radoviddal Emhyr var Emreis nekilátott, hogy belső ellenségeivel is ugyanezt tegye.
   1062293|00000000||A császárhoz hű kémek megnevezték mindazokat, akik összeesküvést szőttek ellene, legyenek kereskedők, katonák vagy arisztokraták.
   1062295|00000000||Habár lázadásuk sosem volt több homályos terveknél, a császár nem ismert kegyelmet. Szokásához híven.
   1062297|00000000||Míg Emhyr seregei egyik győzelmet aratták a másik után, a császár alattvalói határtalanul engedelmesek maradtak.
   1062299|00000000||Amikor egy sor szégyenletes vereség megfosztotta a tévedhetetlenség káprázatától, a – mindezidáig titokban létező – ellenzék támadásba lendült.
   1062301|00000000||A császár alattvalói, akik egykor ellenségei sírjain táncoltak, most a sajátját ásták meg és helyezték bele.
   1062303|00000000||Mialatt a kontinenst elborította a háború, Skellige virágzott Cerys felvilágosult uralma alatt.
   1062305|00000000||Elődeivel ellentétben az ifjú királynő nem fosztogatott külhoni partokat, hanem inkább saját népét tartotta szem előtt és saját országára volt gondja.
   1062307|00000000||A szigetlakó nemzet felvirágzott, ám ezzel együtt eltompultak egykorvolt agyarai.
   1062309|00000000||Noha a kontinensen lezárult a háború, Hjalmar nem volt hajlandó letenni a fegyvert.
   1062311|00000000||Az ifjú király megfogadta, tavaszról tavaszra végigfosztogatja, prédálja és perzseli a gyűlölt nilfgaardi birodalom partvidékét. Célja volt megtartani a szavát, még akkor is, ha ezért vérbe kell fojtania saját népét.
   1062313|00000000||Svanrige számos szigetlakó szemében báb volt, akinek becsvágyó anyja mozgatta a szálait. Ám az ifjú király rácáfolt erre a véleményre: anyja hóbortjaival mit sem törődve, függetlenül és saját erejéből fakadó vaskézzel uralkodott.
   1062315|00000000||Belefáradt a jarlok szűnni nem akaró civakodásába, ezért úgy határozott, a földrészen lévő államok mintájára abszolút monarchiát alakít ki a szigeteken.
   1062317|00000000||Ezt el is érte, de csakis országa számos lakójának vérét kiontva.
   1062319|00000000||Cirilla Fiona Ellen Riannon, Nilfgaard trónjának örököse úgy határozott, witcherként él és az Utat követi.
   1062321|00000000||Geralt megtanított neki mindent, amit tudott, minden ismeretet átadott, amivel csak rendelkezett, aztán mind a ketten elindultak, hogy járják a maguk útját.
   1062323|00000000||Hamarosan Yarugától Kovir hegyeiig elterjedt a híre a hamuszín hajú witcherlánynak és tetteinek…
   1062325|00000000||Éveken át tartó száműzetést követően tért vissza Ciri Nilfgaardba, és Emhyr felkészült arra, hogy őt nevezze meg utódának.
   1062327|00000000||A fiatal nőben megvolt minden, ami szükséges ehhez - ezt fontos kiemelni. Apjától megörökölte a császárnőhöz méltó politikai érzéket. Geralttól elsajátította az egyszerű, emberi tisztesség érzését.
   1062329|00000000||Ezek a tulajdonságok ritkán jelentkeznek együtt egy uralkodónál - ami bizonyos szempontból szégyenletes…
   1062331|00000000||Ami pedig Cirit illeti… Ezt nehéz megállapítani. Az undviki emlékezetes események óta senki nem találkozott vele.
   1062333|00000000||Ami aligha jelenti, hogy soha többé nem tér vissza.
   1062335|00000000||Bármennyire nehéz is lehet ezt elhinni, Geralt végre gyökeret vert, méghozzá a messzi Kovirban.
   1062337|00000000||Triss-szel otthont teremtettek: meleg és frissen sült süteményektől illatozó otthont. A vendégeket mindig napszaktól függetlenül örömmel látták.
   1062339|00000000||A witcher időről időre elvállalt egy-egy munkát, inkább szokásból, mint szükségből. Merthogy Kovir királyának varázsló tanácsadójaként Triss valóságos vagyonra tett szert.
   1062341|00000000||Kérdezhetitek, mi a helyzet Geralttal? Hát…
   1062343|00000000||Megmaradt a szakmájánál, máról holnapra élt, mindig úton volt, mindig pénztelenül.
   1062345|00000000||Időnként találkoztunk és felhajtottunk egy pohárka töményet, hogy felidézzük a régi időket és merengjünk azon, mi lehetett volna…
   1062347|00000000||Mialatt az uralkodók határokat és népességet mozgattak, a witcher és Yennefer visszavonult, csöndes, nyugodt életet folytattak minden politikai eseménytől távol.
   1062349|00000000||Reggelijüket jóval dél után fogyasztották el, legtöbbször az ágyban, és lusta sétákkal, hosszú beszélgetésekkel múlatták a napokat.
   1062351|00000000||Azt mondjátok, unalmas? Meglehet. De egyiküknek sem volt ennél nagyobb vágya.
   1052050|00000000||Witcher uram! Ide! Rengeteg kipróbálható penge, ha éppen azt keresel…?!
   1061302|00000000||Gyorsan, gyerünk azzal a kerékkel!
   1061741|00000000||Vagy te itt maradsz Radovid embereit köszönteni?!
    574752|00000000||Következő!
    574757|00000000||Jön még valaki?
   1062041|00000000||Mára ennyi! Oszolj!
    574758|00000000||Te! Igen, te.
    572807|00000000||Kövess.
    572810|00000000||Őcsászári felsége vár…
    595913|6b1268cb||Paraszt
   1051424|f11e033c||Fegyverkovács
    583129|00000000||Hej! Fogjátok le!
    583128|00000000||Így végzi minden áruló. Porig égetjük a lázadás írmagját.
    584088|00000000||Nézheted, messziről.
    171353|39b3095b||Redani katona
    577981|00000000||Régi witcher trükk a kemény telekre. Nem igazán kifinomult, de…
    577983|00000000||Hatékony.
    577985|00000000||Mhm. Ezt soha ne próbáld ki.
    577987|00000000||Akkor miért mutatod meg nekem?
    577989|00000000||Csak a biztonság kedvéért. Sosem lehet tudni, mi történik veled az úton, mi mentheti meg az életed.
    578288|00000000||De igen.
    578689|00000000||De kell.
    578692|00000000||Velem jöhetnél.
    578694|00000000||Nem, Ciri. Az nem én lennék, te is tudod.
    578696|00000000||Tudom, de azt hittem…
    578698|00000000||Döntöttél. Valaha régen én is döntöttem.
    578700|00000000||A háborúnak vége. Sok munkám lesz szörnyek levadászásával istenek háta mögötti falvakban.
    578703|00000000||Mikor indulsz?
    578709|00000000||Most.
    578764|00000000||Nem adnál legalább egy kis időt Yennefernek összepakolni?
    578711|00000000||Nem adnál legalább egy kis időt Trissnek összepakolni?
    578714|00000000||Akkor hát… *sír*
    578338|00000000||Persze, hogy nem.
    578347|00000000||Nem tudom, mikor látjuk újra egymást.
    578349|00000000||Tudod, hol találsz meg.
    578353|00000000||Nem ülhetsz állandóan Kaer Morhenben.
    578355|00000000||Mindegy. Akkor is megtalálsz.
    578375|00000000||Igaz.
    578361|00000000||Emlékezz, mire tanítottalak. Sose tudj – itt is hasznos lehet…
    578286|00000000||Persze, hogy nem.
    578248|00000000||Biztos, hogy ezt akarod?
    578258|00000000||Igen.
    578261|00000000||Nem próbálsz megállítani? Kényszeríteni, hogy elmenjünk a Kék hegyekhez?
    578775|00000000||Átutaztam a fél világot, hogy megtaláljalak, de sosem akarnék bármit rádkényszeríteni.
    578283|00000000||Tudom.
    578781|00000000||Rendben leszel, witcher vagy.
    578285|00000000||Nem kell búcsúzkodnunk.
    578219|00000000||Ezt akarod?
    578750|00000000||Ha arra gondolsz, hogy Yennefernek van valami köze ehhez, akkor a válaszom nem.
    578754|00000000||Remek. Tudja egyáltalán?
    578756|00000000||Nem. És nem is szeretném, ha ez alkalommal belekeveredne.
    578761|00000000||Akkor hagyom, hogy te mondd el neki.
    578752|00000000||Ha azt kérded, Emhyr megfenyegetett-e, hogy utánad küldi az Alba osztagot, ha nem egyezem bele, akkor a válaszom nem.
    578767|00000000||Akkor biztosan meggyőző levelet írt.
    578769|00000000||Igen, azt.
    578748|00000000||Egymagad döntöttél így?
    578739|00000000||Egymagad döntöttél így?
    578223|00000000||Megmondhattad volna.
    578221|00000000||Megmondhattad volna, szólhattál volna előre.
    578222|00000000||Akartam, de… Nem tudtam, hogyan. Itt boldog voltam. Attól féltem, elrontom. Azt akartam, hogy minden perc számítson.
    578777|00000000||Szóval akkor ott a fészekben – erről volt szó.
    578779|00000000||Nem akartam firtatni, nem akartam erőltetni, hogy elmondd. Azt hittem, van még időnk. Sokkal több időnk.
    578706|00000000||Értem jöttek, Geralt. Nilfgaardba megyek. Emhyrhez.
    578728|00000000||Tudom, hogy nem erre számítottál, de…
    578730|00000000||Vizimában beszéltem az apámmal… sokáig. Igazából vitatkoztunk, majd elváltunk. Aztán… jött egy futár és levelet hozott. Először nem mondtam semmit, mert nem voltam biztos a dolgomban, aztán…
    578738|00000000||Rádöbbentem, hogy nem menekülhetek örökké. Rájöttem, hogy ha bármit is meg akarok változtatni, azt nem szörnyek levadászásával fogom istenek háta mögötti falvakban. Onnan kell megtennem. Nilfgaardból.
    578687|00000000||Majdnem elfelejtettem, hogy ma van.
    574832|00000000||Mariella! Megvársz engem?
    574833|00000000||Igen.
    574827|00000000||Ezek csak szavak.
    574828|00000000||Visszajövök érted, ígérem!
    574830|00000000||Na ja, ha csak a felét betartottad volna annak, amit ígértél!
    582400|00000000||Visszajövök és elviszlek Nilfgaardba.
    582402|00000000||Úgy volt, hogy itt maradsz!
    175619|ea15b01b||Fogadós
    552440|00000000||Vadászaton, witcher uram? Aszittük mán legutóbb elpucoltad a bestiákat a környékről.
    552441|00000000||Ez alkalommal nyúlvadászat.
    552971|00000000||Aha, vagy úgy.
    552972|00000000||Tán átgyünnél mihozzánk vecsernyére? Verka pitét süt.
    552979|00000000||Hm, nem is tudom…
    552984|00000000||Ahogy óhajtod. Bármikor szívesen látunk.
    586286|00000000||Látod őket? A lakomára jöttek! És én feltálalom nekik a fájdalmad!
    586287|00000000||Jobb, ha visszamennek oda, ahonnan jöttek, ha kedves az életük. Érted jöttem.
    586288|00000000||Tudják, hogy nem kíméled őket… Witcher vagy, gyilkos. Vadászol és ölsz.
    586289|00000000||Többé nem zavar.
    586290|00000000||Tegyetek, amit akartok – most még elmehettek. Aki itt marad, meghal.
    586291|00000000||Öljétek meg!
    579064|00000000||Érzem a fájdalmad. Látom a félelmed…
    579065|00000000||Nézz magadra! Érzed a gyűlöletüket? Lemészároltad a fajtájukat egy maréknyi aranyért. Végignézik, ahogy szenvedsz, ahogy elveszítetd a karmaidat, farkas.
    579066|00000000||A jövendölések nem hazudnak… Ezt a harcot nem élheted túl.
    579067|00000000||Zireael halott. Semmi más csak egy kis fagyott holttest a jeges vadonban.
    579068|00000000||És te félsz… Érzed a félelmet.
    579069|00000000||Hazudsz. Én már semmit sem érzek többé.
    578824|00000000||Türelem, nővéreim. Érzem őt, közeleg. A tiétek lehet a lelke…
    578936|00000000||A fájdalma, a jeges gyötrelme a tiétek lesz. És belakmározhattok belőle.
    578937|00000000||Hamarosan nővéreim, hamarosan.
    578958|00000000||Gyere elő!
    576137|00000000||Vigyétek el az összes szemetet. Semmit se haggyatok itt, egy tetves rongyot se, halljátok?
    576139|00000000||*Pfuj!* Amúgy is nagytakarítást kell csinálni.
    576147|00000000||Nilfgaardi köcsögök.
    581876|00000000||Ez itt Temeria, értitek?
    581878|00000000||Majd meglátjuk, hogy meddig még.
    582555|00000000||Mahakamai érlelt mézsör. Vajon ezt hol nyúlták le?
    582569|00000000||Elég lenne a ragu egy hadseregnek.
    582586|00000000||Vajon elkapják őket?
    582538|00000000||Ehhez kell bátorság, ilyen közel táborozni az úthoz.
    582556|00000000||A kehely nincs itt.
    582557|00000000||Hm, úgy látom mostanában a mozdítható vagyontárgyakba fektetnek be.
    581194|00000000||Szemmelverés! Ő is a boszorkánnyal van – kapjátok el!
    581170|00000000||Ne engedjétek, hogy a boszorkány tisztátalan életet éljen, tisztítsátok meg a mocsoktól a legszentebb tűzzel…
    581188|00000000||Kussolj, boszorka!
   1068563|00000000||*Füttyent* Gyere már!
    578847|00000000||Ne akarjátok, hogy megöljelek benneteket.
    578850|00000000||Nyugalom. Nincs szükség a harcra.
    578851|00000000||Akkor menj. És a mocsár Asszonyát hagyd békén…
    578836|00000000||Jó, nem érdekel.
    578841|00000000||Igazad van.
    578842|00000000||Akkor kopj le. Zavarsz a szórakozásban.
    578843|00000000||[Megütöd.]
    578854|00000000||Már itt sem vagyok.
   1065296|00000000||Viszlát. Van még egy kis elintézendőm.
    578845|00000000||Már itt sem vagyok.
    578844|00000000||Engedjétek el a farkast.
    578863|00000000||Engedjétek el a farkast.
    578864|00000000||Még nem gyengűt le.
    578865|00000000||Tombol, mer' tuggya, hogy már úgyis döglött, csak még nem fogta föl.
    578866|00000000||Takarodjatok.
    578867|00000000||Mi van? Te tök hülye vagy? Ez a fenevad megölte a tehenünket és tovább fog vadászni. A rohadt állat! Ez a kibaszott ellenség! Vagy ő vagy mi!
    578868|00000000||Együttérzésem.
    578853|00000000||Engedjétek el a farkast.
    578852|00000000||[Megütöd.]
    578835|00000000||Engedjétek el a farkast.
    578848|00000000||Uhh…
    578849|00000000||Elevenen megnyúzunk, te rohadék!
    578846|00000000||[Megütöd.]
    578837|00000000||Hol a Fúria?
    578838|00000000||Húzzá innét, itt nem szeretjük az efféléket. Menj a vidékünkről.
    578839|00000000||Még nem. Hamarosan. De előbb a Fúria.
    578840|00000000||Egyedül vagy. Mi tízen és vannak kutyáink. Úgy akarod végezni, mint a nőstényfarkas?
    578834|00000000||Hol a Fúria?
    578829|00000000||Mit csináltok itt?
    578830|00000000||Egy nőstényfarkas vérengzett errefelé a napokban. Megölt egy tehenet, megsebzett egy embert. Úgyhogy csapdát állítottunk.
    578831|00000000||A hülye állatja pont belesétált az egyikbe, hehe. Ha szökni próbál, ráuszítjuk a kutyákat. Jó lesz csibészeltetni.
    578832|00000000||Mi történt a füleddel?
    578833|00000000||Mit számít az? Rohadtul semmi közöd hozzá.
    584284|00000000||Hajolj meg új urad előtt…
    584286|00000000||…és védelmezőnk.
    584253|00000000||A nemes Lord Dagborg átveszi ezt a földet, hogy dicső és igazságos ura legyen.
    584254|00000000||Adósságok, hitelek és jelzálogok bárki más felé felfüggesztetnek.
    574281|00000000||A háború komoly károkat okozott, amit helyre kell hozni. Ez okból kétszeres adót kell fizetni.
    574282|00000000||Mindenki, aki befizeti az összeget a kincstárnak, kötelezvényt kap azonos összegről.
    574278|00000000||Boszorkányok, sarlatánok, talizmánkereskedők és a mocskos másfajúak mostantól a törvényen kívül helyeztetnek.
    574279|00000000||Bárki, aki menedéket vagy más segítséget nyújt az efféléknek, az az Örök Tűz Szent Törvényszéke előtt felel és halálra ítéltetik.
    584266|00000000||Ammeg mit jelent?
    584268|00000000||Azt jelenti, hogy innentől Lord Dagborgnak fizeted az adót.
   1058998|00000000||Változások jönnek.
   1059080|00000000||Kell egy kis segítség? A szekérrel?
   1059082|00000000||Megoldjuk, ember.
   1059084|00000000||Köszönjük a figyelmességed.
   1059086|00000000||Egen, mer' nem igazán nézel ki bognárnak, az tuti.
   1059088|00000000||Kell egy kis segítség a szekeredhez?
   1059090|00000000||Azt hiszem, menni fog, heheh.
   1059092|00000000||Hah, úgy a', ammán bizonyos, hogy menni fog.
   1059094|00000000||Igaz, a hordók jó tele vannak, de hamarosan kiöntünk belőlük egy keveset.
   1059102|00000000||Igaz, kár is lenne tagadni.
   1059104|00000000||Nilfgaard menekül, pedig itt úgy tűnt, semmi sem ingatja meg őket.
   1059112|00000000||Még a borukat is hátra hagyták. Igazán nagylelkű tőlük.
   1059096|00000000||Már megszoktuk.
   1059098|00000000||Most, hogy a Feketék elmentek, jönnek a boszorkányvadászok. De az élet megy tovább. Meg kell ragadnunk a napot.
   1059100|00000000||Bizony úgy van! Munkára hát, mielőtt ránk esteledik!
   1059116|00000000||Mennem kell. Ég veletek.
   1059122|00000000||Ideje indulnom. Sok szerencsét nektek.
    584839|00000000||Sok szerencsét.
   1059013|00000000||Merre tartasz? Ahogy elnézlek, a legközelebbi fogadóba.
   1059114|00000000||Igen. Előbb találkoznom kell valakivel – a korábbi nilfgaardi táborhelyen. Vigyázzatok magatokra.
   1059118|00000000||Biztos, hogy nem kell segítség?
   1059120|00000000||Azt hiszem, boldogulunk magunk is.
   1059115|00000000||Biztos, hogy nem kell segítség?
   1059107|00000000||Ez az igazság.
   1059109|00000000||A nilfgaardiak elmenekültek, a redanok alig érkeztek meg, és a banditák megérezték az ürességet, lényegében szabad a pálya nekik.
   1059111|00000000||Alig jöttünk el, eltörött egy kerék és még láttuk, ahogy a lovak bevágtatnak az erdőbe.
   1059072|00000000||Kell egy segítő kéz a szekeredhez?
   1059074|00000000||Öööö… n-nem.
   1059076|00000000||Nem egészen a miénk, csak afféle elfogott jármű. Mondhatni zsákmányolt.
   1059078|00000000||Az emberek biztosan itt hagyták a rohanásban – de hogy hová rohantak, nem tudom. Kár lenne hagyni, hogy a Vörösök megszerezzék és kifosszák.
    590603|00000000||*Rágcsál, cuppogtat* Eh, ez keserű *Köp*
    590605|00000000||Üdv! *Szaglászik*
    590607|00000000||Mi újság?
    590609|00000000||Ha nem bírod a meleget, távozz a műhelyből!
    590619|00000000||Itt csak minőségi darabok vannak, semmi rozsdás ócskavas.
    590611|00000000||Minden ember a maga szerencséjének a kovácsa? Bah! Inkább az elbaltázója!
    590621|00000000||Ér az valamit? Mármint a fém a hátadon.
    590613|00000000||Netán verést akarsz?
    590615|00000000||És most? Hívjak segítséget?
    590617|00000000||Segítség! Ments meg!
    573535|00000000||Jelentést.
    573530|00000000||Kapitány!
    573536|00000000||A novigradi küldöttség fél napi útra van innen.
    573537|00000000||Nagyon sietnek…
    577531|00000000||Vissza az őrhelyedre.
    577533|00000000||Igen, uram.
    573538|00000000||A Negyedik ellátmányos szakasz… A Frundsberg hadosztály egésze… dezertált…
    573539|00000000||Voorhis tábornok tudja?
    577540|00000000||Eligazításon van, nem engednek be senkit…
    577542|00000000||Lehetetlenség. Menjen be és azonnal tegyen jelentést.
    581879|00000000||*Hapci!*
    581883|00000000||Basszus, a witcher!
    574700|00000000||A Feketék talán úgy gondolták, hogy örökre itt maradnak, he, he.
    584444|00000000||Nilfgaardiak, redaniak… Ugyanaz a szarság.
    574684|00000000||És még azt hittük, hogy a császáriak rosszak voltak…
   1061437|00000000||Ha mi nem lennénk, a Feketék ott ülnének egykedvűen – Yule idejéig vagy még tovább!
   1061439|00000000||Heeheeeheehee! Te egy hős vagy – az én hősöm! De jó nekem!
   1061711|00000000||Nevess csak, ha akasz, de nem a te Gordeked futamította meg és űzte ki a nilfgaardiaakt…
   1061713|00000000||Hahahaha!
   1061715|00000000||… lehet, hogy valami Cahir vagy Johann volt, aki elvitte a szüzességed!
   1061717|00000000||De te, te vártál rám, kicsi Manny, ugye?
   1061719|00000000||Vártam. Vártam!
   1061721|00000000||Hahahahaaa!
    577594|00000000||Viszünk Dandelionnak egy szép, kövér sügért, akkor talán elfelejti a nyúlragut.
    577595|00000000||Mhm.
   1068729|00000000||Szégyen, hogy nem jött el velünk.
   1068731|00000000||Hasznára vált volna egy kis megerőltetés.
   1068733|00000000||Mhm.
    578152|00000000||Itt talán nem annyira vastag a jég.
    578154|00000000||Uh-huh.
    578150|00000000||Pontosan hogyan is akarsz fogni bármit is?
    578157|00000000||Meglátod.
